run,distribution,mode,proxy_count,sample,ns,pairs
0,sparse,scalar_indirect,1024,0,59625,0
0,sparse,scalar_indirect,1024,1,60500,0
0,sparse,scalar_indirect,1024,2,59833,0
0,sparse,scalar_indirect,1024,3,59583,0
0,sparse,scalar_indirect,1024,4,59958,0
0,sparse,scalar_indirect,1024,5,59500,0
0,sparse,scalar_indirect,1024,6,59375,0
0,sparse,scalar_indirect,1024,7,60000,0
0,sparse,scalar_indirect,1024,8,60417,0
0,sparse,scalar_indirect,1024,9,60125,0
0,sparse,scalar_indirect,1024,10,60250,0
0,sparse,scalar_indirect,1024,11,59917,0
0,sparse,scalar_indirect,1024,12,60166,0
0,sparse,scalar_indirect,1024,13,59917,0
0,sparse,scalar_indirect,1024,14,59875,0
0,sparse,scalar_indirect,1024,15,60042,0
0,sparse,scalar_indirect,1024,16,59833,0
0,sparse,scalar_indirect,1024,17,59833,0
0,sparse,scalar_indirect,1024,18,59917,0
0,sparse,scalar_indirect,1024,19,59666,0
0,sparse,scalar_indirect,1024,20,59625,0
0,sparse,scalar_indirect,1024,21,59917,0
0,sparse,scalar_indirect,1024,22,59750,0
0,sparse,scalar_indirect,1024,23,60000,0
0,sparse,scalar_indirect,1024,24,59834,0
0,sparse,scalar_indirect,1024,25,59834,0
0,sparse,scalar_indirect,1024,26,59792,0
0,sparse,scalar_indirect,1024,27,59916,0
0,sparse,scalar_indirect,1024,28,59584,0
0,sparse,scalar_indirect,1024,29,59459,0
0,sparse,scalar_indirect,1024,30,59417,0
0,sparse,scalar_indirect,1024,31,59583,0
0,sparse,scalar_indirect,1024,32,59500,0
0,sparse,scalar_indirect,1024,33,59291,0
0,sparse,scalar_indirect,1024,34,59708,0
0,sparse,scalar_indirect,1024,35,64875,0
0,sparse,scalar_indirect,1024,36,59917,0
0,sparse,scalar_indirect,1024,37,59875,0
0,sparse,scalar_indirect,1024,38,59958,0
0,sparse,scalar_indirect,1024,39,59834,0
0,sparse,scalar_indirect,1024,40,59791,0
0,sparse,scalar_indirect,1024,41,59750,0
0,sparse,scalar_indirect,1024,42,59791,0
0,sparse,scalar_indirect,1024,43,59917,0
0,sparse,scalar_indirect,1024,44,59875,0
0,sparse,scalar_indirect,1024,45,59916,0
0,sparse,scalar_indirect,1024,46,59833,0
0,sparse,scalar_indirect,1024,47,59667,0
0,sparse,scalar_indirect,1024,48,59792,0
0,sparse,scalar_indirect,1024,49,59833,0
0,sparse,scalar_indirect,1024,50,59833,0
0,sparse,scalar_indirect,1024,51,59875,0
0,sparse,scalar_indirect,1024,52,59917,0
0,sparse,scalar_indirect,1024,53,59875,0
0,sparse,scalar_indirect,1024,54,59875,0
0,sparse,scalar_indirect,1024,55,59917,0
0,sparse,scalar_indirect,1024,56,59750,0
0,sparse,scalar_indirect,1024,57,59958,0
0,sparse,scalar_indirect,1024,58,59791,0
0,sparse,scalar_indirect,1024,59,59959,0
0,sparse,scalar_indirect,1024,60,60083,0
0,sparse,scalar_indirect,1024,61,59750,0
0,sparse,scalar_indirect,1024,62,59917,0
0,sparse,scalar_indirect,1024,63,60000,0
0,sparse,scalar_indirect,1024,64,59916,0
0,sparse,scalar_indirect,1024,65,60083,0
0,sparse,scalar_indirect,1024,66,60917,0
0,sparse,scalar_indirect,1024,67,60500,0
0,sparse,scalar_indirect,1024,68,56916,0
0,sparse,scalar_indirect,1024,69,52500,0
0,sparse,scalar_indirect,1024,70,52042,0
0,sparse,scalar_indirect,1024,71,52041,0
0,sparse,scalar_indirect,1024,72,51958,0
0,sparse,scalar_indirect,1024,73,52292,0
0,sparse,scalar_indirect,1024,74,52292,0
0,sparse,scalar_indirect,1024,75,52834,0
0,sparse,scalar_indirect,1024,76,52833,0
0,sparse,scalar_indirect,1024,77,52041,0
0,sparse,scalar_indirect,1024,78,52000,0
0,sparse,scalar_indirect,1024,79,52083,0
0,sparse,scalar_indirect,1024,80,51958,0
0,sparse,scalar_indirect,1024,81,52000,0
0,sparse,scalar_indirect,1024,82,52041,0
0,sparse,scalar_indirect,1024,83,52042,0
0,sparse,scalar_indirect,1024,84,52083,0
0,sparse,scalar_indirect,1024,85,54458,0
0,sparse,scalar_indirect,1024,86,52459,0
0,sparse,scalar_indirect,1024,87,52000,0
0,sparse,scalar_indirect,1024,88,52084,0
0,sparse,scalar_indirect,1024,89,52375,0
0,sparse,scalar_indirect,1024,90,55459,0
0,sparse,scalar_indirect,1024,91,54667,0
0,sparse,scalar_indirect,1024,92,52125,0
0,sparse,scalar_indirect,1024,93,52042,0
0,sparse,scalar_indirect,1024,94,52042,0
0,sparse,scalar_indirect,1024,95,52000,0
0,sparse,scalar_indirect,1024,96,52000,0
0,sparse,scalar_indirect,1024,97,52042,0
0,sparse,scalar_indirect,1024,98,52000,0
0,sparse,scalar_indirect,1024,99,52125,0
0,sparse,scalar_indirect,1024,100,52042,0
0,sparse,scalar_indirect,1024,101,52084,0
0,sparse,scalar_indirect,1024,102,52042,0
0,sparse,scalar_indirect,1024,103,52042,0
0,sparse,scalar_indirect,1024,104,54209,0
0,sparse,scalar_indirect,1024,105,55875,0
0,sparse,scalar_indirect,1024,106,51959,0
0,sparse,scalar_indirect,1024,107,52042,0
0,sparse,scalar_indirect,1024,108,52042,0
0,sparse,scalar_indirect,1024,109,52041,0
0,sparse,scalar_indirect,1024,110,52083,0
0,sparse,scalar_indirect,1024,111,52042,0
0,sparse,scalar_indirect,1024,112,52000,0
0,sparse,scalar_indirect,1024,113,52000,0
0,sparse,scalar_indirect,1024,114,52042,0
0,sparse,scalar_indirect,1024,115,52083,0
0,sparse,scalar_indirect,1024,116,52000,0
0,sparse,scalar_indirect,1024,117,52000,0
0,sparse,scalar_indirect,1024,118,52042,0
0,sparse,scalar_indirect,1024,119,52083,0
0,sparse,scalar_indirect,1024,120,52000,0
0,sparse,scalar_indirect,1024,121,52000,0
0,sparse,scalar_indirect,1024,122,52083,0
0,sparse,scalar_indirect,1024,123,52083,0
0,sparse,scalar_indirect,1024,124,52042,0
0,sparse,scalar_indirect,1024,125,52042,0
0,sparse,scalar_indirect,1024,126,52000,0
0,sparse,scalar_indirect,1024,127,52000,0
0,sparse,scalar_indirect,1024,128,52625,0
0,sparse,scalar_indirect,1024,129,56708,0
0,sparse,scalar_indirect,1024,130,58291,0
0,sparse,scalar_indirect,1024,131,52083,0
0,sparse,scalar_indirect,1024,132,52125,0
0,sparse,scalar_indirect,1024,133,52000,0
0,sparse,scalar_indirect,1024,134,52083,0
0,sparse,scalar_indirect,1024,135,52167,0
0,sparse,scalar_indirect,1024,136,53709,0
0,sparse,scalar_indirect,1024,137,54250,0
0,sparse,scalar_indirect,1024,138,52042,0
0,sparse,scalar_indirect,1024,139,52167,0
0,sparse,scalar_indirect,1024,140,52125,0
0,sparse,scalar_indirect,1024,141,56833,0
0,sparse,scalar_indirect,1024,142,53583,0
0,sparse,scalar_indirect,1024,143,52167,0
0,sparse,scalar_indirect,1024,144,51667,0
0,sparse,scalar_indirect,1024,145,46333,0
0,sparse,scalar_indirect,1024,146,46375,0
0,sparse,scalar_indirect,1024,147,46416,0
0,sparse,scalar_indirect,1024,148,46292,0
0,sparse,scalar_indirect,1024,149,47541,0
0,sparse,scalar_indirect,1024,150,55250,0
0,sparse,scalar_indirect,1024,151,46583,0
0,sparse,scalar_indirect,1024,152,48458,0
0,sparse,scalar_indirect,1024,153,47625,0
0,sparse,scalar_indirect,1024,154,48542,0
0,sparse,scalar_indirect,1024,155,51125,0
0,sparse,scalar_indirect,1024,156,46250,0
0,sparse,scalar_indirect,1024,157,46792,0
0,sparse,scalar_indirect,1024,158,46542,0
0,sparse,scalar_indirect,1024,159,46292,0
0,sparse,scalar_indirect,1024,160,46291,0
0,sparse,scalar_indirect,1024,161,46667,0
0,sparse,scalar_indirect,1024,162,46334,0
0,sparse,scalar_indirect,1024,163,46291,0
0,sparse,scalar_indirect,1024,164,46375,0
0,sparse,scalar_indirect,1024,165,46250,0
0,sparse,scalar_indirect,1024,166,46500,0
0,sparse,scalar_indirect,1024,167,48375,0
0,sparse,scalar_indirect,1024,168,50083,0
0,sparse,scalar_indirect,1024,169,53250,0
0,sparse,scalar_indirect,1024,170,53542,0
0,sparse,scalar_indirect,1024,171,46541,0
0,sparse,scalar_indirect,1024,172,48375,0
0,sparse,scalar_indirect,1024,173,48917,0
0,sparse,scalar_indirect,1024,174,46500,0
0,sparse,scalar_indirect,1024,175,48042,0
0,sparse,scalar_indirect,1024,176,51709,0
0,sparse,scalar_indirect,1024,177,46917,0
0,sparse,scalar_indirect,1024,178,48000,0
0,sparse,scalar_indirect,1024,179,47166,0
0,sparse,scalar_indirect,1024,180,46459,0
0,sparse,scalar_indirect,1024,181,47250,0
0,sparse,scalar_indirect,1024,182,46375,0
0,sparse,scalar_indirect,1024,183,46292,0
0,sparse,scalar_indirect,1024,184,87167,0
0,sparse,scalar_indirect,1024,185,109000,0
0,sparse,scalar_indirect,1024,186,69208,0
0,sparse,scalar_indirect,1024,187,53167,0
0,sparse,scalar_indirect,1024,188,50250,0
0,sparse,scalar_indirect,1024,189,47583,0
0,sparse,scalar_indirect,1024,190,47250,0
0,sparse,scalar_indirect,1024,191,47125,0
0,sparse,scalar_indirect,1024,192,47500,0
0,sparse,scalar_indirect,1024,193,47500,0
0,sparse,scalar_indirect,1024,194,47541,0
0,sparse,scalar_indirect,1024,195,47459,0
0,sparse,scalar_indirect,1024,196,47500,0
0,sparse,scalar_indirect,1024,197,47417,0
0,sparse,scalar_indirect,1024,198,47334,0
0,sparse,scalar_indirect,1024,199,47459,0
0,sparse,scalar_indirect,1024,200,47417,0
0,sparse,scalar_indirect,1024,201,47375,0
0,sparse,scalar_indirect,1024,202,47417,0
0,sparse,scalar_indirect,1024,203,47458,0
0,sparse,scalar_indirect,1024,204,47667,0
0,sparse,scalar_indirect,1024,205,47375,0
0,sparse,scalar_indirect,1024,206,47375,0
0,sparse,scalar_indirect,1024,207,47458,0
0,sparse,scalar_indirect,1024,208,47500,0
0,sparse,scalar_indirect,1024,209,47375,0
0,sparse,scalar_indirect,1024,210,47458,0
0,sparse,scalar_indirect,1024,211,47416,0
0,sparse,scalar_indirect,1024,212,47417,0
0,sparse,scalar_indirect,1024,213,47417,0
0,sparse,scalar_indirect,1024,214,47541,0
0,sparse,scalar_indirect,1024,215,47417,0
0,sparse,scalar_indirect,1024,216,47542,0
0,sparse,scalar_indirect,1024,217,47500,0
0,sparse,scalar_indirect,1024,218,47334,0
0,sparse,scalar_indirect,1024,219,47459,0
0,sparse,scalar_indirect,1024,220,47459,0
0,sparse,scalar_indirect,1024,221,47542,0
0,sparse,scalar_indirect,1024,222,47500,0
0,sparse,scalar_indirect,1024,223,47542,0
0,sparse,scalar_indirect,1024,224,47541,0
0,sparse,scalar_indirect,1024,225,47458,0
0,sparse,scalar_indirect,1024,226,47375,0
0,sparse,scalar_indirect,1024,227,47375,0
0,sparse,scalar_indirect,1024,228,47459,0
0,sparse,scalar_indirect,1024,229,47375,0
0,sparse,scalar_indirect,1024,230,47417,0
0,sparse,scalar_indirect,1024,231,47458,0
0,sparse,scalar_indirect,1024,232,47417,0
0,sparse,scalar_indirect,1024,233,47333,0
0,sparse,scalar_indirect,1024,234,47416,0
0,sparse,scalar_indirect,1024,235,47375,0
0,sparse,scalar_indirect,1024,236,47416,0
0,sparse,scalar_indirect,1024,237,47458,0
0,sparse,scalar_indirect,1024,238,47458,0
0,sparse,scalar_indirect,1024,239,47375,0
0,sparse,scalar_indirect,1024,240,47458,0
0,sparse,scalar_indirect,1024,241,47416,0
0,sparse,scalar_indirect,1024,242,47417,0
0,sparse,scalar_indirect,1024,243,47417,0
0,sparse,scalar_indirect,1024,244,47541,0
0,sparse,scalar_indirect,1024,245,47583,0
0,sparse,scalar_indirect,1024,246,47458,0
0,sparse,scalar_indirect,1024,247,47542,0
0,sparse,scalar_indirect,1024,248,47417,0
0,sparse,scalar_indirect,1024,249,47458,0
0,sparse,scalar_indirect,1024,250,47416,0
0,sparse,scalar_indirect,1024,251,47375,0
0,sparse,scalar_indirect,1024,252,47458,0
0,sparse,scalar_indirect,1024,253,47416,0
0,sparse,scalar_indirect,1024,254,47417,0
0,sparse,scalar_indirect,1024,255,47417,0
0,sparse,scalar_indirect,1024,256,47416,0
0,sparse,scalar_indirect,1024,257,47375,0
0,sparse,scalar_indirect,1024,258,47458,0
0,sparse,scalar_indirect,1024,259,47333,0
0,sparse,scalar_indirect,1024,260,47375,0
0,sparse,scalar_indirect,1024,261,47375,0
0,sparse,scalar_indirect,1024,262,47333,0
0,sparse,scalar_indirect,1024,263,47333,0
0,sparse,scalar_indirect,1024,264,47708,0
0,sparse,scalar_indirect,1024,265,46958,0
0,sparse,scalar_indirect,1024,266,39875,0
0,sparse,scalar_indirect,1024,267,39958,0
0,sparse,scalar_indirect,1024,268,40000,0
0,sparse,scalar_indirect,1024,269,39916,0
0,sparse,scalar_indirect,1024,270,39875,0
0,sparse,scalar_indirect,1024,271,39958,0
0,sparse,scalar_indirect,1024,272,39792,0
0,sparse,scalar_indirect,1024,273,39792,0
0,sparse,scalar_indirect,1024,274,39916,0
0,sparse,scalar_indirect,1024,275,39833,0
0,sparse,scalar_indirect,1024,276,39792,0
0,sparse,scalar_indirect,1024,277,39833,0
0,sparse,scalar_indirect,1024,278,39750,0
0,sparse,scalar_indirect,1024,279,39834,0
0,sparse,scalar_indirect,1024,280,39834,0
0,sparse,scalar_indirect,1024,281,39791,0
0,sparse,scalar_indirect,1024,282,39833,0
0,sparse,scalar_indirect,1024,283,39875,0
0,sparse,scalar_indirect,1024,284,39917,0
0,sparse,scalar_indirect,1024,285,39792,0
0,sparse,scalar_indirect,1024,286,39916,0
0,sparse,scalar_indirect,1024,287,39834,0
0,sparse,scalar_indirect,1024,288,39834,0
0,sparse,scalar_indirect,1024,289,39792,0
0,sparse,scalar_indirect,1024,290,39833,0
0,sparse,scalar_indirect,1024,291,39833,0
0,sparse,scalar_indirect,1024,292,39750,0
0,sparse,scalar_indirect,1024,293,39916,0
0,sparse,scalar_indirect,1024,294,39792,0
0,sparse,scalar_indirect,1024,295,39833,0
0,sparse,scalar_indirect,1024,296,39750,0
0,sparse,scalar_indirect,1024,297,39833,0
0,sparse,scalar_indirect,1024,298,39791,0
0,sparse,scalar_indirect,1024,299,39833,0
0,sparse,scalar_packed,1024,0,29792,0
0,sparse,scalar_packed,1024,1,29417,0
0,sparse,scalar_packed,1024,2,29375,0
0,sparse,scalar_packed,1024,3,29375,0
0,sparse,scalar_packed,1024,4,29417,0
0,sparse,scalar_packed,1024,5,29334,0
0,sparse,scalar_packed,1024,6,29375,0
0,sparse,scalar_packed,1024,7,29375,0
0,sparse,scalar_packed,1024,8,29375,0
0,sparse,scalar_packed,1024,9,29292,0
0,sparse,scalar_packed,1024,10,29333,0
0,sparse,scalar_packed,1024,11,29291,0
0,sparse,scalar_packed,1024,12,29292,0
0,sparse,scalar_packed,1024,13,29334,0
0,sparse,scalar_packed,1024,14,29334,0
0,sparse,scalar_packed,1024,15,29417,0
0,sparse,scalar_packed,1024,16,29291,0
0,sparse,scalar_packed,1024,17,29500,0
0,sparse,scalar_packed,1024,18,29292,0
0,sparse,scalar_packed,1024,19,29375,0
0,sparse,scalar_packed,1024,20,29375,0
0,sparse,scalar_packed,1024,21,29292,0
0,sparse,scalar_packed,1024,22,29375,0
0,sparse,scalar_packed,1024,23,29292,0
0,sparse,scalar_packed,1024,24,29333,0
0,sparse,scalar_packed,1024,25,29375,0
0,sparse,scalar_packed,1024,26,29333,0
0,sparse,scalar_packed,1024,27,29500,0
0,sparse,scalar_packed,1024,28,29541,0
0,sparse,scalar_packed,1024,29,29333,0
0,sparse,scalar_packed,1024,30,29333,0
0,sparse,scalar_packed,1024,31,29417,0
0,sparse,scalar_packed,1024,32,29375,0
0,sparse,scalar_packed,1024,33,29333,0
0,sparse,scalar_packed,1024,34,29333,0
0,sparse,scalar_packed,1024,35,29417,0
0,sparse,scalar_packed,1024,36,29291,0
0,sparse,scalar_packed,1024,37,29334,0
0,sparse,scalar_packed,1024,38,29292,0
0,sparse,scalar_packed,1024,39,29458,0
0,sparse,scalar_packed,1024,40,29375,0
0,sparse,scalar_packed,1024,41,29291,0
0,sparse,scalar_packed,1024,42,29458,0
0,sparse,scalar_packed,1024,43,29375,0
0,sparse,scalar_packed,1024,44,29292,0
0,sparse,scalar_packed,1024,45,29417,0
0,sparse,scalar_packed,1024,46,29375,0
0,sparse,scalar_packed,1024,47,29375,0
0,sparse,scalar_packed,1024,48,29333,0
0,sparse,scalar_packed,1024,49,29375,0
0,sparse,scalar_packed,1024,50,29250,0
0,sparse,scalar_packed,1024,51,29333,0
0,sparse,scalar_packed,1024,52,29375,0
0,sparse,scalar_packed,1024,53,29250,0
0,sparse,scalar_packed,1024,54,29375,0
0,sparse,scalar_packed,1024,55,29208,0
0,sparse,scalar_packed,1024,56,29375,0
0,sparse,scalar_packed,1024,57,29292,0
0,sparse,scalar_packed,1024,58,29375,0
0,sparse,scalar_packed,1024,59,29375,0
0,sparse,scalar_packed,1024,60,29333,0
0,sparse,scalar_packed,1024,61,29250,0
0,sparse,scalar_packed,1024,62,29417,0
0,sparse,scalar_packed,1024,63,29292,0
0,sparse,scalar_packed,1024,64,29291,0
0,sparse,scalar_packed,1024,65,29292,0
0,sparse,scalar_packed,1024,66,29334,0
0,sparse,scalar_packed,1024,67,29375,0
0,sparse,scalar_packed,1024,68,29333,0
0,sparse,scalar_packed,1024,69,29416,0
0,sparse,scalar_packed,1024,70,29417,0
0,sparse,scalar_packed,1024,71,29375,0
0,sparse,scalar_packed,1024,72,29292,0
0,sparse,scalar_packed,1024,73,29334,0
0,sparse,scalar_packed,1024,74,29375,0
0,sparse,scalar_packed,1024,75,29250,0
0,sparse,scalar_packed,1024,76,29333,0
0,sparse,scalar_packed,1024,77,29375,0
0,sparse,scalar_packed,1024,78,29417,0
0,sparse,scalar_packed,1024,79,29333,0
0,sparse,scalar_packed,1024,80,29333,0
0,sparse,scalar_packed,1024,81,29291,0
0,sparse,scalar_packed,1024,82,29500,0
0,sparse,scalar_packed,1024,83,29333,0
0,sparse,scalar_packed,1024,84,29417,0
0,sparse,scalar_packed,1024,85,29417,0
0,sparse,scalar_packed,1024,86,29375,0
0,sparse,scalar_packed,1024,87,29417,0
0,sparse,scalar_packed,1024,88,29291,0
0,sparse,scalar_packed,1024,89,29500,0
0,sparse,scalar_packed,1024,90,29208,0
0,sparse,scalar_packed,1024,91,29417,0
0,sparse,scalar_packed,1024,92,29459,0
0,sparse,scalar_packed,1024,93,29375,0
0,sparse,scalar_packed,1024,94,29375,0
0,sparse,scalar_packed,1024,95,29375,0
0,sparse,scalar_packed,1024,96,29417,0
0,sparse,scalar_packed,1024,97,29375,0
0,sparse,scalar_packed,1024,98,31334,0
0,sparse,scalar_packed,1024,99,25583,0
0,sparse,scalar_packed,1024,100,25333,0
0,sparse,scalar_packed,1024,101,25333,0
0,sparse,scalar_packed,1024,102,25208,0
0,sparse,scalar_packed,1024,103,25291,0
0,sparse,scalar_packed,1024,104,25375,0
0,sparse,scalar_packed,1024,105,25375,0
0,sparse,scalar_packed,1024,106,25292,0
0,sparse,scalar_packed,1024,107,25416,0
0,sparse,scalar_packed,1024,108,25417,0
0,sparse,scalar_packed,1024,109,25375,0
0,sparse,scalar_packed,1024,110,25417,0
0,sparse,scalar_packed,1024,111,25208,0
0,sparse,scalar_packed,1024,112,25416,0
0,sparse,scalar_packed,1024,113,25375,0
0,sparse,scalar_packed,1024,114,25375,0
0,sparse,scalar_packed,1024,115,25375,0
0,sparse,scalar_packed,1024,116,25375,0
0,sparse,scalar_packed,1024,117,25292,0
0,sparse,scalar_packed,1024,118,25250,0
0,sparse,scalar_packed,1024,119,25333,0
0,sparse,scalar_packed,1024,120,25292,0
0,sparse,scalar_packed,1024,121,25292,0
0,sparse,scalar_packed,1024,122,25250,0
0,sparse,scalar_packed,1024,123,25250,0
0,sparse,scalar_packed,1024,124,25292,0
0,sparse,scalar_packed,1024,125,25375,0
0,sparse,scalar_packed,1024,126,25250,0
0,sparse,scalar_packed,1024,127,25250,0
0,sparse,scalar_packed,1024,128,25250,0
0,sparse,scalar_packed,1024,129,25250,0
0,sparse,scalar_packed,1024,130,25375,0
0,sparse,scalar_packed,1024,131,25333,0
0,sparse,scalar_packed,1024,132,25292,0
0,sparse,scalar_packed,1024,133,25333,0
0,sparse,scalar_packed,1024,134,25166,0
0,sparse,scalar_packed,1024,135,25208,0
0,sparse,scalar_packed,1024,136,25208,0
0,sparse,scalar_packed,1024,137,25208,0
0,sparse,scalar_packed,1024,138,25333,0
0,sparse,scalar_packed,1024,139,25208,0
0,sparse,scalar_packed,1024,140,25375,0
0,sparse,scalar_packed,1024,141,25167,0
0,sparse,scalar_packed,1024,142,25250,0
0,sparse,scalar_packed,1024,143,25250,0
0,sparse,scalar_packed,1024,144,25208,0
0,sparse,scalar_packed,1024,145,25292,0
0,sparse,scalar_packed,1024,146,25334,0
0,sparse,scalar_packed,1024,147,25250,0
0,sparse,scalar_packed,1024,148,25292,0
0,sparse,scalar_packed,1024,149,25208,0
0,sparse,scalar_packed,1024,150,25250,0
0,sparse,scalar_packed,1024,151,25375,0
0,sparse,scalar_packed,1024,152,25292,0
0,sparse,scalar_packed,1024,153,25375,0
0,sparse,scalar_packed,1024,154,25334,0
0,sparse,scalar_packed,1024,155,25375,0
0,sparse,scalar_packed,1024,156,25417,0
0,sparse,scalar_packed,1024,157,25416,0
0,sparse,scalar_packed,1024,158,25292,0
0,sparse,scalar_packed,1024,159,25333,0
0,sparse,scalar_packed,1024,160,25292,0
0,sparse,scalar_packed,1024,161,25209,0
0,sparse,scalar_packed,1024,162,25375,0
0,sparse,scalar_packed,1024,163,25209,0
0,sparse,scalar_packed,1024,164,25375,0
0,sparse,scalar_packed,1024,165,25375,0
0,sparse,scalar_packed,1024,166,25333,0
0,sparse,scalar_packed,1024,167,25417,0
0,sparse,scalar_packed,1024,168,25333,0
0,sparse,scalar_packed,1024,169,25250,0
0,sparse,scalar_packed,1024,170,25208,0
0,sparse,scalar_packed,1024,171,25250,0
0,sparse,scalar_packed,1024,172,25291,0
0,sparse,scalar_packed,1024,173,25334,0
0,sparse,scalar_packed,1024,174,25250,0
0,sparse,scalar_packed,1024,175,25292,0
0,sparse,scalar_packed,1024,176,25292,0
0,sparse,scalar_packed,1024,177,25292,0
0,sparse,scalar_packed,1024,178,25250,0
0,sparse,scalar_packed,1024,179,25250,0
0,sparse,scalar_packed,1024,180,25250,0
0,sparse,scalar_packed,1024,181,25208,0
0,sparse,scalar_packed,1024,182,25250,0
0,sparse,scalar_packed,1024,183,25250,0
0,sparse,scalar_packed,1024,184,25375,0
0,sparse,scalar_packed,1024,185,25250,0
0,sparse,scalar_packed,1024,186,25334,0
0,sparse,scalar_packed,1024,187,25292,0
0,sparse,scalar_packed,1024,188,25250,0
0,sparse,scalar_packed,1024,189,25375,0
0,sparse,scalar_packed,1024,190,25292,0
0,sparse,scalar_packed,1024,191,25375,0
0,sparse,scalar_packed,1024,192,25417,0
0,sparse,scalar_packed,1024,193,25416,0
0,sparse,scalar_packed,1024,194,25583,0
0,sparse,scalar_packed,1024,195,25250,0
0,sparse,scalar_packed,1024,196,25375,0
0,sparse,scalar_packed,1024,197,25292,0
0,sparse,scalar_packed,1024,198,25250,0
0,sparse,scalar_packed,1024,199,25292,0
0,sparse,scalar_packed,1024,200,25333,0
0,sparse,scalar_packed,1024,201,25375,0
0,sparse,scalar_packed,1024,202,25250,0
0,sparse,scalar_packed,1024,203,25333,0
0,sparse,scalar_packed,1024,204,25208,0
0,sparse,scalar_packed,1024,205,25292,0
0,sparse,scalar_packed,1024,206,25291,0
0,sparse,scalar_packed,1024,207,25250,0
0,sparse,scalar_packed,1024,208,25333,0
0,sparse,scalar_packed,1024,209,25292,0
0,sparse,scalar_packed,1024,210,25250,0
0,sparse,scalar_packed,1024,211,25334,0
0,sparse,scalar_packed,1024,212,25208,0
0,sparse,scalar_packed,1024,213,25416,0
0,sparse,scalar_packed,1024,214,25375,0
0,sparse,scalar_packed,1024,215,25291,0
0,sparse,scalar_packed,1024,216,25334,0
0,sparse,scalar_packed,1024,217,25250,0
0,sparse,scalar_packed,1024,218,25292,0
0,sparse,scalar_packed,1024,219,25250,0
0,sparse,scalar_packed,1024,220,25333,0
0,sparse,scalar_packed,1024,221,25208,0
0,sparse,scalar_packed,1024,222,25291,0
0,sparse,scalar_packed,1024,223,25250,0
0,sparse,scalar_packed,1024,224,25417,0
0,sparse,scalar_packed,1024,225,25292,0
0,sparse,scalar_packed,1024,226,25291,0
0,sparse,scalar_packed,1024,227,25250,0
0,sparse,scalar_packed,1024,228,25291,0
0,sparse,scalar_packed,1024,229,25167,0
0,sparse,scalar_packed,1024,230,25292,0
0,sparse,scalar_packed,1024,231,25250,0
0,sparse,scalar_packed,1024,232,25375,0
0,sparse,scalar_packed,1024,233,25292,0
0,sparse,scalar_packed,1024,234,25250,0
0,sparse,scalar_packed,1024,235,25209,0
0,sparse,scalar_packed,1024,236,25375,0
0,sparse,scalar_packed,1024,237,25291,0
0,sparse,scalar_packed,1024,238,25333,0
0,sparse,scalar_packed,1024,239,25292,0
0,sparse,scalar_packed,1024,240,25292,0
0,sparse,scalar_packed,1024,241,25333,0
0,sparse,scalar_packed,1024,242,25250,0
0,sparse,scalar_packed,1024,243,25334,0
0,sparse,scalar_packed,1024,244,25250,0
0,sparse,scalar_packed,1024,245,25458,0
0,sparse,scalar_packed,1024,246,25375,0
0,sparse,scalar_packed,1024,247,25416,0
0,sparse,scalar_packed,1024,248,25292,0
0,sparse,scalar_packed,1024,249,25333,0
0,sparse,scalar_packed,1024,250,25333,0
0,sparse,scalar_packed,1024,251,25375,0
0,sparse,scalar_packed,1024,252,25459,0
0,sparse,scalar_packed,1024,253,25458,0
0,sparse,scalar_packed,1024,254,25291,0
0,sparse,scalar_packed,1024,255,25250,0
0,sparse,scalar_packed,1024,256,25292,0
0,sparse,scalar_packed,1024,257,25250,0
0,sparse,scalar_packed,1024,258,25167,0
0,sparse,scalar_packed,1024,259,25292,0
0,sparse,scalar_packed,1024,260,25292,0
0,sparse,scalar_packed,1024,261,25291,0
0,sparse,scalar_packed,1024,262,25375,0
0,sparse,scalar_packed,1024,263,25250,0
0,sparse,scalar_packed,1024,264,25250,0
0,sparse,scalar_packed,1024,265,25292,0
0,sparse,scalar_packed,1024,266,25250,0
0,sparse,scalar_packed,1024,267,25250,0
0,sparse,scalar_packed,1024,268,25334,0
0,sparse,scalar_packed,1024,269,25209,0
0,sparse,scalar_packed,1024,270,25375,0
0,sparse,scalar_packed,1024,271,25375,0
0,sparse,scalar_packed,1024,272,25250,0
0,sparse,scalar_packed,1024,273,25291,0
0,sparse,scalar_packed,1024,274,25292,0
0,sparse,scalar_packed,1024,275,25250,0
0,sparse,scalar_packed,1024,276,25333,0
0,sparse,scalar_packed,1024,277,25250,0
0,sparse,scalar_packed,1024,278,25250,0
0,sparse,scalar_packed,1024,279,25291,0
0,sparse,scalar_packed,1024,280,25417,0
0,sparse,scalar_packed,1024,281,25209,0
0,sparse,scalar_packed,1024,282,25334,0
0,sparse,scalar_packed,1024,283,25250,0
0,sparse,scalar_packed,1024,284,25250,0
0,sparse,scalar_packed,1024,285,25334,0
0,sparse,scalar_packed,1024,286,25292,0
0,sparse,scalar_packed,1024,287,25458,0
0,sparse,scalar_packed,1024,288,25250,0
0,sparse,scalar_packed,1024,289,25375,0
0,sparse,scalar_packed,1024,290,25459,0
0,sparse,scalar_packed,1024,291,25292,0
0,sparse,scalar_packed,1024,292,25250,0
0,sparse,scalar_packed,1024,293,25292,0
0,sparse,scalar_packed,1024,294,25250,0
0,sparse,scalar_packed,1024,295,25292,0
0,sparse,scalar_packed,1024,296,25250,0
0,sparse,scalar_packed,1024,297,25250,0
0,sparse,scalar_packed,1024,298,25333,0
0,sparse,scalar_packed,1024,299,25291,0
0,sparse,simd,1024,0,20458,0
0,sparse,simd,1024,1,20500,0
0,sparse,simd,1024,2,20542,0
0,sparse,simd,1024,3,20459,0
0,sparse,simd,1024,4,20459,0
0,sparse,simd,1024,5,20583,0
0,sparse,simd,1024,6,20500,0
0,sparse,simd,1024,7,20458,0
0,sparse,simd,1024,8,20417,0
0,sparse,simd,1024,9,20583,0
0,sparse,simd,1024,10,20375,0
0,sparse,simd,1024,11,20417,0
0,sparse,simd,1024,12,20500,0
0,sparse,simd,1024,13,20458,0
0,sparse,simd,1024,14,20416,0
0,sparse,simd,1024,15,20500,0
0,sparse,simd,1024,16,20458,0
0,sparse,simd,1024,17,20458,0
0,sparse,simd,1024,18,20333,0
0,sparse,simd,1024,19,20458,0
0,sparse,simd,1024,20,20458,0
0,sparse,simd,1024,21,20417,0
0,sparse,simd,1024,22,20416,0
0,sparse,simd,1024,23,20500,0
0,sparse,simd,1024,24,20417,0
0,sparse,simd,1024,25,20458,0
0,sparse,simd,1024,26,20500,0
0,sparse,simd,1024,27,20416,0
0,sparse,simd,1024,28,20458,0
0,sparse,simd,1024,29,20417,0
0,sparse,simd,1024,30,20459,0
0,sparse,simd,1024,31,20500,0
0,sparse,simd,1024,32,20417,0
0,sparse,simd,1024,33,20541,0
0,sparse,simd,1024,34,20459,0
0,sparse,simd,1024,35,20417,0
0,sparse,simd,1024,36,20416,0
0,sparse,simd,1024,37,20584,0
0,sparse,simd,1024,38,20500,0
0,sparse,simd,1024,39,20500,0
0,sparse,simd,1024,40,20542,0
0,sparse,simd,1024,41,20416,0
0,sparse,simd,1024,42,20375,0
0,sparse,simd,1024,43,20708,0
0,sparse,simd,1024,44,20625,0
0,sparse,simd,1024,45,20625,0
0,sparse,simd,1024,46,20542,0
0,sparse,simd,1024,47,20541,0
0,sparse,simd,1024,48,20500,0
0,sparse,simd,1024,49,20625,0
0,sparse,simd,1024,50,20458,0
0,sparse,simd,1024,51,20542,0
0,sparse,simd,1024,52,20417,0
0,sparse,simd,1024,53,20458,0
0,sparse,simd,1024,54,20500,0
0,sparse,simd,1024,55,20417,0
0,sparse,simd,1024,56,20500,0
0,sparse,simd,1024,57,20542,0
0,sparse,simd,1024,58,20541,0
0,sparse,simd,1024,59,20584,0
0,sparse,simd,1024,60,20416,0
0,sparse,simd,1024,61,20542,0
0,sparse,simd,1024,62,20458,0
0,sparse,simd,1024,63,20375,0
0,sparse,simd,1024,64,20417,0
0,sparse,simd,1024,65,20458,0
0,sparse,simd,1024,66,20500,0
0,sparse,simd,1024,67,20417,0
0,sparse,simd,1024,68,20542,0
0,sparse,simd,1024,69,20541,0
0,sparse,simd,1024,70,20458,0
0,sparse,simd,1024,71,20459,0
0,sparse,simd,1024,72,20500,0
0,sparse,simd,1024,73,20417,0
0,sparse,simd,1024,74,20458,0
0,sparse,simd,1024,75,20500,0
0,sparse,simd,1024,76,20541,0
0,sparse,simd,1024,77,20458,0
0,sparse,simd,1024,78,20417,0
0,sparse,simd,1024,79,20541,0
0,sparse,simd,1024,80,20500,0
0,sparse,simd,1024,81,20417,0
0,sparse,simd,1024,82,20542,0
0,sparse,simd,1024,83,20500,0
0,sparse,simd,1024,84,20458,0
0,sparse,simd,1024,85,20500,0
0,sparse,simd,1024,86,20500,0
0,sparse,simd,1024,87,20542,0
0,sparse,simd,1024,88,20416,0
0,sparse,simd,1024,89,20500,0
0,sparse,simd,1024,90,20500,0
0,sparse,simd,1024,91,20375,0
0,sparse,simd,1024,92,20500,0
0,sparse,simd,1024,93,20458,0
0,sparse,simd,1024,94,20458,0
0,sparse,simd,1024,95,20459,0
0,sparse,simd,1024,96,20458,0
0,sparse,simd,1024,97,20500,0
0,sparse,simd,1024,98,20458,0
0,sparse,simd,1024,99,20417,0
0,sparse,simd,1024,100,20500,0
0,sparse,simd,1024,101,20542,0
0,sparse,simd,1024,102,20458,0
0,sparse,simd,1024,103,20458,0
0,sparse,simd,1024,104,20458,0
0,sparse,simd,1024,105,20458,0
0,sparse,simd,1024,106,20375,0
0,sparse,simd,1024,107,20500,0
0,sparse,simd,1024,108,20417,0
0,sparse,simd,1024,109,20417,0
0,sparse,simd,1024,110,20541,0
0,sparse,simd,1024,111,20459,0
0,sparse,simd,1024,112,20459,0
0,sparse,simd,1024,113,20417,0
0,sparse,simd,1024,114,20458,0
0,sparse,simd,1024,115,20542,0
0,sparse,simd,1024,116,20416,0
0,sparse,simd,1024,117,20459,0
0,sparse,simd,1024,118,20459,0
0,sparse,simd,1024,119,20417,0
0,sparse,simd,1024,120,20500,0
0,sparse,simd,1024,121,20667,0
0,sparse,simd,1024,122,20375,0
0,sparse,simd,1024,123,20458,0
0,sparse,simd,1024,124,20458,0
0,sparse,simd,1024,125,20542,0
0,sparse,simd,1024,126,20458,0
0,sparse,simd,1024,127,20375,0
0,sparse,simd,1024,128,20500,0
0,sparse,simd,1024,129,20500,0
0,sparse,simd,1024,130,20416,0
0,sparse,simd,1024,131,20500,0
0,sparse,simd,1024,132,20584,0
0,sparse,simd,1024,133,20458,0
0,sparse,simd,1024,134,20458,0
0,sparse,simd,1024,135,20500,0
0,sparse,simd,1024,136,20500,0
0,sparse,simd,1024,137,20500,0
0,sparse,simd,1024,138,20541,0
0,sparse,simd,1024,139,20584,0
0,sparse,simd,1024,140,20458,0
0,sparse,simd,1024,141,20500,0
0,sparse,simd,1024,142,20500,0
0,sparse,simd,1024,143,20541,0
0,sparse,simd,1024,144,20458,0
0,sparse,simd,1024,145,20417,0
0,sparse,simd,1024,146,20500,0
0,sparse,simd,1024,147,20500,0
0,sparse,simd,1024,148,20416,0
0,sparse,simd,1024,149,20458,0
0,sparse,simd,1024,150,20417,0
0,sparse,simd,1024,151,20375,0
0,sparse,simd,1024,152,20417,0
0,sparse,simd,1024,153,20416,0
0,sparse,simd,1024,154,20500,0
0,sparse,simd,1024,155,20417,0
0,sparse,simd,1024,156,20458,0
0,sparse,simd,1024,157,20500,0
0,sparse,simd,1024,158,20416,0
0,sparse,simd,1024,159,20417,0
0,sparse,simd,1024,160,20417,0
0,sparse,simd,1024,161,20500,0
0,sparse,simd,1024,162,20542,0
0,sparse,simd,1024,163,20458,0
0,sparse,simd,1024,164,20458,0
0,sparse,simd,1024,165,20458,0
0,sparse,simd,1024,166,20500,0
0,sparse,simd,1024,167,20459,0
0,sparse,simd,1024,168,20416,0
0,sparse,simd,1024,169,20417,0
0,sparse,simd,1024,170,20458,0
0,sparse,simd,1024,171,20500,0
0,sparse,simd,1024,172,20458,0
0,sparse,simd,1024,173,20459,0
0,sparse,simd,1024,174,20541,0
0,sparse,simd,1024,175,22917,0
0,sparse,simd,1024,176,20250,0
0,sparse,simd,1024,177,20500,0
0,sparse,simd,1024,178,20459,0
0,sparse,simd,1024,179,20416,0
0,sparse,simd,1024,180,20458,0
0,sparse,simd,1024,181,20417,0
0,sparse,simd,1024,182,20666,0
0,sparse,simd,1024,183,20584,0
0,sparse,simd,1024,184,20458,0
0,sparse,simd,1024,185,20500,0
0,sparse,simd,1024,186,20459,0
0,sparse,simd,1024,187,20500,0
0,sparse,simd,1024,188,20500,0
0,sparse,simd,1024,189,20500,0
0,sparse,simd,1024,190,20500,0
0,sparse,simd,1024,191,20500,0
0,sparse,simd,1024,192,20459,0
0,sparse,simd,1024,193,20542,0
0,sparse,simd,1024,194,20458,0
0,sparse,simd,1024,195,20458,0
0,sparse,simd,1024,196,20458,0
0,sparse,simd,1024,197,20458,0
0,sparse,simd,1024,198,20416,0
0,sparse,simd,1024,199,20458,0
0,sparse,simd,1024,200,20459,0
0,sparse,simd,1024,201,20416,0
0,sparse,simd,1024,202,20417,0
0,sparse,simd,1024,203,20500,0
0,sparse,simd,1024,204,20417,0
0,sparse,simd,1024,205,20458,0
0,sparse,simd,1024,206,20458,0
0,sparse,simd,1024,207,20416,0
0,sparse,simd,1024,208,20542,0
0,sparse,simd,1024,209,20458,0
0,sparse,simd,1024,210,20458,0
0,sparse,simd,1024,211,20417,0
0,sparse,simd,1024,212,20459,0
0,sparse,simd,1024,213,20459,0
0,sparse,simd,1024,214,20459,0
0,sparse,simd,1024,215,20375,0
0,sparse,simd,1024,216,20458,0
0,sparse,simd,1024,217,20500,0
0,sparse,simd,1024,218,20416,0
0,sparse,simd,1024,219,20417,0
0,sparse,simd,1024,220,20500,0
0,sparse,simd,1024,221,20459,0
0,sparse,simd,1024,222,20416,0
0,sparse,simd,1024,223,20500,0
0,sparse,simd,1024,224,20542,0
0,sparse,simd,1024,225,20416,0
0,sparse,simd,1024,226,20417,0
0,sparse,simd,1024,227,20459,0
0,sparse,simd,1024,228,20459,0
0,sparse,simd,1024,229,20459,0
0,sparse,simd,1024,230,20459,0
0,sparse,simd,1024,231,20500,0
0,sparse,simd,1024,232,20458,0
0,sparse,simd,1024,233,20416,0
0,sparse,simd,1024,234,20500,0
0,sparse,simd,1024,235,20458,0
0,sparse,simd,1024,236,20458,0
0,sparse,simd,1024,237,20417,0
0,sparse,simd,1024,238,20417,0
0,sparse,simd,1024,239,20458,0
0,sparse,simd,1024,240,20458,0
0,sparse,simd,1024,241,20500,0
0,sparse,simd,1024,242,20500,0
0,sparse,simd,1024,243,20416,0
0,sparse,simd,1024,244,20542,0
0,sparse,simd,1024,245,20458,0
0,sparse,simd,1024,246,20458,0
0,sparse,simd,1024,247,20584,0
0,sparse,simd,1024,248,20542,0
0,sparse,simd,1024,249,20458,0
0,sparse,simd,1024,250,20500,0
0,sparse,simd,1024,251,20583,0
0,sparse,simd,1024,252,20500,0
0,sparse,simd,1024,253,20459,0
0,sparse,simd,1024,254,20583,0
0,sparse,simd,1024,255,20458,0
0,sparse,simd,1024,256,20542,0
0,sparse,simd,1024,257,20459,0
0,sparse,simd,1024,258,20500,0
0,sparse,simd,1024,259,20459,0
0,sparse,simd,1024,260,20459,0
0,sparse,simd,1024,261,20500,0
0,sparse,simd,1024,262,20625,0
0,sparse,simd,1024,263,20416,0
0,sparse,simd,1024,264,20458,0
0,sparse,simd,1024,265,20584,0
0,sparse,simd,1024,266,19125,0
0,sparse,simd,1024,267,18375,0
0,sparse,simd,1024,268,18417,0
0,sparse,simd,1024,269,18333,0
0,sparse,simd,1024,270,18375,0
0,sparse,simd,1024,271,18417,0
0,sparse,simd,1024,272,18375,0
0,sparse,simd,1024,273,18500,0
0,sparse,simd,1024,274,18375,0
0,sparse,simd,1024,275,18375,0
0,sparse,simd,1024,276,18417,0
0,sparse,simd,1024,277,18417,0
0,sparse,simd,1024,278,18458,0
0,sparse,simd,1024,279,18417,0
0,sparse,simd,1024,280,18375,0
0,sparse,simd,1024,281,18375,0
0,sparse,simd,1024,282,18375,0
0,sparse,simd,1024,283,18375,0
0,sparse,simd,1024,284,18459,0
0,sparse,simd,1024,285,18500,0
0,sparse,simd,1024,286,18375,0
0,sparse,simd,1024,287,18292,0
0,sparse,simd,1024,288,18375,0
0,sparse,simd,1024,289,18334,0
0,sparse,simd,1024,290,18375,0
0,sparse,simd,1024,291,18417,0
0,sparse,simd,1024,292,18333,0
0,sparse,simd,1024,293,18333,0
0,sparse,simd,1024,294,18375,0
0,sparse,simd,1024,295,18375,0
0,sparse,simd,1024,296,18458,0
0,sparse,simd,1024,297,18458,0
0,sparse,simd,1024,298,18333,0
0,sparse,simd,1024,299,18375,0
0,dense,scalar_indirect,1024,0,120417,3858
0,dense,scalar_indirect,1024,1,120708,3858
0,dense,scalar_indirect,1024,2,120375,3858
0,dense,scalar_indirect,1024,3,120375,3858
0,dense,scalar_indirect,1024,4,120292,3858
0,dense,scalar_indirect,1024,5,122291,3858
0,dense,scalar_indirect,1024,6,120375,3858
0,dense,scalar_indirect,1024,7,120458,3858
0,dense,scalar_indirect,1024,8,120375,3858
0,dense,scalar_indirect,1024,9,120250,3858
0,dense,scalar_indirect,1024,10,120292,3858
0,dense,scalar_indirect,1024,11,120375,3858
0,dense,scalar_indirect,1024,12,120417,3858
0,dense,scalar_indirect,1024,13,120250,3858
0,dense,scalar_indirect,1024,14,120459,3858
0,dense,scalar_indirect,1024,15,120458,3858
0,dense,scalar_indirect,1024,16,120500,3858
0,dense,scalar_indirect,1024,17,120417,3858
0,dense,scalar_indirect,1024,18,120458,3858
0,dense,scalar_indirect,1024,19,120458,3858
0,dense,scalar_indirect,1024,20,120375,3858
0,dense,scalar_indirect,1024,21,120500,3858
0,dense,scalar_indirect,1024,22,120583,3858
0,dense,scalar_indirect,1024,23,120375,3858
0,dense,scalar_indirect,1024,24,120458,3858
0,dense,scalar_indirect,1024,25,120333,3858
0,dense,scalar_indirect,1024,26,122708,3858
0,dense,scalar_indirect,1024,27,121167,3858
0,dense,scalar_indirect,1024,28,120375,3858
0,dense,scalar_indirect,1024,29,120417,3858
0,dense,scalar_indirect,1024,30,120333,3858
0,dense,scalar_indirect,1024,31,120334,3858
0,dense,scalar_indirect,1024,32,120375,3858
0,dense,scalar_indirect,1024,33,120291,3858
0,dense,scalar_indirect,1024,34,120334,3858
0,dense,scalar_indirect,1024,35,120334,3858
0,dense,scalar_indirect,1024,36,120416,3858
0,dense,scalar_indirect,1024,37,112500,3858
0,dense,scalar_indirect,1024,38,111584,3858
0,dense,scalar_indirect,1024,39,111500,3858
0,dense,scalar_indirect,1024,40,111459,3858
0,dense,scalar_indirect,1024,41,111500,3858
0,dense,scalar_indirect,1024,42,111417,3858
0,dense,scalar_indirect,1024,43,111666,3858
0,dense,scalar_indirect,1024,44,111500,3858
0,dense,scalar_indirect,1024,45,111417,3858
0,dense,scalar_indirect,1024,46,111541,3858
0,dense,scalar_indirect,1024,47,111542,3858
0,dense,scalar_indirect,1024,48,111583,3858
0,dense,scalar_indirect,1024,49,111458,3858
0,dense,scalar_indirect,1024,50,111542,3858
0,dense,scalar_indirect,1024,51,111375,3858
0,dense,scalar_indirect,1024,52,111500,3858
0,dense,scalar_indirect,1024,53,111541,3858
0,dense,scalar_indirect,1024,54,111458,3858
0,dense,scalar_indirect,1024,55,111583,3858
0,dense,scalar_indirect,1024,56,111375,3858
0,dense,scalar_indirect,1024,57,111500,3858
0,dense,scalar_indirect,1024,58,111500,3858
0,dense,scalar_indirect,1024,59,111500,3858
0,dense,scalar_indirect,1024,60,111542,3858
0,dense,scalar_indirect,1024,61,111333,3858
0,dense,scalar_indirect,1024,62,111584,3858
0,dense,scalar_indirect,1024,63,112250,3858
0,dense,scalar_indirect,1024,64,111458,3858
0,dense,scalar_indirect,1024,65,111500,3858
0,dense,scalar_indirect,1024,66,111459,3858
0,dense,scalar_indirect,1024,67,111584,3858
0,dense,scalar_indirect,1024,68,111291,3858
0,dense,scalar_indirect,1024,69,111375,3858
0,dense,scalar_indirect,1024,70,111375,3858
0,dense,scalar_indirect,1024,71,111333,3858
0,dense,scalar_indirect,1024,72,111375,3858
0,dense,scalar_indirect,1024,73,111333,3858
0,dense,scalar_indirect,1024,74,111292,3858
0,dense,scalar_indirect,1024,75,111375,3858
0,dense,scalar_indirect,1024,76,111375,3858
0,dense,scalar_indirect,1024,77,111333,3858
0,dense,scalar_indirect,1024,78,111334,3858
0,dense,scalar_indirect,1024,79,111334,3858
0,dense,scalar_indirect,1024,80,111334,3858
0,dense,scalar_indirect,1024,81,111375,3858
0,dense,scalar_indirect,1024,82,111167,3858
0,dense,scalar_indirect,1024,83,111334,3858
0,dense,scalar_indirect,1024,84,111375,3858
0,dense,scalar_indirect,1024,85,111333,3858
0,dense,scalar_indirect,1024,86,111375,3858
0,dense,scalar_indirect,1024,87,111333,3858
0,dense,scalar_indirect,1024,88,111417,3858
0,dense,scalar_indirect,1024,89,111166,3858
0,dense,scalar_indirect,1024,90,104500,3858
0,dense,scalar_indirect,1024,91,104500,3858
0,dense,scalar_indirect,1024,92,106292,3858
0,dense,scalar_indirect,1024,93,104500,3858
0,dense,scalar_indirect,1024,94,104584,3858
0,dense,scalar_indirect,1024,95,104458,3858
0,dense,scalar_indirect,1024,96,104416,3858
0,dense,scalar_indirect,1024,97,104458,3858
0,dense,scalar_indirect,1024,98,104542,3858
0,dense,scalar_indirect,1024,99,104500,3858
0,dense,scalar_indirect,1024,100,104458,3858
0,dense,scalar_indirect,1024,101,104458,3858
0,dense,scalar_indirect,1024,102,104541,3858
0,dense,scalar_indirect,1024,103,104375,3858
0,dense,scalar_indirect,1024,104,104375,3858
0,dense,scalar_indirect,1024,105,104500,3858
0,dense,scalar_indirect,1024,106,104375,3858
0,dense,scalar_indirect,1024,107,104583,3858
0,dense,scalar_indirect,1024,108,104417,3858
0,dense,scalar_indirect,1024,109,104583,3858
0,dense,scalar_indirect,1024,110,104375,3858
0,dense,scalar_indirect,1024,111,104334,3858
0,dense,scalar_indirect,1024,112,104416,3858
0,dense,scalar_indirect,1024,113,104459,3858
0,dense,scalar_indirect,1024,114,104625,3858
0,dense,scalar_indirect,1024,115,104458,3858
0,dense,scalar_indirect,1024,116,104542,3858
0,dense,scalar_indirect,1024,117,104541,3858
0,dense,scalar_indirect,1024,118,104500,3858
0,dense,scalar_indirect,1024,119,104458,3858
0,dense,scalar_indirect,1024,120,104500,3858
0,dense,scalar_indirect,1024,121,104333,3858
0,dense,scalar_indirect,1024,122,104417,3858
0,dense,scalar_indirect,1024,123,104625,3858
0,dense,scalar_indirect,1024,124,104625,3858
0,dense,scalar_indirect,1024,125,104583,3858
0,dense,scalar_indirect,1024,126,104542,3858
0,dense,scalar_indirect,1024,127,104917,3858
0,dense,scalar_indirect,1024,128,104500,3858
0,dense,scalar_indirect,1024,129,104583,3858
0,dense,scalar_indirect,1024,130,104417,3858
0,dense,scalar_indirect,1024,131,104416,3858
0,dense,scalar_indirect,1024,132,104583,3858
0,dense,scalar_indirect,1024,133,104584,3858
0,dense,scalar_indirect,1024,134,104584,3858
0,dense,scalar_indirect,1024,135,104541,3858
0,dense,scalar_indirect,1024,136,104583,3858
0,dense,scalar_indirect,1024,137,104500,3858
0,dense,scalar_indirect,1024,138,104667,3858
0,dense,scalar_indirect,1024,139,104666,3858
0,dense,scalar_indirect,1024,140,104709,3858
0,dense,scalar_indirect,1024,141,104500,3858
0,dense,scalar_indirect,1024,142,104667,3858
0,dense,scalar_indirect,1024,143,104666,3858
0,dense,scalar_indirect,1024,144,104584,3858
0,dense,scalar_indirect,1024,145,106416,3858
0,dense,scalar_indirect,1024,146,104625,3858
0,dense,scalar_indirect,1024,147,101875,3858
0,dense,scalar_indirect,1024,148,99417,3858
0,dense,scalar_indirect,1024,149,99541,3858
0,dense,scalar_indirect,1024,150,99667,3858
0,dense,scalar_indirect,1024,151,99541,3858
0,dense,scalar_indirect,1024,152,99584,3858
0,dense,scalar_indirect,1024,153,99708,3858
0,dense,scalar_indirect,1024,154,99542,3858
0,dense,scalar_indirect,1024,155,99708,3858
0,dense,scalar_indirect,1024,156,99708,3858
0,dense,scalar_indirect,1024,157,99417,3858
0,dense,scalar_indirect,1024,158,99583,3858
0,dense,scalar_indirect,1024,159,99625,3858
0,dense,scalar_indirect,1024,160,99583,3858
0,dense,scalar_indirect,1024,161,99542,3858
0,dense,scalar_indirect,1024,162,99542,3858
0,dense,scalar_indirect,1024,163,99583,3858
0,dense,scalar_indirect,1024,164,99625,3858
0,dense,scalar_indirect,1024,165,99666,3858
0,dense,scalar_indirect,1024,166,99542,3858
0,dense,scalar_indirect,1024,167,99541,3858
0,dense,scalar_indirect,1024,168,99500,3858
0,dense,scalar_indirect,1024,169,99625,3858
0,dense,scalar_indirect,1024,170,99750,3858
0,dense,scalar_indirect,1024,171,99500,3858
0,dense,scalar_indirect,1024,172,99625,3858
0,dense,scalar_indirect,1024,173,99625,3858
0,dense,scalar_indirect,1024,174,99541,3858
0,dense,scalar_indirect,1024,175,99583,3858
0,dense,scalar_indirect,1024,176,99583,3858
0,dense,scalar_indirect,1024,177,99584,3858
0,dense,scalar_indirect,1024,178,99542,3858
0,dense,scalar_indirect,1024,179,99416,3858
0,dense,scalar_indirect,1024,180,99500,3858
0,dense,scalar_indirect,1024,181,99500,3858
0,dense,scalar_indirect,1024,182,99416,3858
0,dense,scalar_indirect,1024,183,99583,3858
0,dense,scalar_indirect,1024,184,99584,3858
0,dense,scalar_indirect,1024,185,99666,3858
0,dense,scalar_indirect,1024,186,99500,3858
0,dense,scalar_indirect,1024,187,99541,3858
0,dense,scalar_indirect,1024,188,99542,3858
0,dense,scalar_indirect,1024,189,99459,3858
0,dense,scalar_indirect,1024,190,101334,3858
0,dense,scalar_indirect,1024,191,99584,3858
0,dense,scalar_indirect,1024,192,99708,3858
0,dense,scalar_indirect,1024,193,99542,3858
0,dense,scalar_indirect,1024,194,99417,3858
0,dense,scalar_indirect,1024,195,99500,3858
0,dense,scalar_indirect,1024,196,99542,3858
0,dense,scalar_indirect,1024,197,99500,3858
0,dense,scalar_indirect,1024,198,99500,3858
0,dense,scalar_indirect,1024,199,99583,3858
0,dense,scalar_indirect,1024,200,99542,3858
0,dense,scalar_indirect,1024,201,99542,3858
0,dense,scalar_indirect,1024,202,99500,3858
0,dense,scalar_indirect,1024,203,99500,3858
0,dense,scalar_indirect,1024,204,99333,3858
0,dense,scalar_indirect,1024,205,99541,3858
0,dense,scalar_indirect,1024,206,98417,3858
0,dense,scalar_indirect,1024,207,95167,3858
0,dense,scalar_indirect,1024,208,95166,3858
0,dense,scalar_indirect,1024,209,95125,3858
0,dense,scalar_indirect,1024,210,95208,3858
0,dense,scalar_indirect,1024,211,95250,3858
0,dense,scalar_indirect,1024,212,95084,3858
0,dense,scalar_indirect,1024,213,95125,3858
0,dense,scalar_indirect,1024,214,95083,3858
0,dense,scalar_indirect,1024,215,95083,3858
0,dense,scalar_indirect,1024,216,95250,3858
0,dense,scalar_indirect,1024,217,95084,3858
0,dense,scalar_indirect,1024,218,95208,3858
0,dense,scalar_indirect,1024,219,95167,3858
0,dense,scalar_indirect,1024,220,95042,3858
0,dense,scalar_indirect,1024,221,95291,3858
0,dense,scalar_indirect,1024,222,95125,3858
0,dense,scalar_indirect,1024,223,95208,3858
0,dense,scalar_indirect,1024,224,95084,3858
0,dense,scalar_indirect,1024,225,95375,3858
0,dense,scalar_indirect,1024,226,95208,3858
0,dense,scalar_indirect,1024,227,95208,3858
0,dense,scalar_indirect,1024,228,95083,3858
0,dense,scalar_indirect,1024,229,95167,3858
0,dense,scalar_indirect,1024,230,95125,3858
0,dense,scalar_indirect,1024,231,95542,3858
0,dense,scalar_indirect,1024,232,95458,3858
0,dense,scalar_indirect,1024,233,95542,3858
0,dense,scalar_indirect,1024,234,95167,3858
0,dense,scalar_indirect,1024,235,95166,3858
0,dense,scalar_indirect,1024,236,95292,3858
0,dense,scalar_indirect,1024,237,95334,3858
0,dense,scalar_indirect,1024,238,95166,3858
0,dense,scalar_indirect,1024,239,95167,3858
0,dense,scalar_indirect,1024,240,95166,3858
0,dense,scalar_indirect,1024,241,95375,3858
0,dense,scalar_indirect,1024,242,95208,3858
0,dense,scalar_indirect,1024,243,95292,3858
0,dense,scalar_indirect,1024,244,95167,3858
0,dense,scalar_indirect,1024,245,95166,3858
0,dense,scalar_indirect,1024,246,95292,3858
0,dense,scalar_indirect,1024,247,95417,3858
0,dense,scalar_indirect,1024,248,95250,3858
0,dense,scalar_indirect,1024,249,95125,3858
0,dense,scalar_indirect,1024,250,95209,3858
0,dense,scalar_indirect,1024,251,95208,3858
0,dense,scalar_indirect,1024,252,95333,3858
0,dense,scalar_indirect,1024,253,95292,3858
0,dense,scalar_indirect,1024,254,95250,3858
0,dense,scalar_indirect,1024,255,95292,3858
0,dense,scalar_indirect,1024,256,95458,3858
0,dense,scalar_indirect,1024,257,95334,3858
0,dense,scalar_indirect,1024,258,95292,3858
0,dense,scalar_indirect,1024,259,95291,3858
0,dense,scalar_indirect,1024,260,95250,3858
0,dense,scalar_indirect,1024,261,95292,3858
0,dense,scalar_indirect,1024,262,95375,3858
0,dense,scalar_indirect,1024,263,95291,3858
0,dense,scalar_indirect,1024,264,95250,3858
0,dense,scalar_indirect,1024,265,95209,3858
0,dense,scalar_indirect,1024,266,95250,3858
0,dense,scalar_indirect,1024,267,95375,3858
0,dense,scalar_indirect,1024,268,95334,3858
0,dense,scalar_indirect,1024,269,92125,3858
0,dense,scalar_indirect,1024,270,91667,3858
0,dense,scalar_indirect,1024,271,91833,3858
0,dense,scalar_indirect,1024,272,91875,3858
0,dense,scalar_indirect,1024,273,91750,3858
0,dense,scalar_indirect,1024,274,91792,3858
0,dense,scalar_indirect,1024,275,91709,3858
0,dense,scalar_indirect,1024,276,91792,3858
0,dense,scalar_indirect,1024,277,91833,3858
0,dense,scalar_indirect,1024,278,91792,3858
0,dense,scalar_indirect,1024,279,91708,3858
0,dense,scalar_indirect,1024,280,91791,3858
0,dense,scalar_indirect,1024,281,91750,3858
0,dense,scalar_indirect,1024,282,91833,3858
0,dense,scalar_indirect,1024,283,91875,3858
0,dense,scalar_indirect,1024,284,91875,3858
0,dense,scalar_indirect,1024,285,91875,3858
0,dense,scalar_indirect,1024,286,91875,3858
0,dense,scalar_indirect,1024,287,92000,3858
0,dense,scalar_indirect,1024,288,91833,3858
0,dense,scalar_indirect,1024,289,91750,3858
0,dense,scalar_indirect,1024,290,91792,3858
0,dense,scalar_indirect,1024,291,91917,3858
0,dense,scalar_indirect,1024,292,91750,3858
0,dense,scalar_indirect,1024,293,91792,3858
0,dense,scalar_indirect,1024,294,91791,3858
0,dense,scalar_indirect,1024,295,93792,3858
0,dense,scalar_indirect,1024,296,91750,3858
0,dense,scalar_indirect,1024,297,91875,3858
0,dense,scalar_indirect,1024,298,91958,3858
0,dense,scalar_indirect,1024,299,91708,3858
0,dense,scalar_packed,1024,0,65083,3858
0,dense,scalar_packed,1024,1,65083,3858
0,dense,scalar_packed,1024,2,65083,3858
0,dense,scalar_packed,1024,3,65084,3858
0,dense,scalar_packed,1024,4,65333,3858
0,dense,scalar_packed,1024,5,65083,3858
0,dense,scalar_packed,1024,6,65125,3858
0,dense,scalar_packed,1024,7,65000,3858
0,dense,scalar_packed,1024,8,65250,3858
0,dense,scalar_packed,1024,9,65125,3858
0,dense,scalar_packed,1024,10,65000,3858
0,dense,scalar_packed,1024,11,64958,3858
0,dense,scalar_packed,1024,12,65083,3858
0,dense,scalar_packed,1024,13,65125,3858
0,dense,scalar_packed,1024,14,65083,3858
0,dense,scalar_packed,1024,15,65250,3858
0,dense,scalar_packed,1024,16,65042,3858
0,dense,scalar_packed,1024,17,65083,3858
0,dense,scalar_packed,1024,18,64958,3858
0,dense,scalar_packed,1024,19,65125,3858
0,dense,scalar_packed,1024,20,65125,3858
0,dense,scalar_packed,1024,21,65209,3858
0,dense,scalar_packed,1024,22,65125,3858
0,dense,scalar_packed,1024,23,65125,3858
0,dense,scalar_packed,1024,24,65208,3858
0,dense,scalar_packed,1024,25,65125,3858
0,dense,scalar_packed,1024,26,65042,3858
0,dense,scalar_packed,1024,27,65209,3858
0,dense,scalar_packed,1024,28,65209,3858
0,dense,scalar_packed,1024,29,65083,3858
0,dense,scalar_packed,1024,30,65083,3858
0,dense,scalar_packed,1024,31,65042,3858
0,dense,scalar_packed,1024,32,65000,3858
0,dense,scalar_packed,1024,33,65041,3858
0,dense,scalar_packed,1024,34,65334,3858
0,dense,scalar_packed,1024,35,65083,3858
0,dense,scalar_packed,1024,36,65083,3858
0,dense,scalar_packed,1024,37,65209,3858
0,dense,scalar_packed,1024,38,65125,3858
0,dense,scalar_packed,1024,39,65000,3858
0,dense,scalar_packed,1024,40,65042,3858
0,dense,scalar_packed,1024,41,65125,3858
0,dense,scalar_packed,1024,42,65125,3858
0,dense,scalar_packed,1024,43,65125,3858
0,dense,scalar_packed,1024,44,65042,3858
0,dense,scalar_packed,1024,45,65041,3858
0,dense,scalar_packed,1024,46,65250,3858
0,dense,scalar_packed,1024,47,65167,3858
0,dense,scalar_packed,1024,48,65167,3858
0,dense,scalar_packed,1024,49,65083,3858
0,dense,scalar_packed,1024,50,65083,3858
0,dense,scalar_packed,1024,51,65375,3858
0,dense,scalar_packed,1024,52,65000,3858
0,dense,scalar_packed,1024,53,64208,3858
0,dense,scalar_packed,1024,54,64625,3858
0,dense,scalar_packed,1024,55,64167,3858
0,dense,scalar_packed,1024,56,64041,3858
0,dense,scalar_packed,1024,57,64167,3858
0,dense,scalar_packed,1024,58,64125,3858
0,dense,scalar_packed,1024,59,65584,3858
0,dense,scalar_packed,1024,60,64125,3858
0,dense,scalar_packed,1024,61,64125,3858
0,dense,scalar_packed,1024,62,64084,3858
0,dense,scalar_packed,1024,63,64000,3858
0,dense,scalar_packed,1024,64,64583,3858
0,dense,scalar_packed,1024,65,64208,3858
0,dense,scalar_packed,1024,66,64167,3858
0,dense,scalar_packed,1024,67,64166,3858
0,dense,scalar_packed,1024,68,64125,3858
0,dense,scalar_packed,1024,69,64209,3858
0,dense,scalar_packed,1024,70,64166,3858
0,dense,scalar_packed,1024,71,64250,3858
0,dense,scalar_packed,1024,72,64167,3858
0,dense,scalar_packed,1024,73,64250,3858
0,dense,scalar_packed,1024,74,64209,3858
0,dense,scalar_packed,1024,75,64208,3858
0,dense,scalar_packed,1024,76,64166,3858
0,dense,scalar_packed,1024,77,64125,3858
0,dense,scalar_packed,1024,78,64208,3858
0,dense,scalar_packed,1024,79,64334,3858
0,dense,scalar_packed,1024,80,64125,3858
0,dense,scalar_packed,1024,81,64167,3858
0,dense,scalar_packed,1024,82,64250,3858
0,dense,scalar_packed,1024,83,63792,3858
0,dense,scalar_packed,1024,84,63375,3858
0,dense,scalar_packed,1024,85,63416,3858
0,dense,scalar_packed,1024,86,63458,3858
0,dense,scalar_packed,1024,87,63500,3858
0,dense,scalar_packed,1024,88,63417,3858
0,dense,scalar_packed,1024,89,63333,3858
0,dense,scalar_packed,1024,90,63417,3858
0,dense,scalar_packed,1024,91,63500,3858
0,dense,scalar_packed,1024,92,63458,3858
0,dense,scalar_packed,1024,93,63542,3858
0,dense,scalar_packed,1024,94,65834,3858
0,dense,scalar_packed,1024,95,63250,3858
0,dense,scalar_packed,1024,96,63500,3858
0,dense,scalar_packed,1024,97,63250,3858
0,dense,scalar_packed,1024,98,63459,3858
0,dense,scalar_packed,1024,99,63417,3858
0,dense,scalar_packed,1024,100,63375,3858
0,dense,scalar_packed,1024,101,63250,3858
0,dense,scalar_packed,1024,102,63333,3858
0,dense,scalar_packed,1024,103,63458,3858
0,dense,scalar_packed,1024,104,63333,3858
0,dense,scalar_packed,1024,105,63417,3858
0,dense,scalar_packed,1024,106,63334,3858
0,dense,scalar_packed,1024,107,63292,3858
0,dense,scalar_packed,1024,108,63375,3858
0,dense,scalar_packed,1024,109,63375,3858
0,dense,scalar_packed,1024,110,63292,3858
0,dense,scalar_packed,1024,111,63417,3858
0,dense,scalar_packed,1024,112,63292,3858
0,dense,scalar_packed,1024,113,63334,3858
0,dense,scalar_packed,1024,114,63416,3858
0,dense,scalar_packed,1024,115,63250,3858
0,dense,scalar_packed,1024,116,62667,3858
0,dense,scalar_packed,1024,117,62458,3858
0,dense,scalar_packed,1024,118,62458,3858
0,dense,scalar_packed,1024,119,62417,3858
0,dense,scalar_packed,1024,120,62375,3858
0,dense,scalar_packed,1024,121,62333,3858
0,dense,scalar_packed,1024,122,62500,3858
0,dense,scalar_packed,1024,123,62458,3858
0,dense,scalar_packed,1024,124,62459,3858
0,dense,scalar_packed,1024,125,62333,3858
0,dense,scalar_packed,1024,126,62291,3858
0,dense,scalar_packed,1024,127,62292,3858
0,dense,scalar_packed,1024,128,62416,3858
0,dense,scalar_packed,1024,129,62417,3858
0,dense,scalar_packed,1024,130,62417,3858
0,dense,scalar_packed,1024,131,62375,3858
0,dense,scalar_packed,1024,132,62334,3858
0,dense,scalar_packed,1024,133,62458,3858
0,dense,scalar_packed,1024,134,62417,3858
0,dense,scalar_packed,1024,135,62416,3858
0,dense,scalar_packed,1024,136,62459,3858
0,dense,scalar_packed,1024,137,62500,3858
0,dense,scalar_packed,1024,138,62458,3858
0,dense,scalar_packed,1024,139,62333,3858
0,dense,scalar_packed,1024,140,62542,3858
0,dense,scalar_packed,1024,141,62416,3858
0,dense,scalar_packed,1024,142,62292,3858
0,dense,scalar_packed,1024,143,62458,3858
0,dense,scalar_packed,1024,144,62416,3858
0,dense,scalar_packed,1024,145,62459,3858
0,dense,scalar_packed,1024,146,62541,3858
0,dense,scalar_packed,1024,147,62500,3858
0,dense,scalar_packed,1024,148,62375,3858
0,dense,scalar_packed,1024,149,62417,3858
0,dense,scalar_packed,1024,150,62416,3858
0,dense,scalar_packed,1024,151,62459,3858
0,dense,scalar_packed,1024,152,62375,3858
0,dense,scalar_packed,1024,153,62333,3858
0,dense,scalar_packed,1024,154,62416,3858
0,dense,scalar_packed,1024,155,62375,3858
0,dense,scalar_packed,1024,156,62500,3858
0,dense,scalar_packed,1024,157,62500,3858
0,dense,scalar_packed,1024,158,62333,3858
0,dense,scalar_packed,1024,159,62375,3858
0,dense,scalar_packed,1024,160,62583,3858
0,dense,scalar_packed,1024,161,62542,3858
0,dense,scalar_packed,1024,162,62417,3858
0,dense,scalar_packed,1024,163,62375,3858
0,dense,scalar_packed,1024,164,62375,3858
0,dense,scalar_packed,1024,165,62375,3858
0,dense,scalar_packed,1024,166,62417,3858
0,dense,scalar_packed,1024,167,62375,3858
0,dense,scalar_packed,1024,168,62334,3858
0,dense,scalar_packed,1024,169,62334,3858
0,dense,scalar_packed,1024,170,62375,3858
0,dense,scalar_packed,1024,171,62375,3858
0,dense,scalar_packed,1024,172,62375,3858
0,dense,scalar_packed,1024,173,62375,3858
0,dense,scalar_packed,1024,174,62458,3858
0,dense,scalar_packed,1024,175,62459,3858
0,dense,scalar_packed,1024,176,62541,3858
0,dense,scalar_packed,1024,177,62542,3858
0,dense,scalar_packed,1024,178,62500,3858
0,dense,scalar_packed,1024,179,62500,3858
0,dense,scalar_packed,1024,180,62417,3858
0,dense,scalar_packed,1024,181,62459,3858
0,dense,scalar_packed,1024,182,62500,3858
0,dense,scalar_packed,1024,183,62333,3858
0,dense,scalar_packed,1024,184,62333,3858
0,dense,scalar_packed,1024,185,62333,3858
0,dense,scalar_packed,1024,186,62292,3858
0,dense,scalar_packed,1024,187,62375,3858
0,dense,scalar_packed,1024,188,62417,3858
0,dense,scalar_packed,1024,189,62417,3858
0,dense,scalar_packed,1024,190,62375,3858
0,dense,scalar_packed,1024,191,62375,3858
0,dense,scalar_packed,1024,192,62375,3858
0,dense,scalar_packed,1024,193,62541,3858
0,dense,scalar_packed,1024,194,62500,3858
0,dense,scalar_packed,1024,195,62334,3858
0,dense,scalar_packed,1024,196,62458,3858
0,dense,scalar_packed,1024,197,62292,3858
0,dense,scalar_packed,1024,198,65334,3858
0,dense,scalar_packed,1024,199,67958,3858
0,dense,scalar_packed,1024,200,62583,3858
0,dense,scalar_packed,1024,201,62417,3858
0,dense,scalar_packed,1024,202,62416,3858
0,dense,scalar_packed,1024,203,62375,3858
0,dense,scalar_packed,1024,204,62417,3858
0,dense,scalar_packed,1024,205,62458,3858
0,dense,scalar_packed,1024,206,62334,3858
0,dense,scalar_packed,1024,207,62417,3858
0,dense,scalar_packed,1024,208,62458,3858
0,dense,scalar_packed,1024,209,62417,3858
0,dense,scalar_packed,1024,210,62375,3858
0,dense,scalar_packed,1024,211,62375,3858
0,dense,scalar_packed,1024,212,62333,3858
0,dense,scalar_packed,1024,213,62459,3858
0,dense,scalar_packed,1024,214,62417,3858
0,dense,scalar_packed,1024,215,62417,3858
0,dense,scalar_packed,1024,216,62334,3858
0,dense,scalar_packed,1024,217,62334,3858
0,dense,scalar_packed,1024,218,62500,3858
0,dense,scalar_packed,1024,219,62458,3858
0,dense,scalar_packed,1024,220,62458,3858
0,dense,scalar_packed,1024,221,62458,3858
0,dense,scalar_packed,1024,222,62375,3858
0,dense,scalar_packed,1024,223,62292,3858
0,dense,scalar_packed,1024,224,62500,3858
0,dense,scalar_packed,1024,225,62375,3858
0,dense,scalar_packed,1024,226,62500,3858
0,dense,scalar_packed,1024,227,62458,3858
0,dense,scalar_packed,1024,228,62333,3858
0,dense,scalar_packed,1024,229,62334,3858
0,dense,scalar_packed,1024,230,62375,3858
0,dense,scalar_packed,1024,231,62375,3858
0,dense,scalar_packed,1024,232,62459,3858
0,dense,scalar_packed,1024,233,62500,3858
0,dense,scalar_packed,1024,234,62459,3858
0,dense,scalar_packed,1024,235,62417,3858
0,dense,scalar_packed,1024,236,62417,3858
0,dense,scalar_packed,1024,237,62416,3858
0,dense,scalar_packed,1024,238,62417,3858
0,dense,scalar_packed,1024,239,62375,3858
0,dense,scalar_packed,1024,240,62500,3858
0,dense,scalar_packed,1024,241,62542,3858
0,dense,scalar_packed,1024,242,62375,3858
0,dense,scalar_packed,1024,243,62500,3858
0,dense,scalar_packed,1024,244,62417,3858
0,dense,scalar_packed,1024,245,62417,3858
0,dense,scalar_packed,1024,246,62458,3858
0,dense,scalar_packed,1024,247,62417,3858
0,dense,scalar_packed,1024,248,62541,3858
0,dense,scalar_packed,1024,249,64125,3858
0,dense,scalar_packed,1024,250,64125,3858
0,dense,scalar_packed,1024,251,63208,3858
0,dense,scalar_packed,1024,252,62500,3858
0,dense,scalar_packed,1024,253,62458,3858
0,dense,scalar_packed,1024,254,64125,3858
0,dense,scalar_packed,1024,255,62333,3858
0,dense,scalar_packed,1024,256,62500,3858
0,dense,scalar_packed,1024,257,62459,3858
0,dense,scalar_packed,1024,258,62458,3858
0,dense,scalar_packed,1024,259,62458,3858
0,dense,scalar_packed,1024,260,62333,3858
0,dense,scalar_packed,1024,261,62417,3858
0,dense,scalar_packed,1024,262,62416,3858
0,dense,scalar_packed,1024,263,62500,3858
0,dense,scalar_packed,1024,264,62375,3858
0,dense,scalar_packed,1024,265,62375,3858
0,dense,scalar_packed,1024,266,62459,3858
0,dense,scalar_packed,1024,267,62416,3858
0,dense,scalar_packed,1024,268,62292,3858
0,dense,scalar_packed,1024,269,62417,3858
0,dense,scalar_packed,1024,270,62333,3858
0,dense,scalar_packed,1024,271,62542,3858
0,dense,scalar_packed,1024,272,62542,3858
0,dense,scalar_packed,1024,273,62500,3858
0,dense,scalar_packed,1024,274,62333,3858
0,dense,scalar_packed,1024,275,62500,3858
0,dense,scalar_packed,1024,276,62458,3858
0,dense,scalar_packed,1024,277,62500,3858
0,dense,scalar_packed,1024,278,62625,3858
0,dense,scalar_packed,1024,279,62375,3858
0,dense,scalar_packed,1024,280,62500,3858
0,dense,scalar_packed,1024,281,62500,3858
0,dense,scalar_packed,1024,282,62417,3858
0,dense,scalar_packed,1024,283,62333,3858
0,dense,scalar_packed,1024,284,62375,3858
0,dense,scalar_packed,1024,285,62584,3858
0,dense,scalar_packed,1024,286,62459,3858
0,dense,scalar_packed,1024,287,62458,3858
0,dense,scalar_packed,1024,288,62458,3858
0,dense,scalar_packed,1024,289,62375,3858
0,dense,scalar_packed,1024,290,62500,3858
0,dense,scalar_packed,1024,291,62458,3858
0,dense,scalar_packed,1024,292,62333,3858
0,dense,scalar_packed,1024,293,62500,3858
0,dense,scalar_packed,1024,294,62458,3858
0,dense,scalar_packed,1024,295,62417,3858
0,dense,scalar_packed,1024,296,62334,3858
0,dense,scalar_packed,1024,297,62375,3858
0,dense,scalar_packed,1024,298,62459,3858
0,dense,scalar_packed,1024,299,62416,3858
0,dense,simd,1024,0,52916,3858
0,dense,simd,1024,1,52792,3858
0,dense,simd,1024,2,52916,3858
0,dense,simd,1024,3,52875,3858
0,dense,simd,1024,4,52833,3858
0,dense,simd,1024,5,52875,3858
0,dense,simd,1024,6,52917,3858
0,dense,simd,1024,7,52833,3858
0,dense,simd,1024,8,52875,3858
0,dense,simd,1024,9,52917,3858
0,dense,simd,1024,10,52791,3858
0,dense,simd,1024,11,53125,3858
0,dense,simd,1024,12,53000,3858
0,dense,simd,1024,13,52917,3858
0,dense,simd,1024,14,52916,3858
0,dense,simd,1024,15,52750,3858
0,dense,simd,1024,16,52791,3858
0,dense,simd,1024,17,52875,3858
0,dense,simd,1024,18,52833,3858
0,dense,simd,1024,19,52834,3858
0,dense,simd,1024,20,52750,3858
0,dense,simd,1024,21,52916,3858
0,dense,simd,1024,22,52792,3858
0,dense,simd,1024,23,52792,3858
0,dense,simd,1024,24,52833,3858
0,dense,simd,1024,25,52791,3858
0,dense,simd,1024,26,52917,3858
0,dense,simd,1024,27,52750,3858
0,dense,simd,1024,28,52833,3858
0,dense,simd,1024,29,52834,3858
0,dense,simd,1024,30,52792,3858
0,dense,simd,1024,31,52875,3858
0,dense,simd,1024,32,52875,3858
0,dense,simd,1024,33,52833,3858
0,dense,simd,1024,34,52833,3858
0,dense,simd,1024,35,52750,3858
0,dense,simd,1024,36,52834,3858
0,dense,simd,1024,37,52833,3858
0,dense,simd,1024,38,52750,3858
0,dense,simd,1024,39,52833,3858
0,dense,simd,1024,40,52833,3858
0,dense,simd,1024,41,52834,3858
0,dense,simd,1024,42,52708,3858
0,dense,simd,1024,43,52875,3858
0,dense,simd,1024,44,52833,3858
0,dense,simd,1024,45,52916,3858
0,dense,simd,1024,46,52833,3858
0,dense,simd,1024,47,52833,3858
0,dense,simd,1024,48,52792,3858
0,dense,simd,1024,49,52791,3858
0,dense,simd,1024,50,52750,3858
0,dense,simd,1024,51,52875,3858
0,dense,simd,1024,52,52958,3858
0,dense,simd,1024,53,52958,3858
0,dense,simd,1024,54,52833,3858
0,dense,simd,1024,55,52792,3858
0,dense,simd,1024,56,52833,3858
0,dense,simd,1024,57,52667,3858
0,dense,simd,1024,58,52791,3858
0,dense,simd,1024,59,52834,3858
0,dense,simd,1024,60,52833,3858
0,dense,simd,1024,61,52958,3858
0,dense,simd,1024,62,52875,3858
0,dense,simd,1024,63,52833,3858
0,dense,simd,1024,64,52792,3858
0,dense,simd,1024,65,52834,3858
0,dense,simd,1024,66,52958,3858
0,dense,simd,1024,67,52833,3858
0,dense,simd,1024,68,52875,3858
0,dense,simd,1024,69,52791,3858
0,dense,simd,1024,70,53125,3858
0,dense,simd,1024,71,53167,3858
0,dense,simd,1024,72,52750,3858
0,dense,simd,1024,73,52792,3858
0,dense,simd,1024,74,52833,3858
0,dense,simd,1024,75,52875,3858
0,dense,simd,1024,76,52916,3858
0,dense,simd,1024,77,53042,3858
0,dense,simd,1024,78,53083,3858
0,dense,simd,1024,79,53083,3858
0,dense,simd,1024,80,53042,3858
0,dense,simd,1024,81,53042,3858
0,dense,simd,1024,82,53125,3858
0,dense,simd,1024,83,54542,3858
0,dense,simd,1024,84,53166,3858
0,dense,simd,1024,85,53083,3858
0,dense,simd,1024,86,53125,3858
0,dense,simd,1024,87,53000,3858
0,dense,simd,1024,88,52791,3858
0,dense,simd,1024,89,52875,3858
0,dense,simd,1024,90,52792,3858
0,dense,simd,1024,91,52875,3858
0,dense,simd,1024,92,52791,3858
0,dense,simd,1024,93,52750,3858
0,dense,simd,1024,94,52875,3858
0,dense,simd,1024,95,52709,3858
0,dense,simd,1024,96,52792,3858
0,dense,simd,1024,97,52875,3858
0,dense,simd,1024,98,52792,3858
0,dense,simd,1024,99,52959,3858
0,dense,simd,1024,100,52875,3858
0,dense,simd,1024,101,52750,3858
0,dense,simd,1024,102,52833,3858
0,dense,simd,1024,103,52834,3858
0,dense,simd,1024,104,52875,3858
0,dense,simd,1024,105,53083,3858
0,dense,simd,1024,106,53209,3858
0,dense,simd,1024,107,53125,3858
0,dense,simd,1024,108,52958,3858
0,dense,simd,1024,109,52792,3858
0,dense,simd,1024,110,52958,3858
0,dense,simd,1024,111,53125,3858
0,dense,simd,1024,112,53208,3858
0,dense,simd,1024,113,53292,3858
0,dense,simd,1024,114,52958,3858
0,dense,simd,1024,115,53041,3858
0,dense,simd,1024,116,53000,3858
0,dense,simd,1024,117,52750,3858
0,dense,simd,1024,118,52833,3858
0,dense,simd,1024,119,53000,3858
0,dense,simd,1024,120,52875,3858
0,dense,simd,1024,121,53042,3858
0,dense,simd,1024,122,53083,3858
0,dense,simd,1024,123,53041,3858
0,dense,simd,1024,124,52875,3858
0,dense,simd,1024,125,52833,3858
0,dense,simd,1024,126,52958,3858
0,dense,simd,1024,127,52833,3858
0,dense,simd,1024,128,52792,3858
0,dense,simd,1024,129,52917,3858
0,dense,simd,1024,130,52791,3858
0,dense,simd,1024,131,52792,3858
0,dense,simd,1024,132,52833,3858
0,dense,simd,1024,133,52958,3858
0,dense,simd,1024,134,52750,3858
0,dense,simd,1024,135,53000,3858
0,dense,simd,1024,136,53167,3858
0,dense,simd,1024,137,53125,3858
0,dense,simd,1024,138,52834,3858
0,dense,simd,1024,139,52875,3858
0,dense,simd,1024,140,52833,3858
0,dense,simd,1024,141,52833,3858
0,dense,simd,1024,142,53000,3858
0,dense,simd,1024,143,52792,3858
0,dense,simd,1024,144,52958,3858
0,dense,simd,1024,145,52875,3858
0,dense,simd,1024,146,53000,3858
0,dense,simd,1024,147,52917,3858
0,dense,simd,1024,148,52833,3858
0,dense,simd,1024,149,52792,3858
0,dense,simd,1024,150,52917,3858
0,dense,simd,1024,151,52875,3858
0,dense,simd,1024,152,52791,3858
0,dense,simd,1024,153,52959,3858
0,dense,simd,1024,154,52792,3858
0,dense,simd,1024,155,52958,3858
0,dense,simd,1024,156,52792,3858
0,dense,simd,1024,157,53083,3858
0,dense,simd,1024,158,53041,3858
0,dense,simd,1024,159,52959,3858
0,dense,simd,1024,160,52916,3858
0,dense,simd,1024,161,53000,3858
0,dense,simd,1024,162,52917,3858
0,dense,simd,1024,163,52792,3858
0,dense,simd,1024,164,52750,3858
0,dense,simd,1024,165,53250,3858
0,dense,simd,1024,166,53041,3858
0,dense,simd,1024,167,52875,3858
0,dense,simd,1024,168,52959,3858
0,dense,simd,1024,169,52958,3858
0,dense,simd,1024,170,52792,3858
0,dense,simd,1024,171,52791,3858
0,dense,simd,1024,172,52875,3858
0,dense,simd,1024,173,52750,3858
0,dense,simd,1024,174,52750,3858
0,dense,simd,1024,175,52667,3858
0,dense,simd,1024,176,52958,3858
0,dense,simd,1024,177,52875,3858
0,dense,simd,1024,178,52959,3858
0,dense,simd,1024,179,52791,3858
0,dense,simd,1024,180,52917,3858
0,dense,simd,1024,181,52750,3858
0,dense,simd,1024,182,52750,3858
0,dense,simd,1024,183,52917,3858
0,dense,simd,1024,184,53042,3858
0,dense,simd,1024,185,52916,3858
0,dense,simd,1024,186,52917,3858
0,dense,simd,1024,187,52958,3858
0,dense,simd,1024,188,53000,3858
0,dense,simd,1024,189,52750,3858
0,dense,simd,1024,190,52709,3858
0,dense,simd,1024,191,53042,3858
0,dense,simd,1024,192,53000,3858
0,dense,simd,1024,193,52750,3858
0,dense,simd,1024,194,52833,3858
0,dense,simd,1024,195,52834,3858
0,dense,simd,1024,196,52750,3858
0,dense,simd,1024,197,52791,3858
0,dense,simd,1024,198,52875,3858
0,dense,simd,1024,199,52875,3858
0,dense,simd,1024,200,52833,3858
0,dense,simd,1024,201,52791,3858
0,dense,simd,1024,202,52833,3858
0,dense,simd,1024,203,52959,3858
0,dense,simd,1024,204,52875,3858
0,dense,simd,1024,205,52792,3858
0,dense,simd,1024,206,52875,3858
0,dense,simd,1024,207,52917,3858
0,dense,simd,1024,208,52750,3858
0,dense,simd,1024,209,52875,3858
0,dense,simd,1024,210,52916,3858
0,dense,simd,1024,211,56084,3858
0,dense,simd,1024,212,53584,3858
0,dense,simd,1024,213,53041,3858
0,dense,simd,1024,214,53000,3858
0,dense,simd,1024,215,53000,3858
0,dense,simd,1024,216,52792,3858
0,dense,simd,1024,217,52875,3858
0,dense,simd,1024,218,52875,3858
0,dense,simd,1024,219,52750,3858
0,dense,simd,1024,220,52833,3858
0,dense,simd,1024,221,52792,3858
0,dense,simd,1024,222,52875,3858
0,dense,simd,1024,223,52875,3858
0,dense,simd,1024,224,52875,3858
0,dense,simd,1024,225,52792,3858
0,dense,simd,1024,226,52834,3858
0,dense,simd,1024,227,52791,3858
0,dense,simd,1024,228,52875,3858
0,dense,simd,1024,229,53000,3858
0,dense,simd,1024,230,52916,3858
0,dense,simd,1024,231,52917,3858
0,dense,simd,1024,232,52875,3858
0,dense,simd,1024,233,52834,3858
0,dense,simd,1024,234,52875,3858
0,dense,simd,1024,235,52917,3858
0,dense,simd,1024,236,52875,3858
0,dense,simd,1024,237,52875,3858
0,dense,simd,1024,238,52791,3858
0,dense,simd,1024,239,52917,3858
0,dense,simd,1024,240,52958,3858
0,dense,simd,1024,241,52750,3858
0,dense,simd,1024,242,52792,3858
0,dense,simd,1024,243,52917,3858
0,dense,simd,1024,244,52875,3858
0,dense,simd,1024,245,52875,3858
0,dense,simd,1024,246,52916,3858
0,dense,simd,1024,247,52875,3858
0,dense,simd,1024,248,52875,3858
0,dense,simd,1024,249,52750,3858
0,dense,simd,1024,250,52792,3858
0,dense,simd,1024,251,52833,3858
0,dense,simd,1024,252,52750,3858
0,dense,simd,1024,253,52958,3858
0,dense,simd,1024,254,52833,3858
0,dense,simd,1024,255,52958,3858
0,dense,simd,1024,256,52750,3858
0,dense,simd,1024,257,52917,3858
0,dense,simd,1024,258,52791,3858
0,dense,simd,1024,259,52959,3858
0,dense,simd,1024,260,52833,3858
0,dense,simd,1024,261,52833,3858
0,dense,simd,1024,262,52959,3858
0,dense,simd,1024,263,52833,3858
0,dense,simd,1024,264,52875,3858
0,dense,simd,1024,265,52750,3858
0,dense,simd,1024,266,52916,3858
0,dense,simd,1024,267,52750,3858
0,dense,simd,1024,268,52875,3858
0,dense,simd,1024,269,52958,3858
0,dense,simd,1024,270,53000,3858
0,dense,simd,1024,271,52708,3858
0,dense,simd,1024,272,54125,3858
0,dense,simd,1024,273,52875,3858
0,dense,simd,1024,274,53042,3858
0,dense,simd,1024,275,52917,3858
0,dense,simd,1024,276,52875,3858
0,dense,simd,1024,277,52875,3858
0,dense,simd,1024,278,52959,3858
0,dense,simd,1024,279,52791,3858
0,dense,simd,1024,280,52792,3858
0,dense,simd,1024,281,52750,3858
0,dense,simd,1024,282,52750,3858
0,dense,simd,1024,283,52791,3858
0,dense,simd,1024,284,52833,3858
0,dense,simd,1024,285,53000,3858
0,dense,simd,1024,286,52834,3858
0,dense,simd,1024,287,52708,3858
0,dense,simd,1024,288,52791,3858
0,dense,simd,1024,289,52792,3858
0,dense,simd,1024,290,52958,3858
0,dense,simd,1024,291,52917,3858
0,dense,simd,1024,292,52833,3858
0,dense,simd,1024,293,52958,3858
0,dense,simd,1024,294,52958,3858
0,dense,simd,1024,295,52792,3858
0,dense,simd,1024,296,52875,3858
0,dense,simd,1024,297,52833,3858
0,dense,simd,1024,298,52750,3858
0,dense,simd,1024,299,52708,3858
0,all_overlapping,scalar_indirect,1024,0,2232458,523776
0,all_overlapping,scalar_indirect,1024,1,2225125,523776
0,all_overlapping,scalar_indirect,1024,2,2229084,523776
0,all_overlapping,scalar_indirect,1024,3,2228916,523776
0,all_overlapping,scalar_indirect,1024,4,2230833,523776
0,all_overlapping,scalar_indirect,1024,5,2229042,523776
0,all_overlapping,scalar_indirect,1024,6,2231833,523776
0,all_overlapping,scalar_indirect,1024,7,2228958,523776
0,all_overlapping,scalar_indirect,1024,8,2240334,523776
0,all_overlapping,scalar_indirect,1024,9,2230250,523776
0,all_overlapping,scalar_indirect,1024,10,2233291,523776
0,all_overlapping,scalar_indirect,1024,11,2235084,523776
0,all_overlapping,scalar_indirect,1024,12,2229666,523776
0,all_overlapping,scalar_indirect,1024,13,2229542,523776
0,all_overlapping,scalar_indirect,1024,14,2229375,523776
0,all_overlapping,scalar_indirect,1024,15,2252792,523776
0,all_overlapping,scalar_indirect,1024,16,2232083,523776
0,all_overlapping,scalar_indirect,1024,17,2227208,523776
0,all_overlapping,scalar_indirect,1024,18,2229125,523776
0,all_overlapping,scalar_indirect,1024,19,2226666,523776
0,all_overlapping,scalar_indirect,1024,20,2229000,523776
0,all_overlapping,scalar_indirect,1024,21,2229250,523776
0,all_overlapping,scalar_indirect,1024,22,2234958,523776
0,all_overlapping,scalar_indirect,1024,23,2227542,523776
0,all_overlapping,scalar_indirect,1024,24,2268250,523776
0,all_overlapping,scalar_indirect,1024,25,2234500,523776
0,all_overlapping,scalar_indirect,1024,26,2234916,523776
0,all_overlapping,scalar_indirect,1024,27,2229417,523776
0,all_overlapping,scalar_indirect,1024,28,2230750,523776
0,all_overlapping,scalar_indirect,1024,29,2228292,523776
0,all_overlapping,scalar_indirect,1024,30,2233333,523776
0,all_overlapping,scalar_indirect,1024,31,2228000,523776
0,all_overlapping,scalar_indirect,1024,32,2230042,523776
0,all_overlapping,scalar_indirect,1024,33,2230042,523776
0,all_overlapping,scalar_indirect,1024,34,2228500,523776
0,all_overlapping,scalar_indirect,1024,35,2228083,523776
0,all_overlapping,scalar_indirect,1024,36,2229916,523776
0,all_overlapping,scalar_indirect,1024,37,2229667,523776
0,all_overlapping,scalar_indirect,1024,38,2236416,523776
0,all_overlapping,scalar_indirect,1024,39,2228125,523776
0,all_overlapping,scalar_indirect,1024,40,2230292,523776
0,all_overlapping,scalar_indirect,1024,41,2226583,523776
0,all_overlapping,scalar_indirect,1024,42,2231166,523776
0,all_overlapping,scalar_indirect,1024,43,2227167,523776
0,all_overlapping,scalar_indirect,1024,44,2228042,523776
0,all_overlapping,scalar_indirect,1024,45,2232625,523776
0,all_overlapping,scalar_indirect,1024,46,2229625,523776
0,all_overlapping,scalar_indirect,1024,47,2231917,523776
0,all_overlapping,scalar_indirect,1024,48,2231833,523776
0,all_overlapping,scalar_indirect,1024,49,2229958,523776
0,all_overlapping,scalar_indirect,1024,50,2233500,523776
0,all_overlapping,scalar_indirect,1024,51,2232583,523776
0,all_overlapping,scalar_indirect,1024,52,2231292,523776
0,all_overlapping,scalar_indirect,1024,53,2239000,523776
0,all_overlapping,scalar_indirect,1024,54,2235834,523776
0,all_overlapping,scalar_indirect,1024,55,2231667,523776
0,all_overlapping,scalar_indirect,1024,56,2230958,523776
0,all_overlapping,scalar_indirect,1024,57,2235917,523776
0,all_overlapping,scalar_indirect,1024,58,2230041,523776
0,all_overlapping,scalar_indirect,1024,59,2226708,523776
0,all_overlapping,scalar_indirect,1024,60,2232042,523776
0,all_overlapping,scalar_indirect,1024,61,2234792,523776
0,all_overlapping,scalar_indirect,1024,62,2237834,523776
0,all_overlapping,scalar_indirect,1024,63,2228625,523776
0,all_overlapping,scalar_indirect,1024,64,2231292,523776
0,all_overlapping,scalar_indirect,1024,65,2815458,523776
0,all_overlapping,scalar_indirect,1024,66,2113166,523776
0,all_overlapping,scalar_indirect,1024,67,2114625,523776
0,all_overlapping,scalar_indirect,1024,68,2118042,523776
0,all_overlapping,scalar_indirect,1024,69,2152250,523776
0,all_overlapping,scalar_indirect,1024,70,2118000,523776
0,all_overlapping,scalar_indirect,1024,71,2115083,523776
0,all_overlapping,scalar_indirect,1024,72,2116458,523776
0,all_overlapping,scalar_indirect,1024,73,2114750,523776
0,all_overlapping,scalar_indirect,1024,74,2120167,523776
0,all_overlapping,scalar_indirect,1024,75,2117583,523776
0,all_overlapping,scalar_indirect,1024,76,2120083,523776
0,all_overlapping,scalar_indirect,1024,77,2114042,523776
0,all_overlapping,scalar_indirect,1024,78,2122375,523776
0,all_overlapping,scalar_indirect,1024,79,2114333,523776
0,all_overlapping,scalar_indirect,1024,80,2114042,523776
0,all_overlapping,scalar_indirect,1024,81,2112417,523776
0,all_overlapping,scalar_indirect,1024,82,2114916,523776
0,all_overlapping,scalar_indirect,1024,83,2115292,523776
0,all_overlapping,scalar_indirect,1024,84,2118416,523776
0,all_overlapping,scalar_indirect,1024,85,2114500,523776
0,all_overlapping,scalar_indirect,1024,86,2116792,523776
0,all_overlapping,scalar_indirect,1024,87,2114667,523776
0,all_overlapping,scalar_indirect,1024,88,2118208,523776
0,all_overlapping,scalar_indirect,1024,89,2115208,523776
0,all_overlapping,scalar_indirect,1024,90,2119334,523776
0,all_overlapping,scalar_indirect,1024,91,2114791,523776
0,all_overlapping,scalar_indirect,1024,92,2121417,523776
0,all_overlapping,scalar_indirect,1024,93,2117583,523776
0,all_overlapping,scalar_indirect,1024,94,2117375,523776
0,all_overlapping,scalar_indirect,1024,95,2115334,523776
0,all_overlapping,scalar_indirect,1024,96,2115208,523776
0,all_overlapping,scalar_indirect,1024,97,2114500,523776
0,all_overlapping,scalar_indirect,1024,98,2114958,523776
0,all_overlapping,scalar_indirect,1024,99,2113750,523776
0,all_overlapping,scalar_indirect,1024,100,2122292,523776
0,all_overlapping,scalar_indirect,1024,101,2113458,523776
0,all_overlapping,scalar_indirect,1024,102,2114125,523776
0,all_overlapping,scalar_indirect,1024,103,2111625,523776
0,all_overlapping,scalar_indirect,1024,104,2115500,523776
0,all_overlapping,scalar_indirect,1024,105,2115084,523776
0,all_overlapping,scalar_indirect,1024,106,2117041,523776
0,all_overlapping,scalar_indirect,1024,107,2114917,523776
0,all_overlapping,scalar_indirect,1024,108,2122375,523776
0,all_overlapping,scalar_indirect,1024,109,2118083,523776
0,all_overlapping,scalar_indirect,1024,110,2113667,523776
0,all_overlapping,scalar_indirect,1024,111,2115875,523776
0,all_overlapping,scalar_indirect,1024,112,2115542,523776
0,all_overlapping,scalar_indirect,1024,113,2115458,523776
0,all_overlapping,scalar_indirect,1024,114,2112583,523776
0,all_overlapping,scalar_indirect,1024,115,2112333,523776
0,all_overlapping,scalar_indirect,1024,116,2121042,523776
0,all_overlapping,scalar_indirect,1024,117,2143250,523776
0,all_overlapping,scalar_indirect,1024,118,2112291,523776
0,all_overlapping,scalar_indirect,1024,119,2112792,523776
0,all_overlapping,scalar_indirect,1024,120,2112917,523776
0,all_overlapping,scalar_indirect,1024,121,2116541,523776
0,all_overlapping,scalar_indirect,1024,122,2114792,523776
0,all_overlapping,scalar_indirect,1024,123,2117917,523776
0,all_overlapping,scalar_indirect,1024,124,2120250,523776
0,all_overlapping,scalar_indirect,1024,125,2112583,523776
0,all_overlapping,scalar_indirect,1024,126,2115292,523776
0,all_overlapping,scalar_indirect,1024,127,2114208,523776
0,all_overlapping,scalar_indirect,1024,128,2115375,523776
0,all_overlapping,scalar_indirect,1024,129,2116833,523776
0,all_overlapping,scalar_indirect,1024,130,2116917,523776
0,all_overlapping,scalar_indirect,1024,131,2115167,523776
0,all_overlapping,scalar_indirect,1024,132,2119000,523776
0,all_overlapping,scalar_indirect,1024,133,2118083,523776
0,all_overlapping,scalar_indirect,1024,134,2115625,523776
0,all_overlapping,scalar_indirect,1024,135,2117875,523776
0,all_overlapping,scalar_indirect,1024,136,2113708,523776
0,all_overlapping,scalar_indirect,1024,137,2115291,523776
0,all_overlapping,scalar_indirect,1024,138,2112833,523776
0,all_overlapping,scalar_indirect,1024,139,2115250,523776
0,all_overlapping,scalar_indirect,1024,140,2120292,523776
0,all_overlapping,scalar_indirect,1024,141,2116000,523776
0,all_overlapping,scalar_indirect,1024,142,2115292,523776
0,all_overlapping,scalar_indirect,1024,143,2114125,523776
0,all_overlapping,scalar_indirect,1024,144,2111459,523776
0,all_overlapping,scalar_indirect,1024,145,2114125,523776
0,all_overlapping,scalar_indirect,1024,146,2114459,523776
0,all_overlapping,scalar_indirect,1024,147,2116666,523776
0,all_overlapping,scalar_indirect,1024,148,2118625,523776
0,all_overlapping,scalar_indirect,1024,149,2118000,523776
0,all_overlapping,scalar_indirect,1024,150,2113834,523776
0,all_overlapping,scalar_indirect,1024,151,2127167,523776
0,all_overlapping,scalar_indirect,1024,152,2117625,523776
0,all_overlapping,scalar_indirect,1024,153,2117625,523776
0,all_overlapping,scalar_indirect,1024,154,2116583,523776
0,all_overlapping,scalar_indirect,1024,155,2114417,523776
0,all_overlapping,scalar_indirect,1024,156,2117375,523776
0,all_overlapping,scalar_indirect,1024,157,2117000,523776
0,all_overlapping,scalar_indirect,1024,158,2115750,523776
0,all_overlapping,scalar_indirect,1024,159,2116625,523776
0,all_overlapping,scalar_indirect,1024,160,2116041,523776
0,all_overlapping,scalar_indirect,1024,161,2116459,523776
0,all_overlapping,scalar_indirect,1024,162,2114084,523776
0,all_overlapping,scalar_indirect,1024,163,2117000,523776
0,all_overlapping,scalar_indirect,1024,164,2122833,523776
0,all_overlapping,scalar_indirect,1024,165,2141500,523776
0,all_overlapping,scalar_indirect,1024,166,2113958,523776
0,all_overlapping,scalar_indirect,1024,167,2114834,523776
0,all_overlapping,scalar_indirect,1024,168,2120500,523776
0,all_overlapping,scalar_indirect,1024,169,2116250,523776
0,all_overlapping,scalar_indirect,1024,170,2116167,523776
0,all_overlapping,scalar_indirect,1024,171,2115875,523776
0,all_overlapping,scalar_indirect,1024,172,2119833,523776
0,all_overlapping,scalar_indirect,1024,173,2117542,523776
0,all_overlapping,scalar_indirect,1024,174,2114541,523776
0,all_overlapping,scalar_indirect,1024,175,2116625,523776
0,all_overlapping,scalar_indirect,1024,176,2117708,523776
0,all_overlapping,scalar_indirect,1024,177,2115250,523776
0,all_overlapping,scalar_indirect,1024,178,2118875,523776
0,all_overlapping,scalar_indirect,1024,179,2114583,523776
0,all_overlapping,scalar_indirect,1024,180,2119750,523776
0,all_overlapping,scalar_indirect,1024,181,2117792,523776
0,all_overlapping,scalar_indirect,1024,182,2118542,523776
0,all_overlapping,scalar_indirect,1024,183,2124708,523776
0,all_overlapping,scalar_indirect,1024,184,2113250,523776
0,all_overlapping,scalar_indirect,1024,185,2116167,523776
0,all_overlapping,scalar_indirect,1024,186,2115083,523776
0,all_overlapping,scalar_indirect,1024,187,2132208,523776
0,all_overlapping,scalar_indirect,1024,188,2231375,523776
0,all_overlapping,scalar_indirect,1024,189,2227875,523776
0,all_overlapping,scalar_indirect,1024,190,2226166,523776
0,all_overlapping,scalar_indirect,1024,191,2227625,523776
0,all_overlapping,scalar_indirect,1024,192,2229209,523776
0,all_overlapping,scalar_indirect,1024,193,2226709,523776
0,all_overlapping,scalar_indirect,1024,194,2226375,523776
0,all_overlapping,scalar_indirect,1024,195,2229209,523776
0,all_overlapping,scalar_indirect,1024,196,2230541,523776
0,all_overlapping,scalar_indirect,1024,197,2227333,523776
0,all_overlapping,scalar_indirect,1024,198,2225000,523776
0,all_overlapping,scalar_indirect,1024,199,2227458,523776
0,all_overlapping,scalar_indirect,1024,200,2226084,523776
0,all_overlapping,scalar_indirect,1024,201,2229791,523776
0,all_overlapping,scalar_indirect,1024,202,2225625,523776
0,all_overlapping,scalar_indirect,1024,203,2233125,523776
0,all_overlapping,scalar_indirect,1024,204,2234500,523776
0,all_overlapping,scalar_indirect,1024,205,2229875,523776
0,all_overlapping,scalar_indirect,1024,206,2226542,523776
0,all_overlapping,scalar_indirect,1024,207,2227333,523776
0,all_overlapping,scalar_indirect,1024,208,2226208,523776
0,all_overlapping,scalar_indirect,1024,209,2228458,523776
0,all_overlapping,scalar_indirect,1024,210,2239042,523776
0,all_overlapping,scalar_indirect,1024,211,2270875,523776
0,all_overlapping,scalar_indirect,1024,212,2227083,523776
0,all_overlapping,scalar_indirect,1024,213,2228666,523776
0,all_overlapping,scalar_indirect,1024,214,2226542,523776
0,all_overlapping,scalar_indirect,1024,215,2228625,523776
0,all_overlapping,scalar_indirect,1024,216,2226959,523776
0,all_overlapping,scalar_indirect,1024,217,2227041,523776
0,all_overlapping,scalar_indirect,1024,218,2245042,523776
0,all_overlapping,scalar_indirect,1024,219,2227000,523776
0,all_overlapping,scalar_indirect,1024,220,2225000,523776
0,all_overlapping,scalar_indirect,1024,221,2230750,523776
0,all_overlapping,scalar_indirect,1024,222,2227500,523776
0,all_overlapping,scalar_indirect,1024,223,2231125,523776
0,all_overlapping,scalar_indirect,1024,224,2232708,523776
0,all_overlapping,scalar_indirect,1024,225,2227583,523776
0,all_overlapping,scalar_indirect,1024,226,2242333,523776
0,all_overlapping,scalar_indirect,1024,227,2226792,523776
0,all_overlapping,scalar_indirect,1024,228,2229875,523776
0,all_overlapping,scalar_indirect,1024,229,2240250,523776
0,all_overlapping,scalar_indirect,1024,230,2229375,523776
0,all_overlapping,scalar_indirect,1024,231,2227833,523776
0,all_overlapping,scalar_indirect,1024,232,2228500,523776
0,all_overlapping,scalar_indirect,1024,233,2253667,523776
0,all_overlapping,scalar_indirect,1024,234,2228584,523776
0,all_overlapping,scalar_indirect,1024,235,2226666,523776
0,all_overlapping,scalar_indirect,1024,236,2228542,523776
0,all_overlapping,scalar_indirect,1024,237,2227125,523776
0,all_overlapping,scalar_indirect,1024,238,2231375,523776
0,all_overlapping,scalar_indirect,1024,239,2228250,523776
0,all_overlapping,scalar_indirect,1024,240,2229000,523776
0,all_overlapping,scalar_indirect,1024,241,2247042,523776
0,all_overlapping,scalar_indirect,1024,242,2230166,523776
0,all_overlapping,scalar_indirect,1024,243,2236250,523776
0,all_overlapping,scalar_indirect,1024,244,2228083,523776
0,all_overlapping,scalar_indirect,1024,245,2231542,523776
0,all_overlapping,scalar_indirect,1024,246,2229458,523776
0,all_overlapping,scalar_indirect,1024,247,2225750,523776
0,all_overlapping,scalar_indirect,1024,248,2226917,523776
0,all_overlapping,scalar_indirect,1024,249,2243333,523776
0,all_overlapping,scalar_indirect,1024,250,2231209,523776
0,all_overlapping,scalar_indirect,1024,251,2226000,523776
0,all_overlapping,scalar_indirect,1024,252,2227375,523776
0,all_overlapping,scalar_indirect,1024,253,2225125,523776
0,all_overlapping,scalar_indirect,1024,254,2232167,523776
0,all_overlapping,scalar_indirect,1024,255,2227375,523776
0,all_overlapping,scalar_indirect,1024,256,2276667,523776
0,all_overlapping,scalar_indirect,1024,257,2237000,523776
0,all_overlapping,scalar_indirect,1024,258,2229791,523776
0,all_overlapping,scalar_indirect,1024,259,2229750,523776
0,all_overlapping,scalar_indirect,1024,260,2227542,523776
0,all_overlapping,scalar_indirect,1024,261,2228291,523776
0,all_overlapping,scalar_indirect,1024,262,2228917,523776
0,all_overlapping,scalar_indirect,1024,263,2231541,523776
0,all_overlapping,scalar_indirect,1024,264,2252083,523776
0,all_overlapping,scalar_indirect,1024,265,2228167,523776
0,all_overlapping,scalar_indirect,1024,266,2232959,523776
0,all_overlapping,scalar_indirect,1024,267,2231042,523776
0,all_overlapping,scalar_indirect,1024,268,2234875,523776
0,all_overlapping,scalar_indirect,1024,269,2236791,523776
0,all_overlapping,scalar_indirect,1024,270,2240458,523776
0,all_overlapping,scalar_indirect,1024,271,2249542,523776
0,all_overlapping,scalar_indirect,1024,272,2246583,523776
0,all_overlapping,scalar_indirect,1024,273,2231541,523776
0,all_overlapping,scalar_indirect,1024,274,2229500,523776
0,all_overlapping,scalar_indirect,1024,275,2236709,523776
0,all_overlapping,scalar_indirect,1024,276,2233041,523776
0,all_overlapping,scalar_indirect,1024,277,2237250,523776
0,all_overlapping,scalar_indirect,1024,278,2236500,523776
0,all_overlapping,scalar_indirect,1024,279,2251584,523776
0,all_overlapping,scalar_indirect,1024,280,2238250,523776
0,all_overlapping,scalar_indirect,1024,281,2233958,523776
0,all_overlapping,scalar_indirect,1024,282,2235792,523776
0,all_overlapping,scalar_indirect,1024,283,2238291,523776
0,all_overlapping,scalar_indirect,1024,284,2238250,523776
0,all_overlapping,scalar_indirect,1024,285,2233667,523776
0,all_overlapping,scalar_indirect,1024,286,2238708,523776
0,all_overlapping,scalar_indirect,1024,287,2251459,523776
0,all_overlapping,scalar_indirect,1024,288,2233458,523776
0,all_overlapping,scalar_indirect,1024,289,2232500,523776
0,all_overlapping,scalar_indirect,1024,290,2239042,523776
0,all_overlapping,scalar_indirect,1024,291,2231333,523776
0,all_overlapping,scalar_indirect,1024,292,2239333,523776
0,all_overlapping,scalar_indirect,1024,293,2240250,523776
0,all_overlapping,scalar_indirect,1024,294,2248750,523776
0,all_overlapping,scalar_indirect,1024,295,2232208,523776
0,all_overlapping,scalar_indirect,1024,296,2235000,523776
0,all_overlapping,scalar_indirect,1024,297,2234000,523776
0,all_overlapping,scalar_indirect,1024,298,2232917,523776
0,all_overlapping,scalar_indirect,1024,299,2238916,523776
0,all_overlapping,scalar_packed,1024,0,2094708,523776
0,all_overlapping,scalar_packed,1024,1,2068583,523776
0,all_overlapping,scalar_packed,1024,2,2070083,523776
0,all_overlapping,scalar_packed,1024,3,2066167,523776
0,all_overlapping,scalar_packed,1024,4,2065041,523776
0,all_overlapping,scalar_packed,1024,5,2066375,523776
0,all_overlapping,scalar_packed,1024,6,2066125,523776
0,all_overlapping,scalar_packed,1024,7,2066292,523776
0,all_overlapping,scalar_packed,1024,8,2072041,523776
0,all_overlapping,scalar_packed,1024,9,2065333,523776
0,all_overlapping,scalar_packed,1024,10,2064208,523776
0,all_overlapping,scalar_packed,1024,11,2068125,523776
0,all_overlapping,scalar_packed,1024,12,2067667,523776
0,all_overlapping,scalar_packed,1024,13,2066583,523776
0,all_overlapping,scalar_packed,1024,14,2068500,523776
0,all_overlapping,scalar_packed,1024,15,2068375,523776
0,all_overlapping,scalar_packed,1024,16,2072417,523776
0,all_overlapping,scalar_packed,1024,17,2068083,523776
0,all_overlapping,scalar_packed,1024,18,2067500,523776
0,all_overlapping,scalar_packed,1024,19,2067250,523776
0,all_overlapping,scalar_packed,1024,20,2072041,523776
0,all_overlapping,scalar_packed,1024,21,2070792,523776
0,all_overlapping,scalar_packed,1024,22,2096166,523776
0,all_overlapping,scalar_packed,1024,23,2110583,523776
0,all_overlapping,scalar_packed,1024,24,2101875,523776
0,all_overlapping,scalar_packed,1024,25,2121375,523776
0,all_overlapping,scalar_packed,1024,26,2106416,523776
0,all_overlapping,scalar_packed,1024,27,2094667,523776
0,all_overlapping,scalar_packed,1024,28,2092291,523776
0,all_overlapping,scalar_packed,1024,29,2078834,523776
0,all_overlapping,scalar_packed,1024,30,2086334,523776
0,all_overlapping,scalar_packed,1024,31,2066541,523776
0,all_overlapping,scalar_packed,1024,32,2064000,523776
0,all_overlapping,scalar_packed,1024,33,2070166,523776
0,all_overlapping,scalar_packed,1024,34,2061875,523776
0,all_overlapping,scalar_packed,1024,35,2083500,523776
0,all_overlapping,scalar_packed,1024,36,2066417,523776
0,all_overlapping,scalar_packed,1024,37,2069458,523776
0,all_overlapping,scalar_packed,1024,38,2064875,523776
0,all_overlapping,scalar_packed,1024,39,2066666,523776
0,all_overlapping,scalar_packed,1024,40,2071042,523776
0,all_overlapping,scalar_packed,1024,41,2073708,523776
0,all_overlapping,scalar_packed,1024,42,2084875,523776
0,all_overlapping,scalar_packed,1024,43,2081958,523776
0,all_overlapping,scalar_packed,1024,44,2067542,523776
0,all_overlapping,scalar_packed,1024,45,2071375,523776
0,all_overlapping,scalar_packed,1024,46,2067708,523776
0,all_overlapping,scalar_packed,1024,47,2078875,523776
0,all_overlapping,scalar_packed,1024,48,2105542,523776
0,all_overlapping,scalar_packed,1024,49,2080166,523776
0,all_overlapping,scalar_packed,1024,50,2063209,523776
0,all_overlapping,scalar_packed,1024,51,2068166,523776
0,all_overlapping,scalar_packed,1024,52,2063625,523776
0,all_overlapping,scalar_packed,1024,53,2063292,523776
0,all_overlapping,scalar_packed,1024,54,2065750,523776
0,all_overlapping,scalar_packed,1024,55,2066291,523776
0,all_overlapping,scalar_packed,1024,56,2068042,523776
0,all_overlapping,scalar_packed,1024,57,2070166,523776
0,all_overlapping,scalar_packed,1024,58,2062375,523776
0,all_overlapping,scalar_packed,1024,59,2067417,523776
0,all_overlapping,scalar_packed,1024,60,2061708,523776
0,all_overlapping,scalar_packed,1024,61,2065209,523776
0,all_overlapping,scalar_packed,1024,62,2063500,523776
0,all_overlapping,scalar_packed,1024,63,2066458,523776
0,all_overlapping,scalar_packed,1024,64,2068250,523776
0,all_overlapping,scalar_packed,1024,65,2069167,523776
0,all_overlapping,scalar_packed,1024,66,2064167,523776
0,all_overlapping,scalar_packed,1024,67,2068041,523776
0,all_overlapping,scalar_packed,1024,68,2066709,523776
0,all_overlapping,scalar_packed,1024,69,2068208,523776
0,all_overlapping,scalar_packed,1024,70,2065375,523776
0,all_overlapping,scalar_packed,1024,71,2066167,523776
0,all_overlapping,scalar_packed,1024,72,2072458,523776
0,all_overlapping,scalar_packed,1024,73,2072041,523776
0,all_overlapping,scalar_packed,1024,74,2065833,523776
0,all_overlapping,scalar_packed,1024,75,2069083,523776
0,all_overlapping,scalar_packed,1024,76,2065667,523776
0,all_overlapping,scalar_packed,1024,77,2066333,523776
0,all_overlapping,scalar_packed,1024,78,2064167,523776
0,all_overlapping,scalar_packed,1024,79,2067625,523776
0,all_overlapping,scalar_packed,1024,80,2066958,523776
0,all_overlapping,scalar_packed,1024,81,2067916,523776
0,all_overlapping,scalar_packed,1024,82,2072083,523776
0,all_overlapping,scalar_packed,1024,83,2064917,523776
0,all_overlapping,scalar_packed,1024,84,2061000,523776
0,all_overlapping,scalar_packed,1024,85,2063875,523776
0,all_overlapping,scalar_packed,1024,86,2064042,523776
0,all_overlapping,scalar_packed,1024,87,2065292,523776
0,all_overlapping,scalar_packed,1024,88,2066250,523776
0,all_overlapping,scalar_packed,1024,89,2065667,523776
0,all_overlapping,scalar_packed,1024,90,2068291,523776
0,all_overlapping,scalar_packed,1024,91,2064542,523776
0,all_overlapping,scalar_packed,1024,92,2067000,523776
0,all_overlapping,scalar_packed,1024,93,2069000,523776
0,all_overlapping,scalar_packed,1024,94,2065958,523776
0,all_overlapping,scalar_packed,1024,95,2065417,523776
0,all_overlapping,scalar_packed,1024,96,2071542,523776
0,all_overlapping,scalar_packed,1024,97,2100875,523776
0,all_overlapping,scalar_packed,1024,98,2070375,523776
0,all_overlapping,scalar_packed,1024,99,2068750,523776
0,all_overlapping,scalar_packed,1024,100,2066792,523776
0,all_overlapping,scalar_packed,1024,101,2064667,523776
0,all_overlapping,scalar_packed,1024,102,2068208,523776
0,all_overlapping,scalar_packed,1024,103,2072042,523776
0,all_overlapping,scalar_packed,1024,104,2067666,523776
0,all_overlapping,scalar_packed,1024,105,2067792,523776
0,all_overlapping,scalar_packed,1024,106,2068500,523776
0,all_overlapping,scalar_packed,1024,107,2068416,523776
0,all_overlapping,scalar_packed,1024,108,2063083,523776
0,all_overlapping,scalar_packed,1024,109,2066042,523776
0,all_overlapping,scalar_packed,1024,110,2066083,523776
0,all_overlapping,scalar_packed,1024,111,2066333,523776
0,all_overlapping,scalar_packed,1024,112,2065250,523776
0,all_overlapping,scalar_packed,1024,113,2063708,523776
0,all_overlapping,scalar_packed,1024,114,2064750,523776
0,all_overlapping,scalar_packed,1024,115,2066208,523776
0,all_overlapping,scalar_packed,1024,116,2064125,523776
0,all_overlapping,scalar_packed,1024,117,2065833,523776
0,all_overlapping,scalar_packed,1024,118,2065083,523776
0,all_overlapping,scalar_packed,1024,119,2066250,523776
0,all_overlapping,scalar_packed,1024,120,2061542,523776
0,all_overlapping,scalar_packed,1024,121,2066375,523776
0,all_overlapping,scalar_packed,1024,122,2067500,523776
0,all_overlapping,scalar_packed,1024,123,2068083,523776
0,all_overlapping,scalar_packed,1024,124,2065750,523776
0,all_overlapping,scalar_packed,1024,125,2068042,523776
0,all_overlapping,scalar_packed,1024,126,2068375,523776
0,all_overlapping,scalar_packed,1024,127,2066708,523776
0,all_overlapping,scalar_packed,1024,128,2067875,523776
0,all_overlapping,scalar_packed,1024,129,2065708,523776
0,all_overlapping,scalar_packed,1024,130,2073208,523776
0,all_overlapping,scalar_packed,1024,131,2071542,523776
0,all_overlapping,scalar_packed,1024,132,2065500,523776
0,all_overlapping,scalar_packed,1024,133,2066833,523776
0,all_overlapping,scalar_packed,1024,134,2064375,523776
0,all_overlapping,scalar_packed,1024,135,2066833,523776
0,all_overlapping,scalar_packed,1024,136,2081917,523776
0,all_overlapping,scalar_packed,1024,137,2062416,523776
0,all_overlapping,scalar_packed,1024,138,2069917,523776
0,all_overlapping,scalar_packed,1024,139,2064791,523776
0,all_overlapping,scalar_packed,1024,140,2065792,523776
0,all_overlapping,scalar_packed,1024,141,2069125,523776
0,all_overlapping,scalar_packed,1024,142,2065417,523776
0,all_overlapping,scalar_packed,1024,143,2068958,523776
0,all_overlapping,scalar_packed,1024,144,2078125,523776
0,all_overlapping,scalar_packed,1024,145,2063833,523776
0,all_overlapping,scalar_packed,1024,146,2104833,523776
0,all_overlapping,scalar_packed,1024,147,2073042,523776
0,all_overlapping,scalar_packed,1024,148,2067958,523776
0,all_overlapping,scalar_packed,1024,149,2066208,523776
0,all_overlapping,scalar_packed,1024,150,2069584,523776
0,all_overlapping,scalar_packed,1024,151,2070125,523776
0,all_overlapping,scalar_packed,1024,152,2066958,523776
0,all_overlapping,scalar_packed,1024,153,2064583,523776
0,all_overlapping,scalar_packed,1024,154,2071958,523776
0,all_overlapping,scalar_packed,1024,155,2075792,523776
0,all_overlapping,scalar_packed,1024,156,2095708,523776
0,all_overlapping,scalar_packed,1024,157,2110584,523776
0,all_overlapping,scalar_packed,1024,158,2106209,523776
0,all_overlapping,scalar_packed,1024,159,2107000,523776
0,all_overlapping,scalar_packed,1024,160,2102875,523776
0,all_overlapping,scalar_packed,1024,161,2099375,523776
0,all_overlapping,scalar_packed,1024,162,2077250,523776
0,all_overlapping,scalar_packed,1024,163,2068500,523776
0,all_overlapping,scalar_packed,1024,164,2075500,523776
0,all_overlapping,scalar_packed,1024,165,2071125,523776
0,all_overlapping,scalar_packed,1024,166,2067666,523776
0,all_overlapping,scalar_packed,1024,167,2064750,523776
0,all_overlapping,scalar_packed,1024,168,2063791,523776
0,all_overlapping,scalar_packed,1024,169,2066250,523776
0,all_overlapping,scalar_packed,1024,170,2066792,523776
0,all_overlapping,scalar_packed,1024,171,2081875,523776
0,all_overlapping,scalar_packed,1024,172,2073792,523776
0,all_overlapping,scalar_packed,1024,173,2066375,523776
0,all_overlapping,scalar_packed,1024,174,2074667,523776
0,all_overlapping,scalar_packed,1024,175,2069375,523776
0,all_overlapping,scalar_packed,1024,176,2069417,523776
0,all_overlapping,scalar_packed,1024,177,2068458,523776
0,all_overlapping,scalar_packed,1024,178,2066041,523776
0,all_overlapping,scalar_packed,1024,179,2094750,523776
0,all_overlapping,scalar_packed,1024,180,2112709,523776
0,all_overlapping,scalar_packed,1024,181,2077041,523776
0,all_overlapping,scalar_packed,1024,182,2069209,523776
0,all_overlapping,scalar_packed,1024,183,2068125,523776
0,all_overlapping,scalar_packed,1024,184,2065042,523776
0,all_overlapping,scalar_packed,1024,185,2070041,523776
0,all_overlapping,scalar_packed,1024,186,2068667,523776
0,all_overlapping,scalar_packed,1024,187,2075291,523776
0,all_overlapping,scalar_packed,1024,188,2078292,523776
0,all_overlapping,scalar_packed,1024,189,2070042,523776
0,all_overlapping,scalar_packed,1024,190,2070833,523776
0,all_overlapping,scalar_packed,1024,191,2069792,523776
0,all_overlapping,scalar_packed,1024,192,2067459,523776
0,all_overlapping,scalar_packed,1024,193,2064250,523776
0,all_overlapping,scalar_packed,1024,194,2078500,523776
0,all_overlapping,scalar_packed,1024,195,2087500,523776
0,all_overlapping,scalar_packed,1024,196,2072209,523776
0,all_overlapping,scalar_packed,1024,197,2069291,523776
0,all_overlapping,scalar_packed,1024,198,2066375,523776
0,all_overlapping,scalar_packed,1024,199,2069583,523776
0,all_overlapping,scalar_packed,1024,200,2066792,523776
0,all_overlapping,scalar_packed,1024,201,2066625,523776
0,all_overlapping,scalar_packed,1024,202,2067542,523776
0,all_overlapping,scalar_packed,1024,203,2070333,523776
0,all_overlapping,scalar_packed,1024,204,2067583,523776
0,all_overlapping,scalar_packed,1024,205,2063459,523776
0,all_overlapping,scalar_packed,1024,206,2065416,523776
0,all_overlapping,scalar_packed,1024,207,2064625,523776
0,all_overlapping,scalar_packed,1024,208,2064666,523776
0,all_overlapping,scalar_packed,1024,209,2067667,523776
0,all_overlapping,scalar_packed,1024,210,2064708,523776
0,all_overlapping,scalar_packed,1024,211,2066958,523776
0,all_overlapping,scalar_packed,1024,212,2065542,523776
0,all_overlapping,scalar_packed,1024,213,2065209,523776
0,all_overlapping,scalar_packed,1024,214,2064625,523776
0,all_overlapping,scalar_packed,1024,215,2062708,523776
0,all_overlapping,scalar_packed,1024,216,2063500,523776
0,all_overlapping,scalar_packed,1024,217,2063833,523776
0,all_overlapping,scalar_packed,1024,218,2067125,523776
0,all_overlapping,scalar_packed,1024,219,2063709,523776
0,all_overlapping,scalar_packed,1024,220,2070541,523776
0,all_overlapping,scalar_packed,1024,221,2064292,523776
0,all_overlapping,scalar_packed,1024,222,2062292,523776
0,all_overlapping,scalar_packed,1024,223,2082458,523776
0,all_overlapping,scalar_packed,1024,224,2065041,523776
0,all_overlapping,scalar_packed,1024,225,2064417,523776
0,all_overlapping,scalar_packed,1024,226,2062917,523776
0,all_overlapping,scalar_packed,1024,227,2067500,523776
0,all_overlapping,scalar_packed,1024,228,2067875,523776
0,all_overlapping,scalar_packed,1024,229,2064458,523776
0,all_overlapping,scalar_packed,1024,230,2063458,523776
0,all_overlapping,scalar_packed,1024,231,2065250,523776
0,all_overlapping,scalar_packed,1024,232,2066167,523776
0,all_overlapping,scalar_packed,1024,233,2064542,523776
0,all_overlapping,scalar_packed,1024,234,2060541,523776
0,all_overlapping,scalar_packed,1024,235,2063250,523776
0,all_overlapping,scalar_packed,1024,236,2066000,523776
0,all_overlapping,scalar_packed,1024,237,2066000,523776
0,all_overlapping,scalar_packed,1024,238,2065334,523776
0,all_overlapping,scalar_packed,1024,239,2063333,523776
0,all_overlapping,scalar_packed,1024,240,2062083,523776
0,all_overlapping,scalar_packed,1024,241,2066084,523776
0,all_overlapping,scalar_packed,1024,242,2064208,523776
0,all_overlapping,scalar_packed,1024,243,2097125,523776
0,all_overlapping,scalar_packed,1024,244,2078209,523776
0,all_overlapping,scalar_packed,1024,245,2063541,523776
0,all_overlapping,scalar_packed,1024,246,2063667,523776
0,all_overlapping,scalar_packed,1024,247,2064417,523776
0,all_overlapping,scalar_packed,1024,248,2066041,523776
0,all_overlapping,scalar_packed,1024,249,2064083,523776
0,all_overlapping,scalar_packed,1024,250,2065083,523776
0,all_overlapping,scalar_packed,1024,251,2063834,523776
0,all_overlapping,scalar_packed,1024,252,2069750,523776
0,all_overlapping,scalar_packed,1024,253,2069708,523776
0,all_overlapping,scalar_packed,1024,254,2067167,523776
0,all_overlapping,scalar_packed,1024,255,2067500,523776
0,all_overlapping,scalar_packed,1024,256,2067667,523776
0,all_overlapping,scalar_packed,1024,257,2075458,523776
0,all_overlapping,scalar_packed,1024,258,2069791,523776
0,all_overlapping,scalar_packed,1024,259,2066000,523776
0,all_overlapping,scalar_packed,1024,260,2074042,523776
0,all_overlapping,scalar_packed,1024,261,2068291,523776
0,all_overlapping,scalar_packed,1024,262,2071459,523776
0,all_overlapping,scalar_packed,1024,263,2066791,523776
0,all_overlapping,scalar_packed,1024,264,2138625,523776
0,all_overlapping,scalar_packed,1024,265,2066792,523776
0,all_overlapping,scalar_packed,1024,266,2061791,523776
0,all_overlapping,scalar_packed,1024,267,2064959,523776
0,all_overlapping,scalar_packed,1024,268,2081208,523776
0,all_overlapping,scalar_packed,1024,269,2070917,523776
0,all_overlapping,scalar_packed,1024,270,2064166,523776
0,all_overlapping,scalar_packed,1024,271,2068209,523776
0,all_overlapping,scalar_packed,1024,272,2064041,523776
0,all_overlapping,scalar_packed,1024,273,2067000,523776
0,all_overlapping,scalar_packed,1024,274,2062500,523776
0,all_overlapping,scalar_packed,1024,275,2066458,523776
0,all_overlapping,scalar_packed,1024,276,2080167,523776
0,all_overlapping,scalar_packed,1024,277,2066916,523776
0,all_overlapping,scalar_packed,1024,278,2067917,523776
0,all_overlapping,scalar_packed,1024,279,2066375,523776
0,all_overlapping,scalar_packed,1024,280,2070166,523776
0,all_overlapping,scalar_packed,1024,281,2080417,523776
0,all_overlapping,scalar_packed,1024,282,2065292,523776
0,all_overlapping,scalar_packed,1024,283,2067042,523776
0,all_overlapping,scalar_packed,1024,284,2068750,523776
0,all_overlapping,scalar_packed,1024,285,2072500,523776
0,all_overlapping,scalar_packed,1024,286,2068917,523776
0,all_overlapping,scalar_packed,1024,287,2070333,523776
0,all_overlapping,scalar_packed,1024,288,2070167,523776
0,all_overlapping,scalar_packed,1024,289,2065209,523776
0,all_overlapping,scalar_packed,1024,290,2069792,523776
0,all_overlapping,scalar_packed,1024,291,2065583,523776
0,all_overlapping,scalar_packed,1024,292,2110708,523776
0,all_overlapping,scalar_packed,1024,293,2067416,523776
0,all_overlapping,scalar_packed,1024,294,2069167,523776
0,all_overlapping,scalar_packed,1024,295,2065417,523776
0,all_overlapping,scalar_packed,1024,296,2068792,523776
0,all_overlapping,scalar_packed,1024,297,2067375,523776
0,all_overlapping,scalar_packed,1024,298,2066125,523776
0,all_overlapping,scalar_packed,1024,299,2065750,523776
0,all_overlapping,simd,1024,0,1832250,523776
0,all_overlapping,simd,1024,1,1836542,523776
0,all_overlapping,simd,1024,2,1835500,523776
0,all_overlapping,simd,1024,3,1834875,523776
0,all_overlapping,simd,1024,4,1833458,523776
0,all_overlapping,simd,1024,5,1831791,523776
0,all_overlapping,simd,1024,6,1847000,523776
0,all_overlapping,simd,1024,7,1837458,523776
0,all_overlapping,simd,1024,8,1837292,523776
0,all_overlapping,simd,1024,9,1837666,523776
0,all_overlapping,simd,1024,10,1838000,523776
0,all_overlapping,simd,1024,11,1828708,523776
0,all_overlapping,simd,1024,12,1834375,523776
0,all_overlapping,simd,1024,13,1837792,523776
0,all_overlapping,simd,1024,14,1831042,523776
0,all_overlapping,simd,1024,15,1832666,523776
0,all_overlapping,simd,1024,16,1851417,523776
0,all_overlapping,simd,1024,17,1835000,523776
0,all_overlapping,simd,1024,18,1832000,523776
0,all_overlapping,simd,1024,19,1831875,523776
0,all_overlapping,simd,1024,20,1836459,523776
0,all_overlapping,simd,1024,21,1830541,523776
0,all_overlapping,simd,1024,22,1833042,523776
0,all_overlapping,simd,1024,23,1834375,523776
0,all_overlapping,simd,1024,24,1846292,523776
0,all_overlapping,simd,1024,25,1847167,523776
0,all_overlapping,simd,1024,26,1840125,523776
0,all_overlapping,simd,1024,27,1835250,523776
0,all_overlapping,simd,1024,28,1835875,523776
0,all_overlapping,simd,1024,29,1833959,523776
0,all_overlapping,simd,1024,30,1830541,523776
0,all_overlapping,simd,1024,31,1829875,523776
0,all_overlapping,simd,1024,32,1841209,523776
0,all_overlapping,simd,1024,33,1832666,523776
0,all_overlapping,simd,1024,34,1851167,523776
0,all_overlapping,simd,1024,35,1837375,523776
0,all_overlapping,simd,1024,36,1834791,523776
0,all_overlapping,simd,1024,37,1834083,523776
0,all_overlapping,simd,1024,38,1831584,523776
0,all_overlapping,simd,1024,39,1834417,523776
0,all_overlapping,simd,1024,40,1831583,523776
0,all_overlapping,simd,1024,41,1833084,523776
0,all_overlapping,simd,1024,42,1830666,523776
0,all_overlapping,simd,1024,43,1845333,523776
0,all_overlapping,simd,1024,44,1831000,523776
0,all_overlapping,simd,1024,45,1831959,523776
0,all_overlapping,simd,1024,46,1834500,523776
0,all_overlapping,simd,1024,47,1833125,523776
0,all_overlapping,simd,1024,48,1832583,523776
0,all_overlapping,simd,1024,49,1830208,523776
0,all_overlapping,simd,1024,50,1830375,523776
0,all_overlapping,simd,1024,51,1857209,523776
0,all_overlapping,simd,1024,52,1848542,523776
0,all_overlapping,simd,1024,53,1837541,523776
0,all_overlapping,simd,1024,54,1835875,523776
0,all_overlapping,simd,1024,55,1830542,523776
0,all_overlapping,simd,1024,56,1833958,523776
0,all_overlapping,simd,1024,57,1835250,523776
0,all_overlapping,simd,1024,58,1832167,523776
0,all_overlapping,simd,1024,59,1833833,523776
0,all_overlapping,simd,1024,60,1831750,523776
0,all_overlapping,simd,1024,61,1867584,523776
0,all_overlapping,simd,1024,62,1831833,523776
0,all_overlapping,simd,1024,63,1831583,523776
0,all_overlapping,simd,1024,64,1832458,523776
0,all_overlapping,simd,1024,65,1830834,523776
0,all_overlapping,simd,1024,66,1829333,523776
0,all_overlapping,simd,1024,67,1833291,523776
0,all_overlapping,simd,1024,68,1829250,523776
0,all_overlapping,simd,1024,69,1830875,523776
0,all_overlapping,simd,1024,70,1840834,523776
0,all_overlapping,simd,1024,71,1829416,523776
0,all_overlapping,simd,1024,72,1831250,523776
0,all_overlapping,simd,1024,73,1829667,523776
0,all_overlapping,simd,1024,74,1828166,523776
0,all_overlapping,simd,1024,75,1828250,523776
0,all_overlapping,simd,1024,76,1828333,523776
0,all_overlapping,simd,1024,77,1828375,523776
0,all_overlapping,simd,1024,78,1830667,523776
0,all_overlapping,simd,1024,79,1828750,523776
0,all_overlapping,simd,1024,80,1850375,523776
0,all_overlapping,simd,1024,81,1829250,523776
0,all_overlapping,simd,1024,82,1827916,523776
0,all_overlapping,simd,1024,83,1831417,523776
0,all_overlapping,simd,1024,84,1829209,523776
0,all_overlapping,simd,1024,85,1831166,523776
0,all_overlapping,simd,1024,86,1828667,523776
0,all_overlapping,simd,1024,87,1831625,523776
0,all_overlapping,simd,1024,88,1830083,523776
0,all_overlapping,simd,1024,89,1845541,523776
0,all_overlapping,simd,1024,90,1827584,523776
0,all_overlapping,simd,1024,91,1828500,523776
0,all_overlapping,simd,1024,92,1830416,523776
0,all_overlapping,simd,1024,93,1838750,523776
0,all_overlapping,simd,1024,94,1831208,523776
0,all_overlapping,simd,1024,95,1827125,523776
0,all_overlapping,simd,1024,96,1828375,523776
0,all_overlapping,simd,1024,97,1828292,523776
0,all_overlapping,simd,1024,98,1851625,523776
0,all_overlapping,simd,1024,99,1833167,523776
0,all_overlapping,simd,1024,100,1830709,523776
0,all_overlapping,simd,1024,101,1842041,523776
0,all_overlapping,simd,1024,102,1828959,523776
0,all_overlapping,simd,1024,103,1833291,523776
0,all_overlapping,simd,1024,104,1830459,523776
0,all_overlapping,simd,1024,105,1830416,523776
0,all_overlapping,simd,1024,106,1844500,523776
0,all_overlapping,simd,1024,107,1867084,523776
0,all_overlapping,simd,1024,108,1847459,523776
0,all_overlapping,simd,1024,109,1826875,523776
0,all_overlapping,simd,1024,110,1828500,523776
0,all_overlapping,simd,1024,111,1826542,523776
0,all_overlapping,simd,1024,112,1828417,523776
0,all_overlapping,simd,1024,113,1829208,523776
0,all_overlapping,simd,1024,114,1831333,523776
0,all_overlapping,simd,1024,115,1828209,523776
0,all_overlapping,simd,1024,116,1829792,523776
0,all_overlapping,simd,1024,117,1847583,523776
0,all_overlapping,simd,1024,118,1827792,523776
0,all_overlapping,simd,1024,119,1831917,523776
0,all_overlapping,simd,1024,120,1830875,523776
0,all_overlapping,simd,1024,121,1834709,523776
0,all_overlapping,simd,1024,122,1827875,523776
0,all_overlapping,simd,1024,123,1828667,523776
0,all_overlapping,simd,1024,124,1827250,523776
0,all_overlapping,simd,1024,125,1827167,523776
0,all_overlapping,simd,1024,126,1844541,523776
0,all_overlapping,simd,1024,127,1830292,523776
0,all_overlapping,simd,1024,128,1828750,523776
0,all_overlapping,simd,1024,129,1830583,523776
0,all_overlapping,simd,1024,130,1829458,523776
0,all_overlapping,simd,1024,131,1827875,523776
0,all_overlapping,simd,1024,132,1829417,523776
0,all_overlapping,simd,1024,133,1830625,523776
0,all_overlapping,simd,1024,134,1829958,523776
0,all_overlapping,simd,1024,135,1830125,523776
0,all_overlapping,simd,1024,136,1850791,523776
0,all_overlapping,simd,1024,137,1829458,523776
0,all_overlapping,simd,1024,138,1827834,523776
0,all_overlapping,simd,1024,139,1826916,523776
0,all_overlapping,simd,1024,140,1830833,523776
0,all_overlapping,simd,1024,141,1827208,523776
0,all_overlapping,simd,1024,142,1840792,523776
0,all_overlapping,simd,1024,143,1828167,523776
0,all_overlapping,simd,1024,144,1842958,523776
0,all_overlapping,simd,1024,145,1837000,523776
0,all_overlapping,simd,1024,146,1827583,523776
0,all_overlapping,simd,1024,147,1830125,523776
0,all_overlapping,simd,1024,148,1827792,523776
0,all_overlapping,simd,1024,149,1831417,523776
0,all_overlapping,simd,1024,150,1829167,523776
0,all_overlapping,simd,1024,151,1828583,523776
0,all_overlapping,simd,1024,152,1827250,523776
0,all_overlapping,simd,1024,153,1848875,523776
0,all_overlapping,simd,1024,154,1828750,523776
0,all_overlapping,simd,1024,155,1831833,523776
0,all_overlapping,simd,1024,156,1828083,523776
0,all_overlapping,simd,1024,157,1827459,523776
0,all_overlapping,simd,1024,158,1826833,523776
0,all_overlapping,simd,1024,159,1827542,523776
0,all_overlapping,simd,1024,160,1830291,523776
0,all_overlapping,simd,1024,161,1847583,523776
0,all_overlapping,simd,1024,162,1855750,523776
0,all_overlapping,simd,1024,163,1849833,523776
0,all_overlapping,simd,1024,164,1830209,523776
0,all_overlapping,simd,1024,165,1844791,523776
0,all_overlapping,simd,1024,166,1832292,523776
0,all_overlapping,simd,1024,167,1830042,523776
0,all_overlapping,simd,1024,168,1830958,523776
0,all_overlapping,simd,1024,169,1830125,523776
0,all_overlapping,simd,1024,170,1833458,523776
0,all_overlapping,simd,1024,171,1830792,523776
0,all_overlapping,simd,1024,172,1833167,523776
0,all_overlapping,simd,1024,173,1829333,523776
0,all_overlapping,simd,1024,174,1827750,523776
0,all_overlapping,simd,1024,175,1828500,523776
0,all_overlapping,simd,1024,176,1828584,523776
0,all_overlapping,simd,1024,177,1826625,523776
0,all_overlapping,simd,1024,178,1827709,523776
0,all_overlapping,simd,1024,179,1827042,523776
0,all_overlapping,simd,1024,180,1836083,523776
0,all_overlapping,simd,1024,181,1838292,523776
0,all_overlapping,simd,1024,182,1832417,523776
0,all_overlapping,simd,1024,183,1830458,523776
0,all_overlapping,simd,1024,184,1829583,523776
0,all_overlapping,simd,1024,185,1828042,523776
0,all_overlapping,simd,1024,186,1826792,523776
0,all_overlapping,simd,1024,187,1831041,523776
0,all_overlapping,simd,1024,188,1828833,523776
0,all_overlapping,simd,1024,189,1834000,523776
0,all_overlapping,simd,1024,190,1841083,523776
0,all_overlapping,simd,1024,191,1828958,523776
0,all_overlapping,simd,1024,192,1829292,523776
0,all_overlapping,simd,1024,193,1826875,523776
0,all_overlapping,simd,1024,194,1830709,523776
0,all_overlapping,simd,1024,195,1829125,523776
0,all_overlapping,simd,1024,196,1831458,523776
0,all_overlapping,simd,1024,197,1830708,523776
0,all_overlapping,simd,1024,198,1836292,523776
0,all_overlapping,simd,1024,199,1832250,523776
0,all_overlapping,simd,1024,200,1834208,523776
0,all_overlapping,simd,1024,201,1832542,523776
0,all_overlapping,simd,1024,202,1829375,523776
0,all_overlapping,simd,1024,203,1831167,523776
0,all_overlapping,simd,1024,204,1827459,523776
0,all_overlapping,simd,1024,205,1829792,523776
0,all_overlapping,simd,1024,206,1827708,523776
0,all_overlapping,simd,1024,207,1827792,523776
0,all_overlapping,simd,1024,208,1831167,523776
0,all_overlapping,simd,1024,209,1835750,523776
0,all_overlapping,simd,1024,210,1829333,523776
0,all_overlapping,simd,1024,211,1833750,523776
0,all_overlapping,simd,1024,212,1837250,523776
0,all_overlapping,simd,1024,213,1828375,523776
0,all_overlapping,simd,1024,214,1828875,523776
0,all_overlapping,simd,1024,215,1829209,523776
0,all_overlapping,simd,1024,216,1843459,523776
0,all_overlapping,simd,1024,217,1853458,523776
0,all_overlapping,simd,1024,218,1836500,523776
0,all_overlapping,simd,1024,219,1830750,523776
0,all_overlapping,simd,1024,220,1831875,523776
0,all_overlapping,simd,1024,221,1832500,523776
0,all_overlapping,simd,1024,222,1831750,523776
0,all_overlapping,simd,1024,223,1830708,523776
0,all_overlapping,simd,1024,224,1829084,523776
0,all_overlapping,simd,1024,225,1834292,523776
0,all_overlapping,simd,1024,226,1831708,523776
0,all_overlapping,simd,1024,227,1829541,523776
0,all_overlapping,simd,1024,228,1835167,523776
0,all_overlapping,simd,1024,229,1828791,523776
0,all_overlapping,simd,1024,230,1830750,523776
0,all_overlapping,simd,1024,231,1830375,523776
0,all_overlapping,simd,1024,232,1829084,523776
0,all_overlapping,simd,1024,233,1827708,523776
0,all_overlapping,simd,1024,234,1828250,523776
0,all_overlapping,simd,1024,235,1832000,523776
0,all_overlapping,simd,1024,236,1831083,523776
0,all_overlapping,simd,1024,237,1834542,523776
0,all_overlapping,simd,1024,238,1829500,523776
0,all_overlapping,simd,1024,239,1830792,523776
0,all_overlapping,simd,1024,240,1830542,523776
0,all_overlapping,simd,1024,241,1831791,523776
0,all_overlapping,simd,1024,242,1832709,523776
0,all_overlapping,simd,1024,243,1829000,523776
0,all_overlapping,simd,1024,244,1833375,523776
0,all_overlapping,simd,1024,245,1830167,523776
0,all_overlapping,simd,1024,246,1838041,523776
0,all_overlapping,simd,1024,247,1829583,523776
0,all_overlapping,simd,1024,248,1828459,523776
0,all_overlapping,simd,1024,249,1828791,523776
0,all_overlapping,simd,1024,250,1827583,523776
0,all_overlapping,simd,1024,251,1828459,523776
0,all_overlapping,simd,1024,252,1835500,523776
0,all_overlapping,simd,1024,253,1826625,523776
0,all_overlapping,simd,1024,254,1826750,523776
0,all_overlapping,simd,1024,255,1836375,523776
0,all_overlapping,simd,1024,256,1830667,523776
0,all_overlapping,simd,1024,257,1840291,523776
0,all_overlapping,simd,1024,258,1834125,523776
0,all_overlapping,simd,1024,259,1830208,523776
0,all_overlapping,simd,1024,260,1830333,523776
0,all_overlapping,simd,1024,261,1831125,523776
0,all_overlapping,simd,1024,262,1844417,523776
0,all_overlapping,simd,1024,263,1832875,523776
0,all_overlapping,simd,1024,264,1831917,523776
0,all_overlapping,simd,1024,265,1835833,523776
0,all_overlapping,simd,1024,266,1829458,523776
0,all_overlapping,simd,1024,267,1829167,523776
0,all_overlapping,simd,1024,268,1829000,523776
0,all_overlapping,simd,1024,269,1829791,523776
0,all_overlapping,simd,1024,270,1830292,523776
0,all_overlapping,simd,1024,271,1836292,523776
0,all_overlapping,simd,1024,272,1857334,523776
0,all_overlapping,simd,1024,273,1831875,523776
0,all_overlapping,simd,1024,274,1829125,523776
0,all_overlapping,simd,1024,275,1826791,523776
0,all_overlapping,simd,1024,276,1830750,523776
0,all_overlapping,simd,1024,277,1829625,523776
0,all_overlapping,simd,1024,278,1830583,523776
0,all_overlapping,simd,1024,279,1830167,523776
0,all_overlapping,simd,1024,280,1833083,523776
0,all_overlapping,simd,1024,281,1827667,523776
0,all_overlapping,simd,1024,282,1825625,523776
0,all_overlapping,simd,1024,283,1835750,523776
0,all_overlapping,simd,1024,284,1827375,523776
0,all_overlapping,simd,1024,285,1829708,523776
0,all_overlapping,simd,1024,286,1828125,523776
0,all_overlapping,simd,1024,287,1828125,523776
0,all_overlapping,simd,1024,288,1827125,523776
0,all_overlapping,simd,1024,289,1826792,523776
0,all_overlapping,simd,1024,290,1829500,523776
0,all_overlapping,simd,1024,291,1830458,523776
0,all_overlapping,simd,1024,292,1833333,523776
0,all_overlapping,simd,1024,293,1826750,523776
0,all_overlapping,simd,1024,294,1826708,523776
0,all_overlapping,simd,1024,295,1827709,523776
0,all_overlapping,simd,1024,296,1828500,523776
0,all_overlapping,simd,1024,297,1827292,523776
0,all_overlapping,simd,1024,298,1827375,523776
0,all_overlapping,simd,1024,299,1828417,523776
1,sparse,scalar_indirect,1024,0,20500,0
1,sparse,scalar_indirect,1024,1,20458,0
1,sparse,scalar_indirect,1024,2,20417,0
1,sparse,scalar_indirect,1024,3,20333,0
1,sparse,scalar_indirect,1024,4,20416,0
1,sparse,scalar_indirect,1024,5,20417,0
1,sparse,scalar_indirect,1024,6,20417,0
1,sparse,scalar_indirect,1024,7,20417,0
1,sparse,scalar_indirect,1024,8,20458,0
1,sparse,scalar_indirect,1024,9,20500,0
1,sparse,scalar_indirect,1024,10,20458,0
1,sparse,scalar_indirect,1024,11,20333,0
1,sparse,scalar_indirect,1024,12,20375,0
1,sparse,scalar_indirect,1024,13,20375,0
1,sparse,scalar_indirect,1024,14,20333,0
1,sparse,scalar_indirect,1024,15,20417,0
1,sparse,scalar_indirect,1024,16,20375,0
1,sparse,scalar_indirect,1024,17,20375,0
1,sparse,scalar_indirect,1024,18,20375,0
1,sparse,scalar_indirect,1024,19,20334,0
1,sparse,scalar_indirect,1024,20,20375,0
1,sparse,scalar_indirect,1024,21,20459,0
1,sparse,scalar_indirect,1024,22,20375,0
1,sparse,scalar_indirect,1024,23,20375,0
1,sparse,scalar_indirect,1024,24,20417,0
1,sparse,scalar_indirect,1024,25,20375,0
1,sparse,scalar_indirect,1024,26,20416,0
1,sparse,scalar_indirect,1024,27,20459,0
1,sparse,scalar_indirect,1024,28,20375,0
1,sparse,scalar_indirect,1024,29,20375,0
1,sparse,scalar_indirect,1024,30,20500,0
1,sparse,scalar_indirect,1024,31,20375,0
1,sparse,scalar_indirect,1024,32,20417,0
1,sparse,scalar_indirect,1024,33,20375,0
1,sparse,scalar_indirect,1024,34,20375,0
1,sparse,scalar_indirect,1024,35,20458,0
1,sparse,scalar_indirect,1024,36,20375,0
1,sparse,scalar_indirect,1024,37,20375,0
1,sparse,scalar_indirect,1024,38,20375,0
1,sparse,scalar_indirect,1024,39,20375,0
1,sparse,scalar_indirect,1024,40,20375,0
1,sparse,scalar_indirect,1024,41,20333,0
1,sparse,scalar_indirect,1024,42,20333,0
1,sparse,scalar_indirect,1024,43,20375,0
1,sparse,scalar_indirect,1024,44,20458,0
1,sparse,scalar_indirect,1024,45,20458,0
1,sparse,scalar_indirect,1024,46,20417,0
1,sparse,scalar_indirect,1024,47,20375,0
1,sparse,scalar_indirect,1024,48,20417,0
1,sparse,scalar_indirect,1024,49,20375,0
1,sparse,scalar_indirect,1024,50,20416,0
1,sparse,scalar_indirect,1024,51,20375,0
1,sparse,scalar_indirect,1024,52,20459,0
1,sparse,scalar_indirect,1024,53,20375,0
1,sparse,scalar_indirect,1024,54,20625,0
1,sparse,scalar_indirect,1024,55,20458,0
1,sparse,scalar_indirect,1024,56,20458,0
1,sparse,scalar_indirect,1024,57,20458,0
1,sparse,scalar_indirect,1024,58,20459,0
1,sparse,scalar_indirect,1024,59,20375,0
1,sparse,scalar_indirect,1024,60,20459,0
1,sparse,scalar_indirect,1024,61,20375,0
1,sparse,scalar_indirect,1024,62,20416,0
1,sparse,scalar_indirect,1024,63,20417,0
1,sparse,scalar_indirect,1024,64,20458,0
1,sparse,scalar_indirect,1024,65,20417,0
1,sparse,scalar_indirect,1024,66,20500,0
1,sparse,scalar_indirect,1024,67,20500,0
1,sparse,scalar_indirect,1024,68,20458,0
1,sparse,scalar_indirect,1024,69,20458,0
1,sparse,scalar_indirect,1024,70,20417,0
1,sparse,scalar_indirect,1024,71,20375,0
1,sparse,scalar_indirect,1024,72,20375,0
1,sparse,scalar_indirect,1024,73,20333,0
1,sparse,scalar_indirect,1024,74,20458,0
1,sparse,scalar_indirect,1024,75,20458,0
1,sparse,scalar_indirect,1024,76,20375,0
1,sparse,scalar_indirect,1024,77,20375,0
1,sparse,scalar_indirect,1024,78,20459,0
1,sparse,scalar_indirect,1024,79,20375,0
1,sparse,scalar_indirect,1024,80,20334,0
1,sparse,scalar_indirect,1024,81,20334,0
1,sparse,scalar_indirect,1024,82,20375,0
1,sparse,scalar_indirect,1024,83,20500,0
1,sparse,scalar_indirect,1024,84,20375,0
1,sparse,scalar_indirect,1024,85,20375,0
1,sparse,scalar_indirect,1024,86,20375,0
1,sparse,scalar_indirect,1024,87,20375,0
1,sparse,scalar_indirect,1024,88,20458,0
1,sparse,scalar_indirect,1024,89,20375,0
1,sparse,scalar_indirect,1024,90,20458,0
1,sparse,scalar_indirect,1024,91,20417,0
1,sparse,scalar_indirect,1024,92,20333,0
1,sparse,scalar_indirect,1024,93,20500,0
1,sparse,scalar_indirect,1024,94,20458,0
1,sparse,scalar_indirect,1024,95,20458,0
1,sparse,scalar_indirect,1024,96,20458,0
1,sparse,scalar_indirect,1024,97,20458,0
1,sparse,scalar_indirect,1024,98,20375,0
1,sparse,scalar_indirect,1024,99,20375,0
1,sparse,scalar_indirect,1024,100,20375,0
1,sparse,scalar_indirect,1024,101,20375,0
1,sparse,scalar_indirect,1024,102,20375,0
1,sparse,scalar_indirect,1024,103,20417,0
1,sparse,scalar_indirect,1024,104,20542,0
1,sparse,scalar_indirect,1024,105,20375,0
1,sparse,scalar_indirect,1024,106,20416,0
1,sparse,scalar_indirect,1024,107,20417,0
1,sparse,scalar_indirect,1024,108,20375,0
1,sparse,scalar_indirect,1024,109,20458,0
1,sparse,scalar_indirect,1024,110,20334,0
1,sparse,scalar_indirect,1024,111,20459,0
1,sparse,scalar_indirect,1024,112,20459,0
1,sparse,scalar_indirect,1024,113,20334,0
1,sparse,scalar_indirect,1024,114,20500,0
1,sparse,scalar_indirect,1024,115,20417,0
1,sparse,scalar_indirect,1024,116,20458,0
1,sparse,scalar_indirect,1024,117,20375,0
1,sparse,scalar_indirect,1024,118,20375,0
1,sparse,scalar_indirect,1024,119,20458,0
1,sparse,scalar_indirect,1024,120,20416,0
1,sparse,scalar_indirect,1024,121,20417,0
1,sparse,scalar_indirect,1024,122,20417,0
1,sparse,scalar_indirect,1024,123,20458,0
1,sparse,scalar_indirect,1024,124,20375,0
1,sparse,scalar_indirect,1024,125,20375,0
1,sparse,scalar_indirect,1024,126,20417,0
1,sparse,scalar_indirect,1024,127,20416,0
1,sparse,scalar_indirect,1024,128,20375,0
1,sparse,scalar_indirect,1024,129,20417,0
1,sparse,scalar_indirect,1024,130,20333,0
1,sparse,scalar_indirect,1024,131,20417,0
1,sparse,scalar_indirect,1024,132,20417,0
1,sparse,scalar_indirect,1024,133,20334,0
1,sparse,scalar_indirect,1024,134,20500,0
1,sparse,scalar_indirect,1024,135,20541,0
1,sparse,scalar_indirect,1024,136,20459,0
1,sparse,scalar_indirect,1024,137,20458,0
1,sparse,scalar_indirect,1024,138,20333,0
1,sparse,scalar_indirect,1024,139,20459,0
1,sparse,scalar_indirect,1024,140,20458,0
1,sparse,scalar_indirect,1024,141,20333,0
1,sparse,scalar_indirect,1024,142,20417,0
1,sparse,scalar_indirect,1024,143,20500,0
1,sparse,scalar_indirect,1024,144,20375,0
1,sparse,scalar_indirect,1024,145,20375,0
1,sparse,scalar_indirect,1024,146,20417,0
1,sparse,scalar_indirect,1024,147,20375,0
1,sparse,scalar_indirect,1024,148,20334,0
1,sparse,scalar_indirect,1024,149,20458,0
1,sparse,scalar_indirect,1024,150,20417,0
1,sparse,scalar_indirect,1024,151,20416,0
1,sparse,scalar_indirect,1024,152,20375,0
1,sparse,scalar_indirect,1024,153,20375,0
1,sparse,scalar_indirect,1024,154,20458,0
1,sparse,scalar_indirect,1024,155,20459,0
1,sparse,scalar_indirect,1024,156,20375,0
1,sparse,scalar_indirect,1024,157,20500,0
1,sparse,scalar_indirect,1024,158,20459,0
1,sparse,scalar_indirect,1024,159,20417,0
1,sparse,scalar_indirect,1024,160,20500,0
1,sparse,scalar_indirect,1024,161,20458,0
1,sparse,scalar_indirect,1024,162,20458,0
1,sparse,scalar_indirect,1024,163,20500,0
1,sparse,scalar_indirect,1024,164,20375,0
1,sparse,scalar_indirect,1024,165,20542,0
1,sparse,scalar_indirect,1024,166,20500,0
1,sparse,scalar_indirect,1024,167,20458,0
1,sparse,scalar_indirect,1024,168,20459,0
1,sparse,scalar_indirect,1024,169,20333,0
1,sparse,scalar_indirect,1024,170,20375,0
1,sparse,scalar_indirect,1024,171,20416,0
1,sparse,scalar_indirect,1024,172,20334,0
1,sparse,scalar_indirect,1024,173,20375,0
1,sparse,scalar_indirect,1024,174,20417,0
1,sparse,scalar_indirect,1024,175,20500,0
1,sparse,scalar_indirect,1024,176,20375,0
1,sparse,scalar_indirect,1024,177,20375,0
1,sparse,scalar_indirect,1024,178,20458,0
1,sparse,scalar_indirect,1024,179,20375,0
1,sparse,scalar_indirect,1024,180,20333,0
1,sparse,scalar_indirect,1024,181,20375,0
1,sparse,scalar_indirect,1024,182,20416,0
1,sparse,scalar_indirect,1024,183,20375,0
1,sparse,scalar_indirect,1024,184,20375,0
1,sparse,scalar_indirect,1024,185,20375,0
1,sparse,scalar_indirect,1024,186,20375,0
1,sparse,scalar_indirect,1024,187,20334,0
1,sparse,scalar_indirect,1024,188,20375,0
1,sparse,scalar_indirect,1024,189,20417,0
1,sparse,scalar_indirect,1024,190,20333,0
1,sparse,scalar_indirect,1024,191,20500,0
1,sparse,scalar_indirect,1024,192,20417,0
1,sparse,scalar_indirect,1024,193,20416,0
1,sparse,scalar_indirect,1024,194,20375,0
1,sparse,scalar_indirect,1024,195,20417,0
1,sparse,scalar_indirect,1024,196,20375,0
1,sparse,scalar_indirect,1024,197,20334,0
1,sparse,scalar_indirect,1024,198,20334,0
1,sparse,scalar_indirect,1024,199,20416,0
1,sparse,scalar_indirect,1024,200,20375,0
1,sparse,scalar_indirect,1024,201,20333,0
1,sparse,scalar_indirect,1024,202,20458,0
1,sparse,scalar_indirect,1024,203,20375,0
1,sparse,scalar_indirect,1024,204,20375,0
1,sparse,scalar_indirect,1024,205,20333,0
1,sparse,scalar_indirect,1024,206,20417,0
1,sparse,scalar_indirect,1024,207,20416,0
1,sparse,scalar_indirect,1024,208,20333,0
1,sparse,scalar_indirect,1024,209,20375,0
1,sparse,scalar_indirect,1024,210,20417,0
1,sparse,scalar_indirect,1024,211,20333,0
1,sparse,scalar_indirect,1024,212,20417,0
1,sparse,scalar_indirect,1024,213,20416,0
1,sparse,scalar_indirect,1024,214,20375,0
1,sparse,scalar_indirect,1024,215,20375,0
1,sparse,scalar_indirect,1024,216,20333,0
1,sparse,scalar_indirect,1024,217,20375,0
1,sparse,scalar_indirect,1024,218,20375,0
1,sparse,scalar_indirect,1024,219,20333,0
1,sparse,scalar_indirect,1024,220,20417,0
1,sparse,scalar_indirect,1024,221,20334,0
1,sparse,scalar_indirect,1024,222,20417,0
1,sparse,scalar_indirect,1024,223,20375,0
1,sparse,scalar_indirect,1024,224,20416,0
1,sparse,scalar_indirect,1024,225,20375,0
1,sparse,scalar_indirect,1024,226,20417,0
1,sparse,scalar_indirect,1024,227,20375,0
1,sparse,scalar_indirect,1024,228,20417,0
1,sparse,scalar_indirect,1024,229,20375,0
1,sparse,scalar_indirect,1024,230,20375,0
1,sparse,scalar_indirect,1024,231,20500,0
1,sparse,scalar_indirect,1024,232,20375,0
1,sparse,scalar_indirect,1024,233,20375,0
1,sparse,scalar_indirect,1024,234,20375,0
1,sparse,scalar_indirect,1024,235,20416,0
1,sparse,scalar_indirect,1024,236,20375,0
1,sparse,scalar_indirect,1024,237,20333,0
1,sparse,scalar_indirect,1024,238,20417,0
1,sparse,scalar_indirect,1024,239,20375,0
1,sparse,scalar_indirect,1024,240,20291,0
1,sparse,scalar_indirect,1024,241,20500,0
1,sparse,scalar_indirect,1024,242,20375,0
1,sparse,scalar_indirect,1024,243,20375,0
1,sparse,scalar_indirect,1024,244,20333,0
1,sparse,scalar_indirect,1024,245,20375,0
1,sparse,scalar_indirect,1024,246,20416,0
1,sparse,scalar_indirect,1024,247,20334,0
1,sparse,scalar_indirect,1024,248,20416,0
1,sparse,scalar_indirect,1024,249,20417,0
1,sparse,scalar_indirect,1024,250,20333,0
1,sparse,scalar_indirect,1024,251,20375,0
1,sparse,scalar_indirect,1024,252,20417,0
1,sparse,scalar_indirect,1024,253,20375,0
1,sparse,scalar_indirect,1024,254,20334,0
1,sparse,scalar_indirect,1024,255,20334,0
1,sparse,scalar_indirect,1024,256,20416,0
1,sparse,scalar_indirect,1024,257,20375,0
1,sparse,scalar_indirect,1024,258,20334,0
1,sparse,scalar_indirect,1024,259,20416,0
1,sparse,scalar_indirect,1024,260,20417,0
1,sparse,scalar_indirect,1024,261,20375,0
1,sparse,scalar_indirect,1024,262,20500,0
1,sparse,scalar_indirect,1024,263,20416,0
1,sparse,scalar_indirect,1024,264,20375,0
1,sparse,scalar_indirect,1024,265,20333,0
1,sparse,scalar_indirect,1024,266,20500,0
1,sparse,scalar_indirect,1024,267,20459,0
1,sparse,scalar_indirect,1024,268,20375,0
1,sparse,scalar_indirect,1024,269,20375,0
1,sparse,scalar_indirect,1024,270,20417,0
1,sparse,scalar_indirect,1024,271,20333,0
1,sparse,scalar_indirect,1024,272,20375,0
1,sparse,scalar_indirect,1024,273,20458,0
1,sparse,scalar_indirect,1024,274,20416,0
1,sparse,scalar_indirect,1024,275,20375,0
1,sparse,scalar_indirect,1024,276,20334,0
1,sparse,scalar_indirect,1024,277,20417,0
1,sparse,scalar_indirect,1024,278,20333,0
1,sparse,scalar_indirect,1024,279,20375,0
1,sparse,scalar_indirect,1024,280,20375,0
1,sparse,scalar_indirect,1024,281,20416,0
1,sparse,scalar_indirect,1024,282,20375,0
1,sparse,scalar_indirect,1024,283,20333,0
1,sparse,scalar_indirect,1024,284,20417,0
1,sparse,scalar_indirect,1024,285,20375,0
1,sparse,scalar_indirect,1024,286,20333,0
1,sparse,scalar_indirect,1024,287,20416,0
1,sparse,scalar_indirect,1024,288,20375,0
1,sparse,scalar_indirect,1024,289,20334,0
1,sparse,scalar_indirect,1024,290,20417,0
1,sparse,scalar_indirect,1024,291,20375,0
1,sparse,scalar_indirect,1024,292,20375,0
1,sparse,scalar_indirect,1024,293,20333,0
1,sparse,scalar_indirect,1024,294,20375,0
1,sparse,scalar_indirect,1024,295,20375,0
1,sparse,scalar_indirect,1024,296,20333,0
1,sparse,scalar_indirect,1024,297,20375,0
1,sparse,scalar_indirect,1024,298,20417,0
1,sparse,scalar_indirect,1024,299,20333,0
1,sparse,scalar_packed,1024,0,12541,0
1,sparse,scalar_packed,1024,1,12417,0
1,sparse,scalar_packed,1024,2,12417,0
1,sparse,scalar_packed,1024,3,12500,0
1,sparse,scalar_packed,1024,4,12375,0
1,sparse,scalar_packed,1024,5,12417,0
1,sparse,scalar_packed,1024,6,12417,0
1,sparse,scalar_packed,1024,7,12417,0
1,sparse,scalar_packed,1024,8,12417,0
1,sparse,scalar_packed,1024,9,12458,0
1,sparse,scalar_packed,1024,10,12416,0
1,sparse,scalar_packed,1024,11,12459,0
1,sparse,scalar_packed,1024,12,12375,0
1,sparse,scalar_packed,1024,13,12416,0
1,sparse,scalar_packed,1024,14,12459,0
1,sparse,scalar_packed,1024,15,12416,0
1,sparse,scalar_packed,1024,16,12417,0
1,sparse,scalar_packed,1024,17,12333,0
1,sparse,scalar_packed,1024,18,12417,0
1,sparse,scalar_packed,1024,19,12458,0
1,sparse,scalar_packed,1024,20,12417,0
1,sparse,scalar_packed,1024,21,12416,0
1,sparse,scalar_packed,1024,22,12333,0
1,sparse,scalar_packed,1024,23,12417,0
1,sparse,scalar_packed,1024,24,12416,0
1,sparse,scalar_packed,1024,25,12500,0
1,sparse,scalar_packed,1024,26,12459,0
1,sparse,scalar_packed,1024,27,12416,0
1,sparse,scalar_packed,1024,28,12459,0
1,sparse,scalar_packed,1024,29,12375,0
1,sparse,scalar_packed,1024,30,12416,0
1,sparse,scalar_packed,1024,31,12459,0
1,sparse,scalar_packed,1024,32,12458,0
1,sparse,scalar_packed,1024,33,12417,0
1,sparse,scalar_packed,1024,34,12375,0
1,sparse,scalar_packed,1024,35,12416,0
1,sparse,scalar_packed,1024,36,12500,0
1,sparse,scalar_packed,1024,37,12417,0
1,sparse,scalar_packed,1024,38,12417,0
1,sparse,scalar_packed,1024,39,12458,0
1,sparse,scalar_packed,1024,40,12458,0
1,sparse,scalar_packed,1024,41,12500,0
1,sparse,scalar_packed,1024,42,12458,0
1,sparse,scalar_packed,1024,43,12417,0
1,sparse,scalar_packed,1024,44,12458,0
1,sparse,scalar_packed,1024,45,12417,0
1,sparse,scalar_packed,1024,46,12334,0
1,sparse,scalar_packed,1024,47,12417,0
1,sparse,scalar_packed,1024,48,12458,0
1,sparse,scalar_packed,1024,49,12417,0
1,sparse,scalar_packed,1024,50,12375,0
1,sparse,scalar_packed,1024,51,12375,0
1,sparse,scalar_packed,1024,52,12375,0
1,sparse,scalar_packed,1024,53,12417,0
1,sparse,scalar_packed,1024,54,12417,0
1,sparse,scalar_packed,1024,55,12417,0
1,sparse,scalar_packed,1024,56,12375,0
1,sparse,scalar_packed,1024,57,12417,0
1,sparse,scalar_packed,1024,58,12416,0
1,sparse,scalar_packed,1024,59,12417,0
1,sparse,scalar_packed,1024,60,12416,0
1,sparse,scalar_packed,1024,61,12500,0
1,sparse,scalar_packed,1024,62,12417,0
1,sparse,scalar_packed,1024,63,12375,0
1,sparse,scalar_packed,1024,64,12375,0
1,sparse,scalar_packed,1024,65,12416,0
1,sparse,scalar_packed,1024,66,12459,0
1,sparse,scalar_packed,1024,67,12416,0
1,sparse,scalar_packed,1024,68,12333,0
1,sparse,scalar_packed,1024,69,12459,0
1,sparse,scalar_packed,1024,70,12416,0
1,sparse,scalar_packed,1024,71,12417,0
1,sparse,scalar_packed,1024,72,12417,0
1,sparse,scalar_packed,1024,73,12416,0
1,sparse,scalar_packed,1024,74,12417,0
1,sparse,scalar_packed,1024,75,12417,0
1,sparse,scalar_packed,1024,76,12416,0
1,sparse,scalar_packed,1024,77,12417,0
1,sparse,scalar_packed,1024,78,14833,0
1,sparse,scalar_packed,1024,79,12500,0
1,sparse,scalar_packed,1024,80,12583,0
1,sparse,scalar_packed,1024,81,12500,0
1,sparse,scalar_packed,1024,82,12417,0
1,sparse,scalar_packed,1024,83,12458,0
1,sparse,scalar_packed,1024,84,12417,0
1,sparse,scalar_packed,1024,85,12375,0
1,sparse,scalar_packed,1024,86,12416,0
1,sparse,scalar_packed,1024,87,12417,0
1,sparse,scalar_packed,1024,88,12417,0
1,sparse,scalar_packed,1024,89,12375,0
1,sparse,scalar_packed,1024,90,12459,0
1,sparse,scalar_packed,1024,91,12416,0
1,sparse,scalar_packed,1024,92,12334,0
1,sparse,scalar_packed,1024,93,12375,0
1,sparse,scalar_packed,1024,94,12417,0
1,sparse,scalar_packed,1024,95,12458,0
1,sparse,scalar_packed,1024,96,12417,0
1,sparse,scalar_packed,1024,97,12334,0
1,sparse,scalar_packed,1024,98,12417,0
1,sparse,scalar_packed,1024,99,12375,0
1,sparse,scalar_packed,1024,100,12375,0
1,sparse,scalar_packed,1024,101,12417,0
1,sparse,scalar_packed,1024,102,12417,0
1,sparse,scalar_packed,1024,103,12416,0
1,sparse,scalar_packed,1024,104,12417,0
1,sparse,scalar_packed,1024,105,12417,0
1,sparse,scalar_packed,1024,106,12416,0
1,sparse,scalar_packed,1024,107,12459,0
1,sparse,scalar_packed,1024,108,12416,0
1,sparse,scalar_packed,1024,109,12459,0
1,sparse,scalar_packed,1024,110,12375,0
1,sparse,scalar_packed,1024,111,12458,0
1,sparse,scalar_packed,1024,112,12458,0
1,sparse,scalar_packed,1024,113,12417,0
1,sparse,scalar_packed,1024,114,12375,0
1,sparse,scalar_packed,1024,115,12375,0
1,sparse,scalar_packed,1024,116,12375,0
1,sparse,scalar_packed,1024,117,12417,0
1,sparse,scalar_packed,1024,118,12417,0
1,sparse,scalar_packed,1024,119,12416,0
1,sparse,scalar_packed,1024,120,12417,0
1,sparse,scalar_packed,1024,121,12416,0
1,sparse,scalar_packed,1024,122,12417,0
1,sparse,scalar_packed,1024,123,12417,0
1,sparse,scalar_packed,1024,124,12417,0
1,sparse,scalar_packed,1024,125,12375,0
1,sparse,scalar_packed,1024,126,12417,0
1,sparse,scalar_packed,1024,127,12333,0
1,sparse,scalar_packed,1024,128,12375,0
1,sparse,scalar_packed,1024,129,12416,0
1,sparse,scalar_packed,1024,130,12417,0
1,sparse,scalar_packed,1024,131,12375,0
1,sparse,scalar_packed,1024,132,12375,0
1,sparse,scalar_packed,1024,133,12375,0
1,sparse,scalar_packed,1024,134,12417,0
1,sparse,scalar_packed,1024,135,12417,0
1,sparse,scalar_packed,1024,136,12417,0
1,sparse,scalar_packed,1024,137,12458,0
1,sparse,scalar_packed,1024,138,12417,0
1,sparse,scalar_packed,1024,139,12375,0
1,sparse,scalar_packed,1024,140,12416,0
1,sparse,scalar_packed,1024,141,12417,0
1,sparse,scalar_packed,1024,142,12458,0
1,sparse,scalar_packed,1024,143,12417,0
1,sparse,scalar_packed,1024,144,12375,0
1,sparse,scalar_packed,1024,145,12458,0
1,sparse,scalar_packed,1024,146,12417,0
1,sparse,scalar_packed,1024,147,12417,0
1,sparse,scalar_packed,1024,148,12417,0
1,sparse,scalar_packed,1024,149,12417,0
1,sparse,scalar_packed,1024,150,12416,0
1,sparse,scalar_packed,1024,151,12417,0
1,sparse,scalar_packed,1024,152,12416,0
1,sparse,scalar_packed,1024,153,12375,0
1,sparse,scalar_packed,1024,154,12417,0
1,sparse,scalar_packed,1024,155,12375,0
1,sparse,scalar_packed,1024,156,12333,0
1,sparse,scalar_packed,1024,157,12375,0
1,sparse,scalar_packed,1024,158,12375,0
1,sparse,scalar_packed,1024,159,12459,0
1,sparse,scalar_packed,1024,160,12416,0
1,sparse,scalar_packed,1024,161,12375,0
1,sparse,scalar_packed,1024,162,12417,0
1,sparse,scalar_packed,1024,163,12375,0
1,sparse,scalar_packed,1024,164,12375,0
1,sparse,scalar_packed,1024,165,12458,0
1,sparse,scalar_packed,1024,166,12417,0
1,sparse,scalar_packed,1024,167,12417,0
1,sparse,scalar_packed,1024,168,12416,0
1,sparse,scalar_packed,1024,169,12417,0
1,sparse,scalar_packed,1024,170,12375,0
1,sparse,scalar_packed,1024,171,12417,0
1,sparse,scalar_packed,1024,172,12417,0
1,sparse,scalar_packed,1024,173,12416,0
1,sparse,scalar_packed,1024,174,12375,0
1,sparse,scalar_packed,1024,175,12417,0
1,sparse,scalar_packed,1024,176,12458,0
1,sparse,scalar_packed,1024,177,12417,0
1,sparse,scalar_packed,1024,178,12333,0
1,sparse,scalar_packed,1024,179,12375,0
1,sparse,scalar_packed,1024,180,12417,0
1,sparse,scalar_packed,1024,181,12417,0
1,sparse,scalar_packed,1024,182,12416,0
1,sparse,scalar_packed,1024,183,12417,0
1,sparse,scalar_packed,1024,184,12417,0
1,sparse,scalar_packed,1024,185,12416,0
1,sparse,scalar_packed,1024,186,12375,0
1,sparse,scalar_packed,1024,187,12375,0
1,sparse,scalar_packed,1024,188,12416,0
1,sparse,scalar_packed,1024,189,12417,0
1,sparse,scalar_packed,1024,190,12416,0
1,sparse,scalar_packed,1024,191,12375,0
1,sparse,scalar_packed,1024,192,12375,0
1,sparse,scalar_packed,1024,193,12500,0
1,sparse,scalar_packed,1024,194,12458,0
1,sparse,scalar_packed,1024,195,12417,0
1,sparse,scalar_packed,1024,196,12375,0
1,sparse,scalar_packed,1024,197,12375,0
1,sparse,scalar_packed,1024,198,12500,0
1,sparse,scalar_packed,1024,199,12458,0
1,sparse,scalar_packed,1024,200,12375,0
1,sparse,scalar_packed,1024,201,12416,0
1,sparse,scalar_packed,1024,202,12375,0
1,sparse,scalar_packed,1024,203,12375,0
1,sparse,scalar_packed,1024,204,12416,0
1,sparse,scalar_packed,1024,205,12459,0
1,sparse,scalar_packed,1024,206,12416,0
1,sparse,scalar_packed,1024,207,12375,0
1,sparse,scalar_packed,1024,208,12333,0
1,sparse,scalar_packed,1024,209,12458,0
1,sparse,scalar_packed,1024,210,12417,0
1,sparse,scalar_packed,1024,211,12417,0
1,sparse,scalar_packed,1024,212,12375,0
1,sparse,scalar_packed,1024,213,12375,0
1,sparse,scalar_packed,1024,214,12375,0
1,sparse,scalar_packed,1024,215,12375,0
1,sparse,scalar_packed,1024,216,12375,0
1,sparse,scalar_packed,1024,217,12375,0
1,sparse,scalar_packed,1024,218,12417,0
1,sparse,scalar_packed,1024,219,12417,0
1,sparse,scalar_packed,1024,220,12416,0
1,sparse,scalar_packed,1024,221,12500,0
1,sparse,scalar_packed,1024,222,12375,0
1,sparse,scalar_packed,1024,223,12458,0
1,sparse,scalar_packed,1024,224,12459,0
1,sparse,scalar_packed,1024,225,12375,0
1,sparse,scalar_packed,1024,226,12417,0
1,sparse,scalar_packed,1024,227,12417,0
1,sparse,scalar_packed,1024,228,12416,0
1,sparse,scalar_packed,1024,229,12417,0
1,sparse,scalar_packed,1024,230,12416,0
1,sparse,scalar_packed,1024,231,12375,0
1,sparse,scalar_packed,1024,232,12375,0
1,sparse,scalar_packed,1024,233,12375,0
1,sparse,scalar_packed,1024,234,12417,0
1,sparse,scalar_packed,1024,235,12417,0
1,sparse,scalar_packed,1024,236,12375,0
1,sparse,scalar_packed,1024,237,12375,0
1,sparse,scalar_packed,1024,238,12417,0
1,sparse,scalar_packed,1024,239,12500,0
1,sparse,scalar_packed,1024,240,12417,0
1,sparse,scalar_packed,1024,241,12375,0
1,sparse,scalar_packed,1024,242,12375,0
1,sparse,scalar_packed,1024,243,12417,0
1,sparse,scalar_packed,1024,244,12375,0
1,sparse,scalar_packed,1024,245,12416,0
1,sparse,scalar_packed,1024,246,12417,0
1,sparse,scalar_packed,1024,247,12375,0
1,sparse,scalar_packed,1024,248,12375,0
1,sparse,scalar_packed,1024,249,12417,0
1,sparse,scalar_packed,1024,250,12375,0
1,sparse,scalar_packed,1024,251,12417,0
1,sparse,scalar_packed,1024,252,12458,0
1,sparse,scalar_packed,1024,253,12416,0
1,sparse,scalar_packed,1024,254,12417,0
1,sparse,scalar_packed,1024,255,12375,0
1,sparse,scalar_packed,1024,256,12375,0
1,sparse,scalar_packed,1024,257,12416,0
1,sparse,scalar_packed,1024,258,12375,0
1,sparse,scalar_packed,1024,259,12458,0
1,sparse,scalar_packed,1024,260,12417,0
1,sparse,scalar_packed,1024,261,12458,0
1,sparse,scalar_packed,1024,262,12417,0
1,sparse,scalar_packed,1024,263,12458,0
1,sparse,scalar_packed,1024,264,12417,0
1,sparse,scalar_packed,1024,265,12417,0
1,sparse,scalar_packed,1024,266,12417,0
1,sparse,scalar_packed,1024,267,12417,0
1,sparse,scalar_packed,1024,268,12417,0
1,sparse,scalar_packed,1024,269,12458,0
1,sparse,scalar_packed,1024,270,12417,0
1,sparse,scalar_packed,1024,271,12417,0
1,sparse,scalar_packed,1024,272,12375,0
1,sparse,scalar_packed,1024,273,12417,0
1,sparse,scalar_packed,1024,274,12416,0
1,sparse,scalar_packed,1024,275,12417,0
1,sparse,scalar_packed,1024,276,12417,0
1,sparse,scalar_packed,1024,277,12458,0
1,sparse,scalar_packed,1024,278,12458,0
1,sparse,scalar_packed,1024,279,12417,0
1,sparse,scalar_packed,1024,280,12458,0
1,sparse,scalar_packed,1024,281,12375,0
1,sparse,scalar_packed,1024,282,12541,0
1,sparse,scalar_packed,1024,283,12500,0
1,sparse,scalar_packed,1024,284,12417,0
1,sparse,scalar_packed,1024,285,12416,0
1,sparse,scalar_packed,1024,286,12500,0
1,sparse,scalar_packed,1024,287,12375,0
1,sparse,scalar_packed,1024,288,12416,0
1,sparse,scalar_packed,1024,289,12459,0
1,sparse,scalar_packed,1024,290,12459,0
1,sparse,scalar_packed,1024,291,12416,0
1,sparse,scalar_packed,1024,292,12417,0
1,sparse,scalar_packed,1024,293,12416,0
1,sparse,scalar_packed,1024,294,12417,0
1,sparse,scalar_packed,1024,295,12417,0
1,sparse,scalar_packed,1024,296,12375,0
1,sparse,scalar_packed,1024,297,12375,0
1,sparse,scalar_packed,1024,298,12416,0
1,sparse,scalar_packed,1024,299,12459,0
1,sparse,simd,1024,0,11209,0
1,sparse,simd,1024,1,11125,0
1,sparse,simd,1024,2,11166,0
1,sparse,simd,1024,3,11167,0
1,sparse,simd,1024,4,11250,0
1,sparse,simd,1024,5,11208,0
1,sparse,simd,1024,6,11209,0
1,sparse,simd,1024,7,11292,0
1,sparse,simd,1024,8,11167,0
1,sparse,simd,1024,9,11208,0
1,sparse,simd,1024,10,11250,0
1,sparse,simd,1024,11,11125,0
1,sparse,simd,1024,12,11084,0
1,sparse,simd,1024,13,11250,0
1,sparse,simd,1024,14,11166,0
1,sparse,simd,1024,15,11250,0
1,sparse,simd,1024,16,11167,0
1,sparse,simd,1024,17,11250,0
1,sparse,simd,1024,18,11166,0
1,sparse,simd,1024,19,11167,0
1,sparse,simd,1024,20,11125,0
1,sparse,simd,1024,21,11208,0
1,sparse,simd,1024,22,11125,0
1,sparse,simd,1024,23,11208,0
1,sparse,simd,1024,24,11250,0
1,sparse,simd,1024,25,11333,0
1,sparse,simd,1024,26,11167,0
1,sparse,simd,1024,27,11250,0
1,sparse,simd,1024,28,11166,0
1,sparse,simd,1024,29,11125,0
1,sparse,simd,1024,30,11208,0
1,sparse,simd,1024,31,11083,0
1,sparse,simd,1024,32,11250,0
1,sparse,simd,1024,33,11208,0
1,sparse,simd,1024,34,11250,0
1,sparse,simd,1024,35,11292,0
1,sparse,simd,1024,36,11292,0
1,sparse,simd,1024,37,11167,0
1,sparse,simd,1024,38,11250,0
1,sparse,simd,1024,39,11125,0
1,sparse,simd,1024,40,11125,0
1,sparse,simd,1024,41,11167,0
1,sparse,simd,1024,42,11166,0
1,sparse,simd,1024,43,11167,0
1,sparse,simd,1024,44,11167,0
1,sparse,simd,1024,45,11125,0
1,sparse,simd,1024,46,11125,0
1,sparse,simd,1024,47,11167,0
1,sparse,simd,1024,48,11250,0
1,sparse,simd,1024,49,11125,0
1,sparse,simd,1024,50,11167,0
1,sparse,simd,1024,51,11250,0
1,sparse,simd,1024,52,11250,0
1,sparse,simd,1024,53,11167,0
1,sparse,simd,1024,54,11250,0
1,sparse,simd,1024,55,11208,0
1,sparse,simd,1024,56,11208,0
1,sparse,simd,1024,57,11250,0
1,sparse,simd,1024,58,11292,0
1,sparse,simd,1024,59,11208,0
1,sparse,simd,1024,60,11292,0
1,sparse,simd,1024,61,11208,0
1,sparse,simd,1024,62,11250,0
1,sparse,simd,1024,63,11208,0
1,sparse,simd,1024,64,11167,0
1,sparse,simd,1024,65,11084,0
1,sparse,simd,1024,66,11125,0
1,sparse,simd,1024,67,11208,0
1,sparse,simd,1024,68,11167,0
1,sparse,simd,1024,69,11250,0
1,sparse,simd,1024,70,11125,0
1,sparse,simd,1024,71,11167,0
1,sparse,simd,1024,72,11166,0
1,sparse,simd,1024,73,11208,0
1,sparse,simd,1024,74,11125,0
1,sparse,simd,1024,75,11167,0
1,sparse,simd,1024,76,11166,0
1,sparse,simd,1024,77,11125,0
1,sparse,simd,1024,78,11167,0
1,sparse,simd,1024,79,11125,0
1,sparse,simd,1024,80,11125,0
1,sparse,simd,1024,81,11167,0
1,sparse,simd,1024,82,11167,0
1,sparse,simd,1024,83,11250,0
1,sparse,simd,1024,84,11250,0
1,sparse,simd,1024,85,11166,0
1,sparse,simd,1024,86,11167,0
1,sparse,simd,1024,87,11125,0
1,sparse,simd,1024,88,11208,0
1,sparse,simd,1024,89,11208,0
1,sparse,simd,1024,90,11167,0
1,sparse,simd,1024,91,11125,0
1,sparse,simd,1024,92,11209,0
1,sparse,simd,1024,93,11208,0
1,sparse,simd,1024,94,11208,0
1,sparse,simd,1024,95,11208,0
1,sparse,simd,1024,96,11125,0
1,sparse,simd,1024,97,11125,0
1,sparse,simd,1024,98,11166,0
1,sparse,simd,1024,99,11250,0
1,sparse,simd,1024,100,11208,0
1,sparse,simd,1024,101,11167,0
1,sparse,simd,1024,102,11084,0
1,sparse,simd,1024,103,11125,0
1,sparse,simd,1024,104,11209,0
1,sparse,simd,1024,105,11166,0
1,sparse,simd,1024,106,11250,0
1,sparse,simd,1024,107,11167,0
1,sparse,simd,1024,108,11208,0
1,sparse,simd,1024,109,11167,0
1,sparse,simd,1024,110,11125,0
1,sparse,simd,1024,111,11125,0
1,sparse,simd,1024,112,11125,0
1,sparse,simd,1024,113,11125,0
1,sparse,simd,1024,114,11125,0
1,sparse,simd,1024,115,11125,0
1,sparse,simd,1024,116,11166,0
1,sparse,simd,1024,117,11125,0
1,sparse,simd,1024,118,11125,0
1,sparse,simd,1024,119,11166,0
1,sparse,simd,1024,120,11167,0
1,sparse,simd,1024,121,11167,0
1,sparse,simd,1024,122,11166,0
1,sparse,simd,1024,123,11167,0
1,sparse,simd,1024,124,11167,0
1,sparse,simd,1024,125,11125,0
1,sparse,simd,1024,126,11125,0
1,sparse,simd,1024,127,11167,0
1,sparse,simd,1024,128,11250,0
1,sparse,simd,1024,129,11125,0
1,sparse,simd,1024,130,11166,0
1,sparse,simd,1024,131,11125,0
1,sparse,simd,1024,132,11167,0
1,sparse,simd,1024,133,11125,0
1,sparse,simd,1024,134,11166,0
1,sparse,simd,1024,135,11167,0
1,sparse,simd,1024,136,11125,0
1,sparse,simd,1024,137,11083,0
1,sparse,simd,1024,138,11125,0
1,sparse,simd,1024,139,11166,0
1,sparse,simd,1024,140,11125,0
1,sparse,simd,1024,141,11125,0
1,sparse,simd,1024,142,11166,0
1,sparse,simd,1024,143,11167,0
1,sparse,simd,1024,144,11250,0
1,sparse,simd,1024,145,11125,0
1,sparse,simd,1024,146,11167,0
1,sparse,simd,1024,147,11125,0
1,sparse,simd,1024,148,11125,0
1,sparse,simd,1024,149,11125,0
1,sparse,simd,1024,150,11125,0
1,sparse,simd,1024,151,11291,0
1,sparse,simd,1024,152,11125,0
1,sparse,simd,1024,153,11125,0
1,sparse,simd,1024,154,11125,0
1,sparse,simd,1024,155,11125,0
1,sparse,simd,1024,156,11166,0
1,sparse,simd,1024,157,11167,0
1,sparse,simd,1024,158,11125,0
1,sparse,simd,1024,159,11208,0
1,sparse,simd,1024,160,11125,0
1,sparse,simd,1024,161,11125,0
1,sparse,simd,1024,162,11125,0
1,sparse,simd,1024,163,11166,0
1,sparse,simd,1024,164,11167,0
1,sparse,simd,1024,165,11125,0
1,sparse,simd,1024,166,11166,0
1,sparse,simd,1024,167,11125,0
1,sparse,simd,1024,168,11125,0
1,sparse,simd,1024,169,11167,0
1,sparse,simd,1024,170,11125,0
1,sparse,simd,1024,171,11250,0
1,sparse,simd,1024,172,11333,0
1,sparse,simd,1024,173,11125,0
1,sparse,simd,1024,174,11125,0
1,sparse,simd,1024,175,11125,0
1,sparse,simd,1024,176,11125,0
1,sparse,simd,1024,177,11167,0
1,sparse,simd,1024,178,11166,0
1,sparse,simd,1024,179,11250,0
1,sparse,simd,1024,180,11125,0
1,sparse,simd,1024,181,11208,0
1,sparse,simd,1024,182,11208,0
1,sparse,simd,1024,183,11167,0
1,sparse,simd,1024,184,11125,0
1,sparse,simd,1024,185,11125,0
1,sparse,simd,1024,186,11167,0
1,sparse,simd,1024,187,11125,0
1,sparse,simd,1024,188,11125,0
1,sparse,simd,1024,189,11209,0
1,sparse,simd,1024,190,11250,0
1,sparse,simd,1024,191,11208,0
1,sparse,simd,1024,192,11167,0
1,sparse,simd,1024,193,11250,0
1,sparse,simd,1024,194,11208,0
1,sparse,simd,1024,195,11125,0
1,sparse,simd,1024,196,11250,0
1,sparse,simd,1024,197,11166,0
1,sparse,simd,1024,198,11167,0
1,sparse,simd,1024,199,11125,0
1,sparse,simd,1024,200,11250,0
1,sparse,simd,1024,201,11208,0
1,sparse,simd,1024,202,11250,0
1,sparse,simd,1024,203,11208,0
1,sparse,simd,1024,204,11208,0
1,sparse,simd,1024,205,11125,0
1,sparse,simd,1024,206,11125,0
1,sparse,simd,1024,207,11125,0
1,sparse,simd,1024,208,11083,0
1,sparse,simd,1024,209,11125,0
1,sparse,simd,1024,210,11125,0
1,sparse,simd,1024,211,11292,0
1,sparse,simd,1024,212,11208,0
1,sparse,simd,1024,213,11125,0
1,sparse,simd,1024,214,11125,0
1,sparse,simd,1024,215,11250,0
1,sparse,simd,1024,216,11250,0
1,sparse,simd,1024,217,11250,0
1,sparse,simd,1024,218,11208,0
1,sparse,simd,1024,219,11208,0
1,sparse,simd,1024,220,11292,0
1,sparse,simd,1024,221,11208,0
1,sparse,simd,1024,222,11250,0
1,sparse,simd,1024,223,11167,0
1,sparse,simd,1024,224,11166,0
1,sparse,simd,1024,225,11167,0
1,sparse,simd,1024,226,11166,0
1,sparse,simd,1024,227,11125,0
1,sparse,simd,1024,228,11125,0
1,sparse,simd,1024,229,11125,0
1,sparse,simd,1024,230,11250,0
1,sparse,simd,1024,231,11167,0
1,sparse,simd,1024,232,11125,0
1,sparse,simd,1024,233,11125,0
1,sparse,simd,1024,234,11125,0
1,sparse,simd,1024,235,11166,0
1,sparse,simd,1024,236,11209,0
1,sparse,simd,1024,237,11125,0
1,sparse,simd,1024,238,11167,0
1,sparse,simd,1024,239,11166,0
1,sparse,simd,1024,240,11167,0
1,sparse,simd,1024,241,11083,0
1,sparse,simd,1024,242,11125,0
1,sparse,simd,1024,243,11125,0
1,sparse,simd,1024,244,11166,0
1,sparse,simd,1024,245,11125,0
1,sparse,simd,1024,246,11167,0
1,sparse,simd,1024,247,11125,0
1,sparse,simd,1024,248,11125,0
1,sparse,simd,1024,249,11125,0
1,sparse,simd,1024,250,11167,0
1,sparse,simd,1024,251,11208,0
1,sparse,simd,1024,252,11125,0
1,sparse,simd,1024,253,11125,0
1,sparse,simd,1024,254,11291,0
1,sparse,simd,1024,255,11167,0
1,sparse,simd,1024,256,12833,0
1,sparse,simd,1024,257,12208,0
1,sparse,simd,1024,258,11375,0
1,sparse,simd,1024,259,11375,0
1,sparse,simd,1024,260,11250,0
1,sparse,simd,1024,261,11292,0
1,sparse,simd,1024,262,11333,0
1,sparse,simd,1024,263,11375,0
1,sparse,simd,1024,264,11334,0
1,sparse,simd,1024,265,11291,0
1,sparse,simd,1024,266,11292,0
1,sparse,simd,1024,267,11166,0
1,sparse,simd,1024,268,11250,0
1,sparse,simd,1024,269,11167,0
1,sparse,simd,1024,270,11125,0
1,sparse,simd,1024,271,11166,0
1,sparse,simd,1024,272,11125,0
1,sparse,simd,1024,273,11125,0
1,sparse,simd,1024,274,11125,0
1,sparse,simd,1024,275,11125,0
1,sparse,simd,1024,276,11209,0
1,sparse,simd,1024,277,11125,0
1,sparse,simd,1024,278,11167,0
1,sparse,simd,1024,279,11167,0
1,sparse,simd,1024,280,11125,0
1,sparse,simd,1024,281,11125,0
1,sparse,simd,1024,282,11250,0
1,sparse,simd,1024,283,11167,0
1,sparse,simd,1024,284,11125,0
1,sparse,simd,1024,285,11167,0
1,sparse,simd,1024,286,11166,0
1,sparse,simd,1024,287,11167,0
1,sparse,simd,1024,288,11167,0
1,sparse,simd,1024,289,11166,0
1,sparse,simd,1024,290,11167,0
1,sparse,simd,1024,291,11125,0
1,sparse,simd,1024,292,11167,0
1,sparse,simd,1024,293,11125,0
1,sparse,simd,1024,294,11167,0
1,sparse,simd,1024,295,11250,0
1,sparse,simd,1024,296,11125,0
1,sparse,simd,1024,297,11125,0
1,sparse,simd,1024,298,11125,0
1,sparse,simd,1024,299,11250,0
1,dense,scalar_indirect,1024,0,84542,3858
1,dense,scalar_indirect,1024,1,84667,3858
1,dense,scalar_indirect,1024,2,84792,3858
1,dense,scalar_indirect,1024,3,84667,3858
1,dense,scalar_indirect,1024,4,84625,3858
1,dense,scalar_indirect,1024,5,84584,3858
1,dense,scalar_indirect,1024,6,84583,3858
1,dense,scalar_indirect,1024,7,84708,3858
1,dense,scalar_indirect,1024,8,84542,3858
1,dense,scalar_indirect,1024,9,84667,3858
1,dense,scalar_indirect,1024,10,84583,3858
1,dense,scalar_indirect,1024,11,84666,3858
1,dense,scalar_indirect,1024,12,84709,3858
1,dense,scalar_indirect,1024,13,84541,3858
1,dense,scalar_indirect,1024,14,84625,3858
1,dense,scalar_indirect,1024,15,84583,3858
1,dense,scalar_indirect,1024,16,84625,3858
1,dense,scalar_indirect,1024,17,84625,3858
1,dense,scalar_indirect,1024,18,84542,3858
1,dense,scalar_indirect,1024,19,84583,3858
1,dense,scalar_indirect,1024,20,84541,3858
1,dense,scalar_indirect,1024,21,84625,3858
1,dense,scalar_indirect,1024,22,84583,3858
1,dense,scalar_indirect,1024,23,84625,3858
1,dense,scalar_indirect,1024,24,84542,3858
1,dense,scalar_indirect,1024,25,84667,3858
1,dense,scalar_indirect,1024,26,84667,3858
1,dense,scalar_indirect,1024,27,84667,3858
1,dense,scalar_indirect,1024,28,84541,3858
1,dense,scalar_indirect,1024,29,84625,3858
1,dense,scalar_indirect,1024,30,84625,3858
1,dense,scalar_indirect,1024,31,84584,3858
1,dense,scalar_indirect,1024,32,84750,3858
1,dense,scalar_indirect,1024,33,84625,3858
1,dense,scalar_indirect,1024,34,84584,3858
1,dense,scalar_indirect,1024,35,84625,3858
1,dense,scalar_indirect,1024,36,84667,3858
1,dense,scalar_indirect,1024,37,84666,3858
1,dense,scalar_indirect,1024,38,84583,3858
1,dense,scalar_indirect,1024,39,84625,3858
1,dense,scalar_indirect,1024,40,84541,3858
1,dense,scalar_indirect,1024,41,84709,3858
1,dense,scalar_indirect,1024,42,84750,3858
1,dense,scalar_indirect,1024,43,84667,3858
1,dense,scalar_indirect,1024,44,84708,3858
1,dense,scalar_indirect,1024,45,84583,3858
1,dense,scalar_indirect,1024,46,84583,3858
1,dense,scalar_indirect,1024,47,84709,3858
1,dense,scalar_indirect,1024,48,84666,3858
1,dense,scalar_indirect,1024,49,84667,3858
1,dense,scalar_indirect,1024,50,84500,3858
1,dense,scalar_indirect,1024,51,84666,3858
1,dense,scalar_indirect,1024,52,84625,3858
1,dense,scalar_indirect,1024,53,84667,3858
1,dense,scalar_indirect,1024,54,84583,3858
1,dense,scalar_indirect,1024,55,84667,3858
1,dense,scalar_indirect,1024,56,84708,3858
1,dense,scalar_indirect,1024,57,84625,3858
1,dense,scalar_indirect,1024,58,84750,3858
1,dense,scalar_indirect,1024,59,84750,3858
1,dense,scalar_indirect,1024,60,84625,3858
1,dense,scalar_indirect,1024,61,84667,3858
1,dense,scalar_indirect,1024,62,84708,3858
1,dense,scalar_indirect,1024,63,84834,3858
1,dense,scalar_indirect,1024,64,84625,3858
1,dense,scalar_indirect,1024,65,84541,3858
1,dense,scalar_indirect,1024,66,84583,3858
1,dense,scalar_indirect,1024,67,84500,3858
1,dense,scalar_indirect,1024,68,84584,3858
1,dense,scalar_indirect,1024,69,84541,3858
1,dense,scalar_indirect,1024,70,84542,3858
1,dense,scalar_indirect,1024,71,84583,3858
1,dense,scalar_indirect,1024,72,84583,3858
1,dense,scalar_indirect,1024,73,84583,3858
1,dense,scalar_indirect,1024,74,84584,3858
1,dense,scalar_indirect,1024,75,84500,3858
1,dense,scalar_indirect,1024,76,84459,3858
1,dense,scalar_indirect,1024,77,84584,3858
1,dense,scalar_indirect,1024,78,84542,3858
1,dense,scalar_indirect,1024,79,84542,3858
1,dense,scalar_indirect,1024,80,84542,3858
1,dense,scalar_indirect,1024,81,84542,3858
1,dense,scalar_indirect,1024,82,84667,3858
1,dense,scalar_indirect,1024,83,84667,3858
1,dense,scalar_indirect,1024,84,84417,3858
1,dense,scalar_indirect,1024,85,84542,3858
1,dense,scalar_indirect,1024,86,84583,3858
1,dense,scalar_indirect,1024,87,84583,3858
1,dense,scalar_indirect,1024,88,84542,3858
1,dense,scalar_indirect,1024,89,84500,3858
1,dense,scalar_indirect,1024,90,84625,3858
1,dense,scalar_indirect,1024,91,84542,3858
1,dense,scalar_indirect,1024,92,84625,3858
1,dense,scalar_indirect,1024,93,84625,3858
1,dense,scalar_indirect,1024,94,84417,3858
1,dense,scalar_indirect,1024,95,84625,3858
1,dense,scalar_indirect,1024,96,84500,3858
1,dense,scalar_indirect,1024,97,84542,3858
1,dense,scalar_indirect,1024,98,84792,3858
1,dense,scalar_indirect,1024,99,84583,3858
1,dense,scalar_indirect,1024,100,84541,3858
1,dense,scalar_indirect,1024,101,84583,3858
1,dense,scalar_indirect,1024,102,84542,3858
1,dense,scalar_indirect,1024,103,86625,3858
1,dense,scalar_indirect,1024,104,84708,3858
1,dense,scalar_indirect,1024,105,84542,3858
1,dense,scalar_indirect,1024,106,84583,3858
1,dense,scalar_indirect,1024,107,84541,3858
1,dense,scalar_indirect,1024,108,84583,3858
1,dense,scalar_indirect,1024,109,84625,3858
1,dense,scalar_indirect,1024,110,84583,3858
1,dense,scalar_indirect,1024,111,84542,3858
1,dense,scalar_indirect,1024,112,84583,3858
1,dense,scalar_indirect,1024,113,84667,3858
1,dense,scalar_indirect,1024,114,84625,3858
1,dense,scalar_indirect,1024,115,84542,3858
1,dense,scalar_indirect,1024,116,84583,3858
1,dense,scalar_indirect,1024,117,84542,3858
1,dense,scalar_indirect,1024,118,84708,3858
1,dense,scalar_indirect,1024,119,84625,3858
1,dense,scalar_indirect,1024,120,84625,3858
1,dense,scalar_indirect,1024,121,84625,3858
1,dense,scalar_indirect,1024,122,84542,3858
1,dense,scalar_indirect,1024,123,84625,3858
1,dense,scalar_indirect,1024,124,84667,3858
1,dense,scalar_indirect,1024,125,84583,3858
1,dense,scalar_indirect,1024,126,84542,3858
1,dense,scalar_indirect,1024,127,84583,3858
1,dense,scalar_indirect,1024,128,84667,3858
1,dense,scalar_indirect,1024,129,84583,3858
1,dense,scalar_indirect,1024,130,84667,3858
1,dense,scalar_indirect,1024,131,88250,3858
1,dense,scalar_indirect,1024,132,85917,3858
1,dense,scalar_indirect,1024,133,84750,3858
1,dense,scalar_indirect,1024,134,84625,3858
1,dense,scalar_indirect,1024,135,84500,3858
1,dense,scalar_indirect,1024,136,84584,3858
1,dense,scalar_indirect,1024,137,84708,3858
1,dense,scalar_indirect,1024,138,84708,3858
1,dense,scalar_indirect,1024,139,84667,3858
1,dense,scalar_indirect,1024,140,84542,3858
1,dense,scalar_indirect,1024,141,84625,3858
1,dense,scalar_indirect,1024,142,84667,3858
1,dense,scalar_indirect,1024,143,84667,3858
1,dense,scalar_indirect,1024,144,84625,3858
1,dense,scalar_indirect,1024,145,84625,3858
1,dense,scalar_indirect,1024,146,84584,3858
1,dense,scalar_indirect,1024,147,84625,3858
1,dense,scalar_indirect,1024,148,84583,3858
1,dense,scalar_indirect,1024,149,84666,3858
1,dense,scalar_indirect,1024,150,84625,3858
1,dense,scalar_indirect,1024,151,84583,3858
1,dense,scalar_indirect,1024,152,84584,3858
1,dense,scalar_indirect,1024,153,84583,3858
1,dense,scalar_indirect,1024,154,84667,3858
1,dense,scalar_indirect,1024,155,84667,3858
1,dense,scalar_indirect,1024,156,84625,3858
1,dense,scalar_indirect,1024,157,84667,3858
1,dense,scalar_indirect,1024,158,84666,3858
1,dense,scalar_indirect,1024,159,84584,3858
1,dense,scalar_indirect,1024,160,84708,3858
1,dense,scalar_indirect,1024,161,84625,3858
1,dense,scalar_indirect,1024,162,84500,3858
1,dense,scalar_indirect,1024,163,84625,3858
1,dense,scalar_indirect,1024,164,84666,3858
1,dense,scalar_indirect,1024,165,84709,3858
1,dense,scalar_indirect,1024,166,84708,3858
1,dense,scalar_indirect,1024,167,84583,3858
1,dense,scalar_indirect,1024,168,84625,3858
1,dense,scalar_indirect,1024,169,84667,3858
1,dense,scalar_indirect,1024,170,84667,3858
1,dense,scalar_indirect,1024,171,84625,3858
1,dense,scalar_indirect,1024,172,84542,3858
1,dense,scalar_indirect,1024,173,84667,3858
1,dense,scalar_indirect,1024,174,84625,3858
1,dense,scalar_indirect,1024,175,84625,3858
1,dense,scalar_indirect,1024,176,84583,3858
1,dense,scalar_indirect,1024,177,84625,3858
1,dense,scalar_indirect,1024,178,84666,3858
1,dense,scalar_indirect,1024,179,84584,3858
1,dense,scalar_indirect,1024,180,84750,3858
1,dense,scalar_indirect,1024,181,84625,3858
1,dense,scalar_indirect,1024,182,84667,3858
1,dense,scalar_indirect,1024,183,84708,3858
1,dense,scalar_indirect,1024,184,84625,3858
1,dense,scalar_indirect,1024,185,84625,3858
1,dense,scalar_indirect,1024,186,84667,3858
1,dense,scalar_indirect,1024,187,84708,3858
1,dense,scalar_indirect,1024,188,84583,3858
1,dense,scalar_indirect,1024,189,84708,3858
1,dense,scalar_indirect,1024,190,84750,3858
1,dense,scalar_indirect,1024,191,84542,3858
1,dense,scalar_indirect,1024,192,84666,3858
1,dense,scalar_indirect,1024,193,84584,3858
1,dense,scalar_indirect,1024,194,84625,3858
1,dense,scalar_indirect,1024,195,84791,3858
1,dense,scalar_indirect,1024,196,84667,3858
1,dense,scalar_indirect,1024,197,84625,3858
1,dense,scalar_indirect,1024,198,84708,3858
1,dense,scalar_indirect,1024,199,84709,3858
1,dense,scalar_indirect,1024,200,84709,3858
1,dense,scalar_indirect,1024,201,84750,3858
1,dense,scalar_indirect,1024,202,84666,3858
1,dense,scalar_indirect,1024,203,84709,3858
1,dense,scalar_indirect,1024,204,84583,3858
1,dense,scalar_indirect,1024,205,84792,3858
1,dense,scalar_indirect,1024,206,84750,3858
1,dense,scalar_indirect,1024,207,84625,3858
1,dense,scalar_indirect,1024,208,84708,3858
1,dense,scalar_indirect,1024,209,84667,3858
1,dense,scalar_indirect,1024,210,84667,3858
1,dense,scalar_indirect,1024,211,84708,3858
1,dense,scalar_indirect,1024,212,84666,3858
1,dense,scalar_indirect,1024,213,84792,3858
1,dense,scalar_indirect,1024,214,84625,3858
1,dense,scalar_indirect,1024,215,84666,3858
1,dense,scalar_indirect,1024,216,84583,3858
1,dense,scalar_indirect,1024,217,84708,3858
1,dense,scalar_indirect,1024,218,84500,3858
1,dense,scalar_indirect,1024,219,84542,3858
1,dense,scalar_indirect,1024,220,84625,3858
1,dense,scalar_indirect,1024,221,85875,3858
1,dense,scalar_indirect,1024,222,84542,3858
1,dense,scalar_indirect,1024,223,84583,3858
1,dense,scalar_indirect,1024,224,84500,3858
1,dense,scalar_indirect,1024,225,84541,3858
1,dense,scalar_indirect,1024,226,84500,3858
1,dense,scalar_indirect,1024,227,84458,3858
1,dense,scalar_indirect,1024,228,84542,3858
1,dense,scalar_indirect,1024,229,84584,3858
1,dense,scalar_indirect,1024,230,84583,3858
1,dense,scalar_indirect,1024,231,84583,3858
1,dense,scalar_indirect,1024,232,84584,3858
1,dense,scalar_indirect,1024,233,84583,3858
1,dense,scalar_indirect,1024,234,84542,3858
1,dense,scalar_indirect,1024,235,84583,3858
1,dense,scalar_indirect,1024,236,84583,3858
1,dense,scalar_indirect,1024,237,84542,3858
1,dense,scalar_indirect,1024,238,84583,3858
1,dense,scalar_indirect,1024,239,84458,3858
1,dense,scalar_indirect,1024,240,84542,3858
1,dense,scalar_indirect,1024,241,84625,3858
1,dense,scalar_indirect,1024,242,84542,3858
1,dense,scalar_indirect,1024,243,84541,3858
1,dense,scalar_indirect,1024,244,84583,3858
1,dense,scalar_indirect,1024,245,84542,3858
1,dense,scalar_indirect,1024,246,84625,3858
1,dense,scalar_indirect,1024,247,84583,3858
1,dense,scalar_indirect,1024,248,84459,3858
1,dense,scalar_indirect,1024,249,84625,3858
1,dense,scalar_indirect,1024,250,84583,3858
1,dense,scalar_indirect,1024,251,84583,3858
1,dense,scalar_indirect,1024,252,84542,3858
1,dense,scalar_indirect,1024,253,84542,3858
1,dense,scalar_indirect,1024,254,84541,3858
1,dense,scalar_indirect,1024,255,84500,3858
1,dense,scalar_indirect,1024,256,84500,3858
1,dense,scalar_indirect,1024,257,84583,3858
1,dense,scalar_indirect,1024,258,84542,3858
1,dense,scalar_indirect,1024,259,84625,3858
1,dense,scalar_indirect,1024,260,84542,3858
1,dense,scalar_indirect,1024,261,84667,3858
1,dense,scalar_indirect,1024,262,84500,3858
1,dense,scalar_indirect,1024,263,84542,3858
1,dense,scalar_indirect,1024,264,84500,3858
1,dense,scalar_indirect,1024,265,84459,3858
1,dense,scalar_indirect,1024,266,84584,3858
1,dense,scalar_indirect,1024,267,84541,3858
1,dense,scalar_indirect,1024,268,84583,3858
1,dense,scalar_indirect,1024,269,84625,3858
1,dense,scalar_indirect,1024,270,84542,3858
1,dense,scalar_indirect,1024,271,84542,3858
1,dense,scalar_indirect,1024,272,84584,3858
1,dense,scalar_indirect,1024,273,84500,3858
1,dense,scalar_indirect,1024,274,84500,3858
1,dense,scalar_indirect,1024,275,84459,3858
1,dense,scalar_indirect,1024,276,84459,3858
1,dense,scalar_indirect,1024,277,89000,3858
1,dense,scalar_indirect,1024,278,88792,3858
1,dense,scalar_indirect,1024,279,86833,3858
1,dense,scalar_indirect,1024,280,86833,3858
1,dense,scalar_indirect,1024,281,86875,3858
1,dense,scalar_indirect,1024,282,87000,3858
1,dense,scalar_indirect,1024,283,86917,3858
1,dense,scalar_indirect,1024,284,86833,3858
1,dense,scalar_indirect,1024,285,86833,3858
1,dense,scalar_indirect,1024,286,86875,3858
1,dense,scalar_indirect,1024,287,86041,3858
1,dense,scalar_indirect,1024,288,84542,3858
1,dense,scalar_indirect,1024,289,84583,3858
1,dense,scalar_indirect,1024,290,84583,3858
1,dense,scalar_indirect,1024,291,84625,3858
1,dense,scalar_indirect,1024,292,84625,3858
1,dense,scalar_indirect,1024,293,84625,3858
1,dense,scalar_indirect,1024,294,84625,3858
1,dense,scalar_indirect,1024,295,84708,3858
1,dense,scalar_indirect,1024,296,84708,3858
1,dense,scalar_indirect,1024,297,84708,3858
1,dense,scalar_indirect,1024,298,84750,3858
1,dense,scalar_indirect,1024,299,84667,3858
1,dense,scalar_packed,1024,0,60833,3858
1,dense,scalar_packed,1024,1,60917,3858
1,dense,scalar_packed,1024,2,62792,3858
1,dense,scalar_packed,1024,3,60875,3858
1,dense,scalar_packed,1024,4,60792,3858
1,dense,scalar_packed,1024,5,60917,3858
1,dense,scalar_packed,1024,6,60916,3858
1,dense,scalar_packed,1024,7,60917,3858
1,dense,scalar_packed,1024,8,60833,3858
1,dense,scalar_packed,1024,9,60833,3858
1,dense,scalar_packed,1024,10,60791,3858
1,dense,scalar_packed,1024,11,60708,3858
1,dense,scalar_packed,1024,12,60959,3858
1,dense,scalar_packed,1024,13,60833,3858
1,dense,scalar_packed,1024,14,60875,3858
1,dense,scalar_packed,1024,15,60958,3858
1,dense,scalar_packed,1024,16,60792,3858
1,dense,scalar_packed,1024,17,60833,3858
1,dense,scalar_packed,1024,18,60792,3858
1,dense,scalar_packed,1024,19,60875,3858
1,dense,scalar_packed,1024,20,60875,3858
1,dense,scalar_packed,1024,21,60916,3858
1,dense,scalar_packed,1024,22,60875,3858
1,dense,scalar_packed,1024,23,60875,3858
1,dense,scalar_packed,1024,24,60875,3858
1,dense,scalar_packed,1024,25,60834,3858
1,dense,scalar_packed,1024,26,60791,3858
1,dense,scalar_packed,1024,27,60917,3858
1,dense,scalar_packed,1024,28,60791,3858
1,dense,scalar_packed,1024,29,60875,3858
1,dense,scalar_packed,1024,30,60750,3858
1,dense,scalar_packed,1024,31,60750,3858
1,dense,scalar_packed,1024,32,60958,3858
1,dense,scalar_packed,1024,33,60959,3858
1,dense,scalar_packed,1024,34,60875,3858
1,dense,scalar_packed,1024,35,60834,3858
1,dense,scalar_packed,1024,36,60834,3858
1,dense,scalar_packed,1024,37,60875,3858
1,dense,scalar_packed,1024,38,60792,3858
1,dense,scalar_packed,1024,39,60875,3858
1,dense,scalar_packed,1024,40,60958,3858
1,dense,scalar_packed,1024,41,60875,3858
1,dense,scalar_packed,1024,42,61000,3858
1,dense,scalar_packed,1024,43,60750,3858
1,dense,scalar_packed,1024,44,60750,3858
1,dense,scalar_packed,1024,45,60750,3858
1,dense,scalar_packed,1024,46,60875,3858
1,dense,scalar_packed,1024,47,60917,3858
1,dense,scalar_packed,1024,48,61042,3858
1,dense,scalar_packed,1024,49,60792,3858
1,dense,scalar_packed,1024,50,60833,3858
1,dense,scalar_packed,1024,51,60791,3858
1,dense,scalar_packed,1024,52,60875,3858
1,dense,scalar_packed,1024,53,60917,3858
1,dense,scalar_packed,1024,54,60875,3858
1,dense,scalar_packed,1024,55,60708,3858
1,dense,scalar_packed,1024,56,60958,3858
1,dense,scalar_packed,1024,57,60792,3858
1,dense,scalar_packed,1024,58,60750,3858
1,dense,scalar_packed,1024,59,60958,3858
1,dense,scalar_packed,1024,60,60875,3858
1,dense,scalar_packed,1024,61,61000,3858
1,dense,scalar_packed,1024,62,60792,3858
1,dense,scalar_packed,1024,63,60834,3858
1,dense,scalar_packed,1024,64,60791,3858
1,dense,scalar_packed,1024,65,60875,3858
1,dense,scalar_packed,1024,66,60917,3858
1,dense,scalar_packed,1024,67,60875,3858
1,dense,scalar_packed,1024,68,60917,3858
1,dense,scalar_packed,1024,69,60916,3858
1,dense,scalar_packed,1024,70,60875,3858
1,dense,scalar_packed,1024,71,60875,3858
1,dense,scalar_packed,1024,72,60875,3858
1,dense,scalar_packed,1024,73,60875,3858
1,dense,scalar_packed,1024,74,60833,3858
1,dense,scalar_packed,1024,75,60875,3858
1,dense,scalar_packed,1024,76,60833,3858
1,dense,scalar_packed,1024,77,60792,3858
1,dense,scalar_packed,1024,78,60833,3858
1,dense,scalar_packed,1024,79,60958,3858
1,dense,scalar_packed,1024,80,60875,3858
1,dense,scalar_packed,1024,81,60917,3858
1,dense,scalar_packed,1024,82,60833,3858
1,dense,scalar_packed,1024,83,60917,3858
1,dense,scalar_packed,1024,84,60875,3858
1,dense,scalar_packed,1024,85,60958,3858
1,dense,scalar_packed,1024,86,60833,3858
1,dense,scalar_packed,1024,87,60833,3858
1,dense,scalar_packed,1024,88,60917,3858
1,dense,scalar_packed,1024,89,60833,3858
1,dense,scalar_packed,1024,90,60875,3858
1,dense,scalar_packed,1024,91,60875,3858
1,dense,scalar_packed,1024,92,60958,3858
1,dense,scalar_packed,1024,93,60917,3858
1,dense,scalar_packed,1024,94,60833,3858
1,dense,scalar_packed,1024,95,60833,3858
1,dense,scalar_packed,1024,96,60875,3858
1,dense,scalar_packed,1024,97,60958,3858
1,dense,scalar_packed,1024,98,60917,3858
1,dense,scalar_packed,1024,99,60916,3858
1,dense,scalar_packed,1024,100,60792,3858
1,dense,scalar_packed,1024,101,60958,3858
1,dense,scalar_packed,1024,102,60875,3858
1,dense,scalar_packed,1024,103,60834,3858
1,dense,scalar_packed,1024,104,60958,3858
1,dense,scalar_packed,1024,105,60917,3858
1,dense,scalar_packed,1024,106,60834,3858
1,dense,scalar_packed,1024,107,60750,3858
1,dense,scalar_packed,1024,108,60833,3858
1,dense,scalar_packed,1024,109,60958,3858
1,dense,scalar_packed,1024,110,60959,3858
1,dense,scalar_packed,1024,111,60916,3858
1,dense,scalar_packed,1024,112,60875,3858
1,dense,scalar_packed,1024,113,60792,3858
1,dense,scalar_packed,1024,114,60875,3858
1,dense,scalar_packed,1024,115,60792,3858
1,dense,scalar_packed,1024,116,60834,3858
1,dense,scalar_packed,1024,117,61041,3858
1,dense,scalar_packed,1024,118,61000,3858
1,dense,scalar_packed,1024,119,60875,3858
1,dense,scalar_packed,1024,120,60792,3858
1,dense,scalar_packed,1024,121,60875,3858
1,dense,scalar_packed,1024,122,60833,3858
1,dense,scalar_packed,1024,123,60875,3858
1,dense,scalar_packed,1024,124,60917,3858
1,dense,scalar_packed,1024,125,60834,3858
1,dense,scalar_packed,1024,126,60750,3858
1,dense,scalar_packed,1024,127,60916,3858
1,dense,scalar_packed,1024,128,60833,3858
1,dense,scalar_packed,1024,129,60917,3858
1,dense,scalar_packed,1024,130,60917,3858
1,dense,scalar_packed,1024,131,60917,3858
1,dense,scalar_packed,1024,132,60833,3858
1,dense,scalar_packed,1024,133,60917,3858
1,dense,scalar_packed,1024,134,60958,3858
1,dense,scalar_packed,1024,135,60834,3858
1,dense,scalar_packed,1024,136,60875,3858
1,dense,scalar_packed,1024,137,60959,3858
1,dense,scalar_packed,1024,138,60875,3858
1,dense,scalar_packed,1024,139,60750,3858
1,dense,scalar_packed,1024,140,61000,3858
1,dense,scalar_packed,1024,141,60875,3858
1,dense,scalar_packed,1024,142,60791,3858
1,dense,scalar_packed,1024,143,60875,3858
1,dense,scalar_packed,1024,144,60833,3858
1,dense,scalar_packed,1024,145,60792,3858
1,dense,scalar_packed,1024,146,60833,3858
1,dense,scalar_packed,1024,147,60959,3858
1,dense,scalar_packed,1024,148,60750,3858
1,dense,scalar_packed,1024,149,60792,3858
1,dense,scalar_packed,1024,150,60750,3858
1,dense,scalar_packed,1024,151,60875,3858
1,dense,scalar_packed,1024,152,60750,3858
1,dense,scalar_packed,1024,153,60750,3858
1,dense,scalar_packed,1024,154,60833,3858
1,dense,scalar_packed,1024,155,60833,3858
1,dense,scalar_packed,1024,156,60875,3858
1,dense,scalar_packed,1024,157,60875,3858
1,dense,scalar_packed,1024,158,61000,3858
1,dense,scalar_packed,1024,159,60833,3858
1,dense,scalar_packed,1024,160,60792,3858
1,dense,scalar_packed,1024,161,60708,3858
1,dense,scalar_packed,1024,162,60875,3858
1,dense,scalar_packed,1024,163,60875,3858
1,dense,scalar_packed,1024,164,60708,3858
1,dense,scalar_packed,1024,165,60875,3858
1,dense,scalar_packed,1024,166,62167,3858
1,dense,scalar_packed,1024,167,60875,3858
1,dense,scalar_packed,1024,168,60709,3858
1,dense,scalar_packed,1024,169,60916,3858
1,dense,scalar_packed,1024,170,60667,3858
1,dense,scalar_packed,1024,171,60791,3858
1,dense,scalar_packed,1024,172,60708,3858
1,dense,scalar_packed,1024,173,60917,3858
1,dense,scalar_packed,1024,174,60917,3858
1,dense,scalar_packed,1024,175,60958,3858
1,dense,scalar_packed,1024,176,60875,3858
1,dense,scalar_packed,1024,177,60791,3858
1,dense,scalar_packed,1024,178,60750,3858
1,dense,scalar_packed,1024,179,60833,3858
1,dense,scalar_packed,1024,180,60833,3858
1,dense,scalar_packed,1024,181,60875,3858
1,dense,scalar_packed,1024,182,60959,3858
1,dense,scalar_packed,1024,183,60833,3858
1,dense,scalar_packed,1024,184,60958,3858
1,dense,scalar_packed,1024,185,60875,3858
1,dense,scalar_packed,1024,186,60833,3858
1,dense,scalar_packed,1024,187,60875,3858
1,dense,scalar_packed,1024,188,60750,3858
1,dense,scalar_packed,1024,189,60792,3858
1,dense,scalar_packed,1024,190,60958,3858
1,dense,scalar_packed,1024,191,60791,3858
1,dense,scalar_packed,1024,192,60917,3858
1,dense,scalar_packed,1024,193,60708,3858
1,dense,scalar_packed,1024,194,60834,3858
1,dense,scalar_packed,1024,195,60917,3858
1,dense,scalar_packed,1024,196,60833,3858
1,dense,scalar_packed,1024,197,60875,3858
1,dense,scalar_packed,1024,198,60916,3858
1,dense,scalar_packed,1024,199,60750,3858
1,dense,scalar_packed,1024,200,60917,3858
1,dense,scalar_packed,1024,201,60917,3858
1,dense,scalar_packed,1024,202,60875,3858
1,dense,scalar_packed,1024,203,60833,3858
1,dense,scalar_packed,1024,204,60833,3858
1,dense,scalar_packed,1024,205,60875,3858
1,dense,scalar_packed,1024,206,60792,3858
1,dense,scalar_packed,1024,207,60916,3858
1,dense,scalar_packed,1024,208,60875,3858
1,dense,scalar_packed,1024,209,60833,3858
1,dense,scalar_packed,1024,210,60875,3858
1,dense,scalar_packed,1024,211,60833,3858
1,dense,scalar_packed,1024,212,60875,3858
1,dense,scalar_packed,1024,213,60875,3858
1,dense,scalar_packed,1024,214,60917,3858
1,dense,scalar_packed,1024,215,60875,3858
1,dense,scalar_packed,1024,216,60875,3858
1,dense,scalar_packed,1024,217,60834,3858
1,dense,scalar_packed,1024,218,60875,3858
1,dense,scalar_packed,1024,219,60833,3858
1,dense,scalar_packed,1024,220,61000,3858
1,dense,scalar_packed,1024,221,60834,3858
1,dense,scalar_packed,1024,222,60875,3858
1,dense,scalar_packed,1024,223,60916,3858
1,dense,scalar_packed,1024,224,60792,3858
1,dense,scalar_packed,1024,225,60750,3858
1,dense,scalar_packed,1024,226,60875,3858
1,dense,scalar_packed,1024,227,60875,3858
1,dense,scalar_packed,1024,228,60834,3858
1,dense,scalar_packed,1024,229,60792,3858
1,dense,scalar_packed,1024,230,60750,3858
1,dense,scalar_packed,1024,231,60833,3858
1,dense,scalar_packed,1024,232,60750,3858
1,dense,scalar_packed,1024,233,60833,3858
1,dense,scalar_packed,1024,234,60834,3858
1,dense,scalar_packed,1024,235,60792,3858
1,dense,scalar_packed,1024,236,60750,3858
1,dense,scalar_packed,1024,237,60875,3858
1,dense,scalar_packed,1024,238,60750,3858
1,dense,scalar_packed,1024,239,60916,3858
1,dense,scalar_packed,1024,240,60875,3858
1,dense,scalar_packed,1024,241,60833,3858
1,dense,scalar_packed,1024,242,60750,3858
1,dense,scalar_packed,1024,243,60916,3858
1,dense,scalar_packed,1024,244,60875,3858
1,dense,scalar_packed,1024,245,60875,3858
1,dense,scalar_packed,1024,246,60959,3858
1,dense,scalar_packed,1024,247,60792,3858
1,dense,scalar_packed,1024,248,60875,3858
1,dense,scalar_packed,1024,249,60875,3858
1,dense,scalar_packed,1024,250,60833,3858
1,dense,scalar_packed,1024,251,60708,3858
1,dense,scalar_packed,1024,252,60833,3858
1,dense,scalar_packed,1024,253,60792,3858
1,dense,scalar_packed,1024,254,60791,3858
1,dense,scalar_packed,1024,255,60792,3858
1,dense,scalar_packed,1024,256,60958,3858
1,dense,scalar_packed,1024,257,64000,3858
1,dense,scalar_packed,1024,258,61750,3858
1,dense,scalar_packed,1024,259,61250,3858
1,dense,scalar_packed,1024,260,60916,3858
1,dense,scalar_packed,1024,261,60709,3858
1,dense,scalar_packed,1024,262,60750,3858
1,dense,scalar_packed,1024,263,60875,3858
1,dense,scalar_packed,1024,264,60833,3858
1,dense,scalar_packed,1024,265,60959,3858
1,dense,scalar_packed,1024,266,60917,3858
1,dense,scalar_packed,1024,267,60875,3858
1,dense,scalar_packed,1024,268,60875,3858
1,dense,scalar_packed,1024,269,60792,3858
1,dense,scalar_packed,1024,270,60833,3858
1,dense,scalar_packed,1024,271,60750,3858
1,dense,scalar_packed,1024,272,60750,3858
1,dense,scalar_packed,1024,273,60792,3858
1,dense,scalar_packed,1024,274,60708,3858
1,dense,scalar_packed,1024,275,60791,3858
1,dense,scalar_packed,1024,276,60917,3858
1,dense,scalar_packed,1024,277,60750,3858
1,dense,scalar_packed,1024,278,60833,3858
1,dense,scalar_packed,1024,279,60875,3858
1,dense,scalar_packed,1024,280,60875,3858
1,dense,scalar_packed,1024,281,60959,3858
1,dense,scalar_packed,1024,282,60958,3858
1,dense,scalar_packed,1024,283,60750,3858
1,dense,scalar_packed,1024,284,60958,3858
1,dense,scalar_packed,1024,285,60792,3858
1,dense,scalar_packed,1024,286,60875,3858
1,dense,scalar_packed,1024,287,60792,3858
1,dense,scalar_packed,1024,288,60875,3858
1,dense,scalar_packed,1024,289,60792,3858
1,dense,scalar_packed,1024,290,60834,3858
1,dense,scalar_packed,1024,291,60917,3858
1,dense,scalar_packed,1024,292,60916,3858
1,dense,scalar_packed,1024,293,60958,3858
1,dense,scalar_packed,1024,294,60917,3858
1,dense,scalar_packed,1024,295,60875,3858
1,dense,scalar_packed,1024,296,60917,3858
1,dense,scalar_packed,1024,297,60959,3858
1,dense,scalar_packed,1024,298,60791,3858
1,dense,scalar_packed,1024,299,60875,3858
1,dense,simd,1024,0,51375,3858
1,dense,simd,1024,1,51542,3858
1,dense,simd,1024,2,51458,3858
1,dense,simd,1024,3,51417,3858
1,dense,simd,1024,4,51375,3858
1,dense,simd,1024,5,51417,3858
1,dense,simd,1024,6,51625,3858
1,dense,simd,1024,7,51500,3858
1,dense,simd,1024,8,51375,3858
1,dense,simd,1024,9,51500,3858
1,dense,simd,1024,10,51458,3858
1,dense,simd,1024,11,51417,3858
1,dense,simd,1024,12,51500,3858
1,dense,simd,1024,13,51542,3858
1,dense,simd,1024,14,51458,3858
1,dense,simd,1024,15,51292,3858
1,dense,simd,1024,16,51375,3858
1,dense,simd,1024,17,51542,3858
1,dense,simd,1024,18,51375,3858
1,dense,simd,1024,19,51458,3858
1,dense,simd,1024,20,51459,3858
1,dense,simd,1024,21,51500,3858
1,dense,simd,1024,22,51416,3858
1,dense,simd,1024,23,51542,3858
1,dense,simd,1024,24,51416,3858
1,dense,simd,1024,25,51417,3858
1,dense,simd,1024,26,51417,3858
1,dense,simd,1024,27,51500,3858
1,dense,simd,1024,28,51541,3858
1,dense,simd,1024,29,51584,3858
1,dense,simd,1024,30,51541,3858
1,dense,simd,1024,31,51500,3858
1,dense,simd,1024,32,51500,3858
1,dense,simd,1024,33,51417,3858
1,dense,simd,1024,34,51500,3858
1,dense,simd,1024,35,51416,3858
1,dense,simd,1024,36,51417,3858
1,dense,simd,1024,37,51500,3858
1,dense,simd,1024,38,51500,3858
1,dense,simd,1024,39,51459,3858
1,dense,simd,1024,40,51458,3858
1,dense,simd,1024,41,51625,3858
1,dense,simd,1024,42,51583,3858
1,dense,simd,1024,43,51375,3858
1,dense,simd,1024,44,51583,3858
1,dense,simd,1024,45,51417,3858
1,dense,simd,1024,46,51417,3858
1,dense,simd,1024,47,51458,3858
1,dense,simd,1024,48,51458,3858
1,dense,simd,1024,49,51417,3858
1,dense,simd,1024,50,51500,3858
1,dense,simd,1024,51,51458,3858
1,dense,simd,1024,52,51625,3858
1,dense,simd,1024,53,51458,3858
1,dense,simd,1024,54,51375,3858
1,dense,simd,1024,55,51459,3858
1,dense,simd,1024,56,51375,3858
1,dense,simd,1024,57,51375,3858
1,dense,simd,1024,58,51458,3858
1,dense,simd,1024,59,51375,3858
1,dense,simd,1024,60,51416,3858
1,dense,simd,1024,61,51417,3858
1,dense,simd,1024,62,51291,3858
1,dense,simd,1024,63,51333,3858
1,dense,simd,1024,64,51459,3858
1,dense,simd,1024,65,51458,3858
1,dense,simd,1024,66,51500,3858
1,dense,simd,1024,67,51458,3858
1,dense,simd,1024,68,51333,3858
1,dense,simd,1024,69,51583,3858
1,dense,simd,1024,70,51292,3858
1,dense,simd,1024,71,51458,3858
1,dense,simd,1024,72,51417,3858
1,dense,simd,1024,73,51459,3858
1,dense,simd,1024,74,51250,3858
1,dense,simd,1024,75,51459,3858
1,dense,simd,1024,76,51583,3858
1,dense,simd,1024,77,51375,3858
1,dense,simd,1024,78,51458,3858
1,dense,simd,1024,79,51458,3858
1,dense,simd,1024,80,51375,3858
1,dense,simd,1024,81,51250,3858
1,dense,simd,1024,82,51375,3858
1,dense,simd,1024,83,51416,3858
1,dense,simd,1024,84,51458,3858
1,dense,simd,1024,85,51334,3858
1,dense,simd,1024,86,51375,3858
1,dense,simd,1024,87,51417,3858
1,dense,simd,1024,88,51458,3858
1,dense,simd,1024,89,51459,3858
1,dense,simd,1024,90,51375,3858
1,dense,simd,1024,91,51375,3858
1,dense,simd,1024,92,51458,3858
1,dense,simd,1024,93,51417,3858
1,dense,simd,1024,94,51375,3858
1,dense,simd,1024,95,51459,3858
1,dense,simd,1024,96,51458,3858
1,dense,simd,1024,97,51375,3858
1,dense,simd,1024,98,51375,3858
1,dense,simd,1024,99,51334,3858
1,dense,simd,1024,100,51458,3858
1,dense,simd,1024,101,51583,3858
1,dense,simd,1024,102,51625,3858
1,dense,simd,1024,103,51542,3858
1,dense,simd,1024,104,51458,3858
1,dense,simd,1024,105,51208,3858
1,dense,simd,1024,106,51458,3858
1,dense,simd,1024,107,51500,3858
1,dense,simd,1024,108,51417,3858
1,dense,simd,1024,109,51375,3858
1,dense,simd,1024,110,51459,3858
1,dense,simd,1024,111,51416,3858
1,dense,simd,1024,112,51375,3858
1,dense,simd,1024,113,51375,3858
1,dense,simd,1024,114,51500,3858
1,dense,simd,1024,115,51333,3858
1,dense,simd,1024,116,51417,3858
1,dense,simd,1024,117,51333,3858
1,dense,simd,1024,118,51500,3858
1,dense,simd,1024,119,51542,3858
1,dense,simd,1024,120,51417,3858
1,dense,simd,1024,121,51416,3858
1,dense,simd,1024,122,51500,3858
1,dense,simd,1024,123,51375,3858
1,dense,simd,1024,124,51417,3858
1,dense,simd,1024,125,51458,3858
1,dense,simd,1024,126,51375,3858
1,dense,simd,1024,127,51375,3858
1,dense,simd,1024,128,51333,3858
1,dense,simd,1024,129,51334,3858
1,dense,simd,1024,130,51459,3858
1,dense,simd,1024,131,51417,3858
1,dense,simd,1024,132,51542,3858
1,dense,simd,1024,133,51333,3858
1,dense,simd,1024,134,51375,3858
1,dense,simd,1024,135,51500,3858
1,dense,simd,1024,136,51458,3858
1,dense,simd,1024,137,51542,3858
1,dense,simd,1024,138,51541,3858
1,dense,simd,1024,139,51500,3858
1,dense,simd,1024,140,51417,3858
1,dense,simd,1024,141,51375,3858
1,dense,simd,1024,142,51500,3858
1,dense,simd,1024,143,51375,3858
1,dense,simd,1024,144,51333,3858
1,dense,simd,1024,145,51500,3858
1,dense,simd,1024,146,51333,3858
1,dense,simd,1024,147,51292,3858
1,dense,simd,1024,148,51458,3858
1,dense,simd,1024,149,51292,3858
1,dense,simd,1024,150,51375,3858
1,dense,simd,1024,151,51375,3858
1,dense,simd,1024,152,51375,3858
1,dense,simd,1024,153,51542,3858
1,dense,simd,1024,154,51459,3858
1,dense,simd,1024,155,51500,3858
1,dense,simd,1024,156,51458,3858
1,dense,simd,1024,157,51416,3858
1,dense,simd,1024,158,51417,3858
1,dense,simd,1024,159,51458,3858
1,dense,simd,1024,160,51583,3858
1,dense,simd,1024,161,51375,3858
1,dense,simd,1024,162,51292,3858
1,dense,simd,1024,163,51417,3858
1,dense,simd,1024,164,51500,3858
1,dense,simd,1024,165,51458,3858
1,dense,simd,1024,166,51500,3858
1,dense,simd,1024,167,51500,3858
1,dense,simd,1024,168,51500,3858
1,dense,simd,1024,169,51375,3858
1,dense,simd,1024,170,51375,3858
1,dense,simd,1024,171,51334,3858
1,dense,simd,1024,172,51417,3858
1,dense,simd,1024,173,51375,3858
1,dense,simd,1024,174,51334,3858
1,dense,simd,1024,175,51250,3858
1,dense,simd,1024,176,51500,3858
1,dense,simd,1024,177,51417,3858
1,dense,simd,1024,178,53291,3858
1,dense,simd,1024,179,51417,3858
1,dense,simd,1024,180,51291,3858
1,dense,simd,1024,181,51417,3858
1,dense,simd,1024,182,51375,3858
1,dense,simd,1024,183,51333,3858
1,dense,simd,1024,184,51500,3858
1,dense,simd,1024,185,51416,3858
1,dense,simd,1024,186,51375,3858
1,dense,simd,1024,187,51375,3858
1,dense,simd,1024,188,54250,3858
1,dense,simd,1024,189,52000,3858
1,dense,simd,1024,190,51291,3858
1,dense,simd,1024,191,51333,3858
1,dense,simd,1024,192,51417,3858
1,dense,simd,1024,193,51333,3858
1,dense,simd,1024,194,51375,3858
1,dense,simd,1024,195,51417,3858
1,dense,simd,1024,196,51250,3858
1,dense,simd,1024,197,51291,3858
1,dense,simd,1024,198,51292,3858
1,dense,simd,1024,199,51375,3858
1,dense,simd,1024,200,51500,3858
1,dense,simd,1024,201,51500,3858
1,dense,simd,1024,202,51375,3858
1,dense,simd,1024,203,51375,3858
1,dense,simd,1024,204,51333,3858
1,dense,simd,1024,205,51292,3858
1,dense,simd,1024,206,51291,3858
1,dense,simd,1024,207,51375,3858
1,dense,simd,1024,208,51333,3858
1,dense,simd,1024,209,51291,3858
1,dense,simd,1024,210,51417,3858
1,dense,simd,1024,211,51250,3858
1,dense,simd,1024,212,51333,3858
1,dense,simd,1024,213,51250,3858
1,dense,simd,1024,214,51417,3858
1,dense,simd,1024,215,51375,3858
1,dense,simd,1024,216,51292,3858
1,dense,simd,1024,217,51375,3858
1,dense,simd,1024,218,51291,3858
1,dense,simd,1024,219,51375,3858
1,dense,simd,1024,220,51250,3858
1,dense,simd,1024,221,51292,3858
1,dense,simd,1024,222,51375,3858
1,dense,simd,1024,223,51375,3858
1,dense,simd,1024,224,51291,3858
1,dense,simd,1024,225,51292,3858
1,dense,simd,1024,226,51333,3858
1,dense,simd,1024,227,51375,3858
1,dense,simd,1024,228,54125,3858
1,dense,simd,1024,229,52125,3858
1,dense,simd,1024,230,51958,3858
1,dense,simd,1024,231,51500,3858
1,dense,simd,1024,232,51375,3858
1,dense,simd,1024,233,51417,3858
1,dense,simd,1024,234,51375,3858
1,dense,simd,1024,235,51333,3858
1,dense,simd,1024,236,51375,3858
1,dense,simd,1024,237,51292,3858
1,dense,simd,1024,238,51375,3858
1,dense,simd,1024,239,51291,3858
1,dense,simd,1024,240,51292,3858
1,dense,simd,1024,241,51292,3858
1,dense,simd,1024,242,51375,3858
1,dense,simd,1024,243,51250,3858
1,dense,simd,1024,244,51375,3858
1,dense,simd,1024,245,51500,3858
1,dense,simd,1024,246,51416,3858
1,dense,simd,1024,247,51208,3858
1,dense,simd,1024,248,51333,3858
1,dense,simd,1024,249,51375,3858
1,dense,simd,1024,250,51292,3858
1,dense,simd,1024,251,51375,3858
1,dense,simd,1024,252,51459,3858
1,dense,simd,1024,253,51333,3858
1,dense,simd,1024,254,51375,3858
1,dense,simd,1024,255,51375,3858
1,dense,simd,1024,256,51375,3858
1,dense,simd,1024,257,51250,3858
1,dense,simd,1024,258,51250,3858
1,dense,simd,1024,259,51417,3858
1,dense,simd,1024,260,51291,3858
1,dense,simd,1024,261,51375,3858
1,dense,simd,1024,262,51417,3858
1,dense,simd,1024,263,51333,3858
1,dense,simd,1024,264,51292,3858
1,dense,simd,1024,265,51375,3858
1,dense,simd,1024,266,51375,3858
1,dense,simd,1024,267,51334,3858
1,dense,simd,1024,268,51250,3858
1,dense,simd,1024,269,51417,3858
1,dense,simd,1024,270,51292,3858
1,dense,simd,1024,271,51291,3858
1,dense,simd,1024,272,51417,3858
1,dense,simd,1024,273,51291,3858
1,dense,simd,1024,274,51417,3858
1,dense,simd,1024,275,51375,3858
1,dense,simd,1024,276,51375,3858
1,dense,simd,1024,277,51417,3858
1,dense,simd,1024,278,51458,3858
1,dense,simd,1024,279,51250,3858
1,dense,simd,1024,280,51375,3858
1,dense,simd,1024,281,51292,3858
1,dense,simd,1024,282,51291,3858
1,dense,simd,1024,283,51334,3858
1,dense,simd,1024,284,51333,3858
1,dense,simd,1024,285,51416,3858
1,dense,simd,1024,286,51375,3858
1,dense,simd,1024,287,51500,3858
1,dense,simd,1024,288,51292,3858
1,dense,simd,1024,289,51208,3858
1,dense,simd,1024,290,51375,3858
1,dense,simd,1024,291,51375,3858
1,dense,simd,1024,292,51291,3858
1,dense,simd,1024,293,51334,3858
1,dense,simd,1024,294,51292,3858
1,dense,simd,1024,295,51250,3858
1,dense,simd,1024,296,51167,3858
1,dense,simd,1024,297,51292,3858
1,dense,simd,1024,298,51375,3858
1,dense,simd,1024,299,51375,3858
1,all_overlapping,scalar_indirect,1024,0,2227292,523776
1,all_overlapping,scalar_indirect,1024,1,2230541,523776
1,all_overlapping,scalar_indirect,1024,2,2224500,523776
1,all_overlapping,scalar_indirect,1024,3,2223750,523776
1,all_overlapping,scalar_indirect,1024,4,2225458,523776
1,all_overlapping,scalar_indirect,1024,5,2223250,523776
1,all_overlapping,scalar_indirect,1024,6,2226250,523776
1,all_overlapping,scalar_indirect,1024,7,2225500,523776
1,all_overlapping,scalar_indirect,1024,8,2224958,523776
1,all_overlapping,scalar_indirect,1024,9,2237125,523776
1,all_overlapping,scalar_indirect,1024,10,2224000,523776
1,all_overlapping,scalar_indirect,1024,11,2223125,523776
1,all_overlapping,scalar_indirect,1024,12,2225750,523776
1,all_overlapping,scalar_indirect,1024,13,2228083,523776
1,all_overlapping,scalar_indirect,1024,14,2225375,523776
1,all_overlapping,scalar_indirect,1024,15,2225500,523776
1,all_overlapping,scalar_indirect,1024,16,2228791,523776
1,all_overlapping,scalar_indirect,1024,17,2223750,523776
1,all_overlapping,scalar_indirect,1024,18,2356542,523776
1,all_overlapping,scalar_indirect,1024,19,2110292,523776
1,all_overlapping,scalar_indirect,1024,20,2110875,523776
1,all_overlapping,scalar_indirect,1024,21,2122000,523776
1,all_overlapping,scalar_indirect,1024,22,2123417,523776
1,all_overlapping,scalar_indirect,1024,23,2108042,523776
1,all_overlapping,scalar_indirect,1024,24,2110416,523776
1,all_overlapping,scalar_indirect,1024,25,2107875,523776
1,all_overlapping,scalar_indirect,1024,26,2104917,523776
1,all_overlapping,scalar_indirect,1024,27,2108208,523776
1,all_overlapping,scalar_indirect,1024,28,2104792,523776
1,all_overlapping,scalar_indirect,1024,29,2107834,523776
1,all_overlapping,scalar_indirect,1024,30,2110666,523776
1,all_overlapping,scalar_indirect,1024,31,2105375,523776
1,all_overlapping,scalar_indirect,1024,32,2117333,523776
1,all_overlapping,scalar_indirect,1024,33,2106042,523776
1,all_overlapping,scalar_indirect,1024,34,2107333,523776
1,all_overlapping,scalar_indirect,1024,35,2108708,523776
1,all_overlapping,scalar_indirect,1024,36,2108500,523776
1,all_overlapping,scalar_indirect,1024,37,2109417,523776
1,all_overlapping,scalar_indirect,1024,38,2107958,523776
1,all_overlapping,scalar_indirect,1024,39,2104958,523776
1,all_overlapping,scalar_indirect,1024,40,2109750,523776
1,all_overlapping,scalar_indirect,1024,41,2115000,523776
1,all_overlapping,scalar_indirect,1024,42,2106500,523776
1,all_overlapping,scalar_indirect,1024,43,2106708,523776
1,all_overlapping,scalar_indirect,1024,44,2103417,523776
1,all_overlapping,scalar_indirect,1024,45,2105500,523776
1,all_overlapping,scalar_indirect,1024,46,2103666,523776
1,all_overlapping,scalar_indirect,1024,47,2104084,523776
1,all_overlapping,scalar_indirect,1024,48,2107625,523776
1,all_overlapping,scalar_indirect,1024,49,2107250,523776
1,all_overlapping,scalar_indirect,1024,50,2102167,523776
1,all_overlapping,scalar_indirect,1024,51,2114750,523776
1,all_overlapping,scalar_indirect,1024,52,2103583,523776
1,all_overlapping,scalar_indirect,1024,53,2106458,523776
1,all_overlapping,scalar_indirect,1024,54,2104625,523776
1,all_overlapping,scalar_indirect,1024,55,2105542,523776
1,all_overlapping,scalar_indirect,1024,56,2136709,523776
1,all_overlapping,scalar_indirect,1024,57,2108291,523776
1,all_overlapping,scalar_indirect,1024,58,2102667,523776
1,all_overlapping,scalar_indirect,1024,59,2105333,523776
1,all_overlapping,scalar_indirect,1024,60,2105458,523776
1,all_overlapping,scalar_indirect,1024,61,2111584,523776
1,all_overlapping,scalar_indirect,1024,62,2106750,523776
1,all_overlapping,scalar_indirect,1024,63,2110916,523776
1,all_overlapping,scalar_indirect,1024,64,2109334,523776
1,all_overlapping,scalar_indirect,1024,65,2116333,523776
1,all_overlapping,scalar_indirect,1024,66,2106333,523776
1,all_overlapping,scalar_indirect,1024,67,2104583,523776
1,all_overlapping,scalar_indirect,1024,68,2107709,523776
1,all_overlapping,scalar_indirect,1024,69,2131833,523776
1,all_overlapping,scalar_indirect,1024,70,2128250,523776
1,all_overlapping,scalar_indirect,1024,71,2144375,523776
1,all_overlapping,scalar_indirect,1024,72,2150500,523776
1,all_overlapping,scalar_indirect,1024,73,2141417,523776
1,all_overlapping,scalar_indirect,1024,74,2165917,523776
1,all_overlapping,scalar_indirect,1024,75,2160833,523776
1,all_overlapping,scalar_indirect,1024,76,2146708,523776
1,all_overlapping,scalar_indirect,1024,77,2141125,523776
1,all_overlapping,scalar_indirect,1024,78,2141583,523776
1,all_overlapping,scalar_indirect,1024,79,2164500,523776
1,all_overlapping,scalar_indirect,1024,80,2148042,523776
1,all_overlapping,scalar_indirect,1024,81,2117208,523776
1,all_overlapping,scalar_indirect,1024,82,2118416,523776
1,all_overlapping,scalar_indirect,1024,83,2110625,523776
1,all_overlapping,scalar_indirect,1024,84,2111709,523776
1,all_overlapping,scalar_indirect,1024,85,2106834,523776
1,all_overlapping,scalar_indirect,1024,86,2106208,523776
1,all_overlapping,scalar_indirect,1024,87,2104000,523776
1,all_overlapping,scalar_indirect,1024,88,2119708,523776
1,all_overlapping,scalar_indirect,1024,89,2111625,523776
1,all_overlapping,scalar_indirect,1024,90,2110375,523776
1,all_overlapping,scalar_indirect,1024,91,2109958,523776
1,all_overlapping,scalar_indirect,1024,92,2109792,523776
1,all_overlapping,scalar_indirect,1024,93,2124416,523776
1,all_overlapping,scalar_indirect,1024,94,2151792,523776
1,all_overlapping,scalar_indirect,1024,95,2131208,523776
1,all_overlapping,scalar_indirect,1024,96,2123916,523776
1,all_overlapping,scalar_indirect,1024,97,2106750,523776
1,all_overlapping,scalar_indirect,1024,98,2108708,523776
1,all_overlapping,scalar_indirect,1024,99,2124084,523776
1,all_overlapping,scalar_indirect,1024,100,2146208,523776
1,all_overlapping,scalar_indirect,1024,101,2145916,523776
1,all_overlapping,scalar_indirect,1024,102,2141042,523776
1,all_overlapping,scalar_indirect,1024,103,2141916,523776
1,all_overlapping,scalar_indirect,1024,104,2155625,523776
1,all_overlapping,scalar_indirect,1024,105,2144709,523776
1,all_overlapping,scalar_indirect,1024,106,2171625,523776
1,all_overlapping,scalar_indirect,1024,107,2173000,523776
1,all_overlapping,scalar_indirect,1024,108,2151667,523776
1,all_overlapping,scalar_indirect,1024,109,2144375,523776
1,all_overlapping,scalar_indirect,1024,110,2149625,523776
1,all_overlapping,scalar_indirect,1024,111,2138000,523776
1,all_overlapping,scalar_indirect,1024,112,2160375,523776
1,all_overlapping,scalar_indirect,1024,113,2113334,523776
1,all_overlapping,scalar_indirect,1024,114,2106417,523776
1,all_overlapping,scalar_indirect,1024,115,2118042,523776
1,all_overlapping,scalar_indirect,1024,116,2116583,523776
1,all_overlapping,scalar_indirect,1024,117,2137333,523776
1,all_overlapping,scalar_indirect,1024,118,2110000,523776
1,all_overlapping,scalar_indirect,1024,119,2133458,523776
1,all_overlapping,scalar_indirect,1024,120,2112000,523776
1,all_overlapping,scalar_indirect,1024,121,2105292,523776
1,all_overlapping,scalar_indirect,1024,122,2113875,523776
1,all_overlapping,scalar_indirect,1024,123,2123125,523776
1,all_overlapping,scalar_indirect,1024,124,2111833,523776
1,all_overlapping,scalar_indirect,1024,125,2115250,523776
1,all_overlapping,scalar_indirect,1024,126,2114666,523776
1,all_overlapping,scalar_indirect,1024,127,2122709,523776
1,all_overlapping,scalar_indirect,1024,128,2117834,523776
1,all_overlapping,scalar_indirect,1024,129,2109750,523776
1,all_overlapping,scalar_indirect,1024,130,2114250,523776
1,all_overlapping,scalar_indirect,1024,131,2133417,523776
1,all_overlapping,scalar_indirect,1024,132,2165000,523776
1,all_overlapping,scalar_indirect,1024,133,2164167,523776
1,all_overlapping,scalar_indirect,1024,134,2176500,523776
1,all_overlapping,scalar_indirect,1024,135,2279791,523776
1,all_overlapping,scalar_indirect,1024,136,2253459,523776
1,all_overlapping,scalar_indirect,1024,137,2228375,523776
1,all_overlapping,scalar_indirect,1024,138,2231291,523776
1,all_overlapping,scalar_indirect,1024,139,2226500,523776
1,all_overlapping,scalar_indirect,1024,140,2229583,523776
1,all_overlapping,scalar_indirect,1024,141,2248000,523776
1,all_overlapping,scalar_indirect,1024,142,2253709,523776
1,all_overlapping,scalar_indirect,1024,143,2286709,523776
1,all_overlapping,scalar_indirect,1024,144,2261625,523776
1,all_overlapping,scalar_indirect,1024,145,2266083,523776
1,all_overlapping,scalar_indirect,1024,146,2269334,523776
1,all_overlapping,scalar_indirect,1024,147,2275875,523776
1,all_overlapping,scalar_indirect,1024,148,2264542,523776
1,all_overlapping,scalar_indirect,1024,149,2299917,523776
1,all_overlapping,scalar_indirect,1024,150,2296334,523776
1,all_overlapping,scalar_indirect,1024,151,2213500,523776
1,all_overlapping,scalar_indirect,1024,152,2065375,523776
1,all_overlapping,scalar_indirect,1024,153,2057625,523776
1,all_overlapping,scalar_indirect,1024,154,2065000,523776
1,all_overlapping,scalar_indirect,1024,155,2047875,523776
1,all_overlapping,scalar_indirect,1024,156,2027000,523776
1,all_overlapping,scalar_indirect,1024,157,2022167,523776
1,all_overlapping,scalar_indirect,1024,158,2038167,523776
1,all_overlapping,scalar_indirect,1024,159,2032833,523776
1,all_overlapping,scalar_indirect,1024,160,2031917,523776
1,all_overlapping,scalar_indirect,1024,161,2025042,523776
1,all_overlapping,scalar_indirect,1024,162,2022458,523776
1,all_overlapping,scalar_indirect,1024,163,2033292,523776
1,all_overlapping,scalar_indirect,1024,164,2050500,523776
1,all_overlapping,scalar_indirect,1024,165,2023416,523776
1,all_overlapping,scalar_indirect,1024,166,2036375,523776
1,all_overlapping,scalar_indirect,1024,167,2031000,523776
1,all_overlapping,scalar_indirect,1024,168,2024834,523776
1,all_overlapping,scalar_indirect,1024,169,2026291,523776
1,all_overlapping,scalar_indirect,1024,170,2030250,523776
1,all_overlapping,scalar_indirect,1024,171,2021208,523776
1,all_overlapping,scalar_indirect,1024,172,2019459,523776
1,all_overlapping,scalar_indirect,1024,173,2020042,523776
1,all_overlapping,scalar_indirect,1024,174,2023417,523776
1,all_overlapping,scalar_indirect,1024,175,2047208,523776
1,all_overlapping,scalar_indirect,1024,176,2024542,523776
1,all_overlapping,scalar_indirect,1024,177,2027542,523776
1,all_overlapping,scalar_indirect,1024,178,2019750,523776
1,all_overlapping,scalar_indirect,1024,179,2024875,523776
1,all_overlapping,scalar_indirect,1024,180,2050875,523776
1,all_overlapping,scalar_indirect,1024,181,2057000,523776
1,all_overlapping,scalar_indirect,1024,182,2059083,523776
1,all_overlapping,scalar_indirect,1024,183,2065292,523776
1,all_overlapping,scalar_indirect,1024,184,2070083,523776
1,all_overlapping,scalar_indirect,1024,185,2064333,523776
1,all_overlapping,scalar_indirect,1024,186,2057292,523776
1,all_overlapping,scalar_indirect,1024,187,2083541,523776
1,all_overlapping,scalar_indirect,1024,188,2067584,523776
1,all_overlapping,scalar_indirect,1024,189,2058666,523776
1,all_overlapping,scalar_indirect,1024,190,2054375,523776
1,all_overlapping,scalar_indirect,1024,191,2052500,523776
1,all_overlapping,scalar_indirect,1024,192,2091208,523776
1,all_overlapping,scalar_indirect,1024,193,2073833,523776
1,all_overlapping,scalar_indirect,1024,194,2058375,523776
1,all_overlapping,scalar_indirect,1024,195,2027500,523776
1,all_overlapping,scalar_indirect,1024,196,2026458,523776
1,all_overlapping,scalar_indirect,1024,197,2024458,523776
1,all_overlapping,scalar_indirect,1024,198,2029250,523776
1,all_overlapping,scalar_indirect,1024,199,2053500,523776
1,all_overlapping,scalar_indirect,1024,200,2068000,523776
1,all_overlapping,scalar_indirect,1024,201,2033500,523776
1,all_overlapping,scalar_indirect,1024,202,2028834,523776
1,all_overlapping,scalar_indirect,1024,203,2024916,523776
1,all_overlapping,scalar_indirect,1024,204,2042792,523776
1,all_overlapping,scalar_indirect,1024,205,2035166,523776
1,all_overlapping,scalar_indirect,1024,206,2020542,523776
1,all_overlapping,scalar_indirect,1024,207,2028583,523776
1,all_overlapping,scalar_indirect,1024,208,2050917,523776
1,all_overlapping,scalar_indirect,1024,209,2030292,523776
1,all_overlapping,scalar_indirect,1024,210,2034625,523776
1,all_overlapping,scalar_indirect,1024,211,2028291,523776
1,all_overlapping,scalar_indirect,1024,212,2022084,523776
1,all_overlapping,scalar_indirect,1024,213,2066959,523776
1,all_overlapping,scalar_indirect,1024,214,2024625,523776
1,all_overlapping,scalar_indirect,1024,215,2029875,523776
1,all_overlapping,scalar_indirect,1024,216,2026917,523776
1,all_overlapping,scalar_indirect,1024,217,2046958,523776
1,all_overlapping,scalar_indirect,1024,218,2021084,523776
1,all_overlapping,scalar_indirect,1024,219,2025084,523776
1,all_overlapping,scalar_indirect,1024,220,2021708,523776
1,all_overlapping,scalar_indirect,1024,221,2023208,523776
1,all_overlapping,scalar_indirect,1024,222,2020083,523776
1,all_overlapping,scalar_indirect,1024,223,2027625,523776
1,all_overlapping,scalar_indirect,1024,224,2023167,523776
1,all_overlapping,scalar_indirect,1024,225,2047625,523776
1,all_overlapping,scalar_indirect,1024,226,2048125,523776
1,all_overlapping,scalar_indirect,1024,227,2033500,523776
1,all_overlapping,scalar_indirect,1024,228,2021375,523776
1,all_overlapping,scalar_indirect,1024,229,2023000,523776
1,all_overlapping,scalar_indirect,1024,230,2019000,523776
1,all_overlapping,scalar_indirect,1024,231,2031583,523776
1,all_overlapping,scalar_indirect,1024,232,2026375,523776
1,all_overlapping,scalar_indirect,1024,233,2039375,523776
1,all_overlapping,scalar_indirect,1024,234,2040333,523776
1,all_overlapping,scalar_indirect,1024,235,2030834,523776
1,all_overlapping,scalar_indirect,1024,236,2025042,523776
1,all_overlapping,scalar_indirect,1024,237,2021000,523776
1,all_overlapping,scalar_indirect,1024,238,2032667,523776
1,all_overlapping,scalar_indirect,1024,239,2033041,523776
1,all_overlapping,scalar_indirect,1024,240,2028458,523776
1,all_overlapping,scalar_indirect,1024,241,2025084,523776
1,all_overlapping,scalar_indirect,1024,242,2046209,523776
1,all_overlapping,scalar_indirect,1024,243,2039166,523776
1,all_overlapping,scalar_indirect,1024,244,2020375,523776
1,all_overlapping,scalar_indirect,1024,245,2019542,523776
1,all_overlapping,scalar_indirect,1024,246,2017708,523776
1,all_overlapping,scalar_indirect,1024,247,2020125,523776
1,all_overlapping,scalar_indirect,1024,248,2026584,523776
1,all_overlapping,scalar_indirect,1024,249,2028916,523776
1,all_overlapping,scalar_indirect,1024,250,2041292,523776
1,all_overlapping,scalar_indirect,1024,251,2025125,523776
1,all_overlapping,scalar_indirect,1024,252,2025750,523776
1,all_overlapping,scalar_indirect,1024,253,2022584,523776
1,all_overlapping,scalar_indirect,1024,254,2022042,523776
1,all_overlapping,scalar_indirect,1024,255,2019708,523776
1,all_overlapping,scalar_indirect,1024,256,2022292,523776
1,all_overlapping,scalar_indirect,1024,257,2025166,523776
1,all_overlapping,scalar_indirect,1024,258,2061584,523776
1,all_overlapping,scalar_indirect,1024,259,2027375,523776
1,all_overlapping,scalar_indirect,1024,260,2020875,523776
1,all_overlapping,scalar_indirect,1024,261,2022209,523776
1,all_overlapping,scalar_indirect,1024,262,2021833,523776
1,all_overlapping,scalar_indirect,1024,263,2071042,523776
1,all_overlapping,scalar_indirect,1024,264,2023916,523776
1,all_overlapping,scalar_indirect,1024,265,2027250,523776
1,all_overlapping,scalar_indirect,1024,266,2036125,523776
1,all_overlapping,scalar_indirect,1024,267,2045458,523776
1,all_overlapping,scalar_indirect,1024,268,2030208,523776
1,all_overlapping,scalar_indirect,1024,269,2024542,523776
1,all_overlapping,scalar_indirect,1024,270,2024584,523776
1,all_overlapping,scalar_indirect,1024,271,2037333,523776
1,all_overlapping,scalar_indirect,1024,272,2054125,523776
1,all_overlapping,scalar_indirect,1024,273,2055458,523776
1,all_overlapping,scalar_indirect,1024,274,2026417,523776
1,all_overlapping,scalar_indirect,1024,275,2066708,523776
1,all_overlapping,scalar_indirect,1024,276,2060958,523776
1,all_overlapping,scalar_indirect,1024,277,2077583,523776
1,all_overlapping,scalar_indirect,1024,278,2067292,523776
1,all_overlapping,scalar_indirect,1024,279,2057208,523776
1,all_overlapping,scalar_indirect,1024,280,2054208,523776
1,all_overlapping,scalar_indirect,1024,281,2064125,523776
1,all_overlapping,scalar_indirect,1024,282,2042750,523776
1,all_overlapping,scalar_indirect,1024,283,2062875,523776
1,all_overlapping,scalar_indirect,1024,284,2064917,523776
1,all_overlapping,scalar_indirect,1024,285,2025542,523776
1,all_overlapping,scalar_indirect,1024,286,2044833,523776
1,all_overlapping,scalar_indirect,1024,287,2052416,523776
1,all_overlapping,scalar_indirect,1024,288,2057042,523776
1,all_overlapping,scalar_indirect,1024,289,2060916,523776
1,all_overlapping,scalar_indirect,1024,290,2067500,523776
1,all_overlapping,scalar_indirect,1024,291,2069292,523776
1,all_overlapping,scalar_indirect,1024,292,2060959,523776
1,all_overlapping,scalar_indirect,1024,293,2083458,523776
1,all_overlapping,scalar_indirect,1024,294,2075542,523776
1,all_overlapping,scalar_indirect,1024,295,2062791,523776
1,all_overlapping,scalar_indirect,1024,296,2064542,523776
1,all_overlapping,scalar_indirect,1024,297,2060291,523776
1,all_overlapping,scalar_indirect,1024,298,2064167,523776
1,all_overlapping,scalar_indirect,1024,299,2067125,523776
1,all_overlapping,scalar_packed,1024,0,2250625,523776
1,all_overlapping,scalar_packed,1024,1,2258834,523776
1,all_overlapping,scalar_packed,1024,2,2250833,523776
1,all_overlapping,scalar_packed,1024,3,2252792,523776
1,all_overlapping,scalar_packed,1024,4,2248834,523776
1,all_overlapping,scalar_packed,1024,5,2285375,523776
1,all_overlapping,scalar_packed,1024,6,2259250,523776
1,all_overlapping,scalar_packed,1024,7,2264958,523776
1,all_overlapping,scalar_packed,1024,8,2251333,523776
1,all_overlapping,scalar_packed,1024,9,2251250,523776
1,all_overlapping,scalar_packed,1024,10,2253750,523776
1,all_overlapping,scalar_packed,1024,11,2248166,523776
1,all_overlapping,scalar_packed,1024,12,2248917,523776
1,all_overlapping,scalar_packed,1024,13,2250542,523776
1,all_overlapping,scalar_packed,1024,14,2245375,523776
1,all_overlapping,scalar_packed,1024,15,2235125,523776
1,all_overlapping,scalar_packed,1024,16,2245584,523776
1,all_overlapping,scalar_packed,1024,17,2263292,523776
1,all_overlapping,scalar_packed,1024,18,2247292,523776
1,all_overlapping,scalar_packed,1024,19,2248292,523776
1,all_overlapping,scalar_packed,1024,20,2255458,523776
1,all_overlapping,scalar_packed,1024,21,2237416,523776
1,all_overlapping,scalar_packed,1024,22,2251542,523776
1,all_overlapping,scalar_packed,1024,23,2250541,523776
1,all_overlapping,scalar_packed,1024,24,2254042,523776
1,all_overlapping,scalar_packed,1024,25,2271833,523776
1,all_overlapping,scalar_packed,1024,26,2251458,523776
1,all_overlapping,scalar_packed,1024,27,2260417,523776
1,all_overlapping,scalar_packed,1024,28,2253791,523776
1,all_overlapping,scalar_packed,1024,29,2254584,523776
1,all_overlapping,scalar_packed,1024,30,2255500,523776
1,all_overlapping,scalar_packed,1024,31,2239625,523776
1,all_overlapping,scalar_packed,1024,32,2248792,523776
1,all_overlapping,scalar_packed,1024,33,2255792,523776
1,all_overlapping,scalar_packed,1024,34,2269125,523776
1,all_overlapping,scalar_packed,1024,35,2290333,523776
1,all_overlapping,scalar_packed,1024,36,2291875,523776
1,all_overlapping,scalar_packed,1024,37,2281083,523776
1,all_overlapping,scalar_packed,1024,38,2285917,523776
1,all_overlapping,scalar_packed,1024,39,2287458,523776
1,all_overlapping,scalar_packed,1024,40,2290042,523776
1,all_overlapping,scalar_packed,1024,41,2288167,523776
1,all_overlapping,scalar_packed,1024,42,2292375,523776
1,all_overlapping,scalar_packed,1024,43,2281625,523776
1,all_overlapping,scalar_packed,1024,44,2273334,523776
1,all_overlapping,scalar_packed,1024,45,2296833,523776
1,all_overlapping,scalar_packed,1024,46,2286625,523776
1,all_overlapping,scalar_packed,1024,47,2267000,523776
1,all_overlapping,scalar_packed,1024,48,2252291,523776
1,all_overlapping,scalar_packed,1024,49,2243917,523776
1,all_overlapping,scalar_packed,1024,50,2259833,523776
1,all_overlapping,scalar_packed,1024,51,2244959,523776
1,all_overlapping,scalar_packed,1024,52,2248208,523776
1,all_overlapping,scalar_packed,1024,53,2248500,523776
1,all_overlapping,scalar_packed,1024,54,2253917,523776
1,all_overlapping,scalar_packed,1024,55,2249250,523776
1,all_overlapping,scalar_packed,1024,56,2247708,523776
1,all_overlapping,scalar_packed,1024,57,2265750,523776
1,all_overlapping,scalar_packed,1024,58,2257583,523776
1,all_overlapping,scalar_packed,1024,59,2255625,523776
1,all_overlapping,scalar_packed,1024,60,2258250,523776
1,all_overlapping,scalar_packed,1024,61,2254875,523776
1,all_overlapping,scalar_packed,1024,62,2259083,523776
1,all_overlapping,scalar_packed,1024,63,2243667,523776
1,all_overlapping,scalar_packed,1024,64,2267375,523776
1,all_overlapping,scalar_packed,1024,65,2258083,523776
1,all_overlapping,scalar_packed,1024,66,2245583,523776
1,all_overlapping,scalar_packed,1024,67,2261750,523776
1,all_overlapping,scalar_packed,1024,68,2244042,523776
1,all_overlapping,scalar_packed,1024,69,2251833,523776
1,all_overlapping,scalar_packed,1024,70,2256000,523776
1,all_overlapping,scalar_packed,1024,71,2247250,523776
1,all_overlapping,scalar_packed,1024,72,2266167,523776
1,all_overlapping,scalar_packed,1024,73,2253250,523776
1,all_overlapping,scalar_packed,1024,74,2255875,523776
1,all_overlapping,scalar_packed,1024,75,2256166,523776
1,all_overlapping,scalar_packed,1024,76,2265000,523776
1,all_overlapping,scalar_packed,1024,77,2253167,523776
1,all_overlapping,scalar_packed,1024,78,2267625,523776
1,all_overlapping,scalar_packed,1024,79,2340708,523776
1,all_overlapping,scalar_packed,1024,80,2251292,523776
1,all_overlapping,scalar_packed,1024,81,2245000,523776
1,all_overlapping,scalar_packed,1024,82,2237084,523776
1,all_overlapping,scalar_packed,1024,83,2249417,523776
1,all_overlapping,scalar_packed,1024,84,2250125,523776
1,all_overlapping,scalar_packed,1024,85,2248000,523776
1,all_overlapping,scalar_packed,1024,86,2242750,523776
1,all_overlapping,scalar_packed,1024,87,2255917,523776
1,all_overlapping,scalar_packed,1024,88,2256708,523776
1,all_overlapping,scalar_packed,1024,89,2246417,523776
1,all_overlapping,scalar_packed,1024,90,2251958,523776
1,all_overlapping,scalar_packed,1024,91,2251000,523776
1,all_overlapping,scalar_packed,1024,92,2252250,523776
1,all_overlapping,scalar_packed,1024,93,2249041,523776
1,all_overlapping,scalar_packed,1024,94,2248417,523776
1,all_overlapping,scalar_packed,1024,95,2274375,523776
1,all_overlapping,scalar_packed,1024,96,2245209,523776
1,all_overlapping,scalar_packed,1024,97,2245959,523776
1,all_overlapping,scalar_packed,1024,98,2242000,523776
1,all_overlapping,scalar_packed,1024,99,2247125,523776
1,all_overlapping,scalar_packed,1024,100,2261458,523776
1,all_overlapping,scalar_packed,1024,101,2251209,523776
1,all_overlapping,scalar_packed,1024,102,2252334,523776
1,all_overlapping,scalar_packed,1024,103,2248166,523776
1,all_overlapping,scalar_packed,1024,104,2245250,523776
1,all_overlapping,scalar_packed,1024,105,2248042,523776
1,all_overlapping,scalar_packed,1024,106,2247583,523776
1,all_overlapping,scalar_packed,1024,107,2267375,523776
1,all_overlapping,scalar_packed,1024,108,2244167,523776
1,all_overlapping,scalar_packed,1024,109,2247750,523776
1,all_overlapping,scalar_packed,1024,110,2254500,523776
1,all_overlapping,scalar_packed,1024,111,2245583,523776
1,all_overlapping,scalar_packed,1024,112,2246750,523776
1,all_overlapping,scalar_packed,1024,113,2242375,523776
1,all_overlapping,scalar_packed,1024,114,2247959,523776
1,all_overlapping,scalar_packed,1024,115,2251166,523776
1,all_overlapping,scalar_packed,1024,116,2246750,523776
1,all_overlapping,scalar_packed,1024,117,2252417,523776
1,all_overlapping,scalar_packed,1024,118,2278291,523776
1,all_overlapping,scalar_packed,1024,119,2293500,523776
1,all_overlapping,scalar_packed,1024,120,2281708,523776
1,all_overlapping,scalar_packed,1024,121,2284916,523776
1,all_overlapping,scalar_packed,1024,122,2286458,523776
1,all_overlapping,scalar_packed,1024,123,2281375,523776
1,all_overlapping,scalar_packed,1024,124,2276375,523776
1,all_overlapping,scalar_packed,1024,125,2287542,523776
1,all_overlapping,scalar_packed,1024,126,2283125,523776
1,all_overlapping,scalar_packed,1024,127,2270458,523776
1,all_overlapping,scalar_packed,1024,128,2246625,523776
1,all_overlapping,scalar_packed,1024,129,2250042,523776
1,all_overlapping,scalar_packed,1024,130,2260750,523776
1,all_overlapping,scalar_packed,1024,131,2258291,523776
1,all_overlapping,scalar_packed,1024,132,2257334,523776
1,all_overlapping,scalar_packed,1024,133,2261791,523776
1,all_overlapping,scalar_packed,1024,134,2247125,523776
1,all_overlapping,scalar_packed,1024,135,2248625,523776
1,all_overlapping,scalar_packed,1024,136,2251250,523776
1,all_overlapping,scalar_packed,1024,137,2257500,523776
1,all_overlapping,scalar_packed,1024,138,2254041,523776
1,all_overlapping,scalar_packed,1024,139,2282792,523776
1,all_overlapping,scalar_packed,1024,140,2248208,523776
1,all_overlapping,scalar_packed,1024,141,2249667,523776
1,all_overlapping,scalar_packed,1024,142,2251292,523776
1,all_overlapping,scalar_packed,1024,143,2265750,523776
1,all_overlapping,scalar_packed,1024,144,2256667,523776
1,all_overlapping,scalar_packed,1024,145,2287250,523776
1,all_overlapping,scalar_packed,1024,146,2285541,523776
1,all_overlapping,scalar_packed,1024,147,2288708,523776
1,all_overlapping,scalar_packed,1024,148,2284209,523776
1,all_overlapping,scalar_packed,1024,149,2295291,523776
1,all_overlapping,scalar_packed,1024,150,2287000,523776
1,all_overlapping,scalar_packed,1024,151,2300083,523776
1,all_overlapping,scalar_packed,1024,152,2294708,523776
1,all_overlapping,scalar_packed,1024,153,2288125,523776
1,all_overlapping,scalar_packed,1024,154,2285583,523776
1,all_overlapping,scalar_packed,1024,155,2288708,523776
1,all_overlapping,scalar_packed,1024,156,2273084,523776
1,all_overlapping,scalar_packed,1024,157,2286875,523776
1,all_overlapping,scalar_packed,1024,158,2305667,523776
1,all_overlapping,scalar_packed,1024,159,2280541,523776
1,all_overlapping,scalar_packed,1024,160,2287875,523776
1,all_overlapping,scalar_packed,1024,161,2284917,523776
1,all_overlapping,scalar_packed,1024,162,2259541,523776
1,all_overlapping,scalar_packed,1024,163,2251167,523776
1,all_overlapping,scalar_packed,1024,164,2246500,523776
1,all_overlapping,scalar_packed,1024,165,2259125,523776
1,all_overlapping,scalar_packed,1024,166,2258750,523776
1,all_overlapping,scalar_packed,1024,167,2255375,523776
1,all_overlapping,scalar_packed,1024,168,2259333,523776
1,all_overlapping,scalar_packed,1024,169,2239416,523776
1,all_overlapping,scalar_packed,1024,170,2253542,523776
1,all_overlapping,scalar_packed,1024,171,2248625,523776
1,all_overlapping,scalar_packed,1024,172,2262917,523776
1,all_overlapping,scalar_packed,1024,173,2239583,523776
1,all_overlapping,scalar_packed,1024,174,2256333,523776
1,all_overlapping,scalar_packed,1024,175,2258125,523776
1,all_overlapping,scalar_packed,1024,176,2243125,523776
1,all_overlapping,scalar_packed,1024,177,2252458,523776
1,all_overlapping,scalar_packed,1024,178,2248375,523776
1,all_overlapping,scalar_packed,1024,179,2251666,523776
1,all_overlapping,scalar_packed,1024,180,2248417,523776
1,all_overlapping,scalar_packed,1024,181,2243625,523776
1,all_overlapping,scalar_packed,1024,182,2251708,523776
1,all_overlapping,scalar_packed,1024,183,2248375,523776
1,all_overlapping,scalar_packed,1024,184,2276541,523776
1,all_overlapping,scalar_packed,1024,185,2250042,523776
1,all_overlapping,scalar_packed,1024,186,2276875,523776
1,all_overlapping,scalar_packed,1024,187,2258291,523776
1,all_overlapping,scalar_packed,1024,188,2253834,523776
1,all_overlapping,scalar_packed,1024,189,2261791,523776
1,all_overlapping,scalar_packed,1024,190,2262417,523776
1,all_overlapping,scalar_packed,1024,191,2254166,523776
1,all_overlapping,scalar_packed,1024,192,2247000,523776
1,all_overlapping,scalar_packed,1024,193,2243542,523776
1,all_overlapping,scalar_packed,1024,194,2253584,523776
1,all_overlapping,scalar_packed,1024,195,2251875,523776
1,all_overlapping,scalar_packed,1024,196,2251666,523776
1,all_overlapping,scalar_packed,1024,197,2276708,523776
1,all_overlapping,scalar_packed,1024,198,2244959,523776
1,all_overlapping,scalar_packed,1024,199,2250708,523776
1,all_overlapping,scalar_packed,1024,200,2252500,523776
1,all_overlapping,scalar_packed,1024,201,2250666,523776
1,all_overlapping,scalar_packed,1024,202,2252125,523776
1,all_overlapping,scalar_packed,1024,203,2250792,523776
1,all_overlapping,scalar_packed,1024,204,2252833,523776
1,all_overlapping,scalar_packed,1024,205,2251292,523776
1,all_overlapping,scalar_packed,1024,206,2239375,523776
1,all_overlapping,scalar_packed,1024,207,2258708,523776
1,all_overlapping,scalar_packed,1024,208,2241791,523776
1,all_overlapping,scalar_packed,1024,209,2249459,523776
1,all_overlapping,scalar_packed,1024,210,2245583,523776
1,all_overlapping,scalar_packed,1024,211,2247792,523776
1,all_overlapping,scalar_packed,1024,212,2268417,523776
1,all_overlapping,scalar_packed,1024,213,2260250,523776
1,all_overlapping,scalar_packed,1024,214,2252750,523776
1,all_overlapping,scalar_packed,1024,215,2253792,523776
1,all_overlapping,scalar_packed,1024,216,2249708,523776
1,all_overlapping,scalar_packed,1024,217,2245667,523776
1,all_overlapping,scalar_packed,1024,218,2252708,523776
1,all_overlapping,scalar_packed,1024,219,2248333,523776
1,all_overlapping,scalar_packed,1024,220,2246750,523776
1,all_overlapping,scalar_packed,1024,221,2246708,523776
1,all_overlapping,scalar_packed,1024,222,2239167,523776
1,all_overlapping,scalar_packed,1024,223,2249083,523776
1,all_overlapping,scalar_packed,1024,224,2241583,523776
1,all_overlapping,scalar_packed,1024,225,2245416,523776
1,all_overlapping,scalar_packed,1024,226,2244000,523776
1,all_overlapping,scalar_packed,1024,227,2245291,523776
1,all_overlapping,scalar_packed,1024,228,2249417,523776
1,all_overlapping,scalar_packed,1024,229,2262500,523776
1,all_overlapping,scalar_packed,1024,230,2253750,523776
1,all_overlapping,scalar_packed,1024,231,2250375,523776
1,all_overlapping,scalar_packed,1024,232,2238084,523776
1,all_overlapping,scalar_packed,1024,233,2241959,523776
1,all_overlapping,scalar_packed,1024,234,2263416,523776
1,all_overlapping,scalar_packed,1024,235,2251167,523776
1,all_overlapping,scalar_packed,1024,236,2259791,523776
1,all_overlapping,scalar_packed,1024,237,2245708,523776
1,all_overlapping,scalar_packed,1024,238,2246917,523776
1,all_overlapping,scalar_packed,1024,239,2244666,523776
1,all_overlapping,scalar_packed,1024,240,2241875,523776
1,all_overlapping,scalar_packed,1024,241,2239791,523776
1,all_overlapping,scalar_packed,1024,242,2250250,523776
1,all_overlapping,scalar_packed,1024,243,2249208,523776
1,all_overlapping,scalar_packed,1024,244,2245125,523776
1,all_overlapping,scalar_packed,1024,245,2249250,523776
1,all_overlapping,scalar_packed,1024,246,2249000,523776
1,all_overlapping,scalar_packed,1024,247,2245750,523776
1,all_overlapping,scalar_packed,1024,248,2237791,523776
1,all_overlapping,scalar_packed,1024,249,2247250,523776
1,all_overlapping,scalar_packed,1024,250,2247000,523776
1,all_overlapping,scalar_packed,1024,251,2243875,523776
1,all_overlapping,scalar_packed,1024,252,2251834,523776
1,all_overlapping,scalar_packed,1024,253,2240666,523776
1,all_overlapping,scalar_packed,1024,254,2252250,523776
1,all_overlapping,scalar_packed,1024,255,2264500,523776
1,all_overlapping,scalar_packed,1024,256,2252583,523776
1,all_overlapping,scalar_packed,1024,257,2242542,523776
1,all_overlapping,scalar_packed,1024,258,2246833,523776
1,all_overlapping,scalar_packed,1024,259,2247792,523776
1,all_overlapping,scalar_packed,1024,260,2251500,523776
1,all_overlapping,scalar_packed,1024,261,2247000,523776
1,all_overlapping,scalar_packed,1024,262,2254125,523776
1,all_overlapping,scalar_packed,1024,263,2243291,523776
1,all_overlapping,scalar_packed,1024,264,2240833,523776
1,all_overlapping,scalar_packed,1024,265,2248625,523776
1,all_overlapping,scalar_packed,1024,266,2237250,523776
1,all_overlapping,scalar_packed,1024,267,2251875,523776
1,all_overlapping,scalar_packed,1024,268,2255875,523776
1,all_overlapping,scalar_packed,1024,269,2226292,523776
1,all_overlapping,scalar_packed,1024,270,2249417,523776
1,all_overlapping,scalar_packed,1024,271,2248167,523776
1,all_overlapping,scalar_packed,1024,272,2254084,523776
1,all_overlapping,scalar_packed,1024,273,2247459,523776
1,all_overlapping,scalar_packed,1024,274,2270125,523776
1,all_overlapping,scalar_packed,1024,275,2242917,523776
1,all_overlapping,scalar_packed,1024,276,2240667,523776
1,all_overlapping,scalar_packed,1024,277,2259125,523776
1,all_overlapping,scalar_packed,1024,278,2247042,523776
1,all_overlapping,scalar_packed,1024,279,2247583,523776
1,all_overlapping,scalar_packed,1024,280,2250417,523776
1,all_overlapping,scalar_packed,1024,281,2243958,523776
1,all_overlapping,scalar_packed,1024,282,2250542,523776
1,all_overlapping,scalar_packed,1024,283,2252542,523776
1,all_overlapping,scalar_packed,1024,284,2250375,523776
1,all_overlapping,scalar_packed,1024,285,2248750,523776
1,all_overlapping,scalar_packed,1024,286,2238541,523776
1,all_overlapping,scalar_packed,1024,287,2256417,523776
1,all_overlapping,scalar_packed,1024,288,2247000,523776
1,all_overlapping,scalar_packed,1024,289,2247416,523776
1,all_overlapping,scalar_packed,1024,290,2262625,523776
1,all_overlapping,scalar_packed,1024,291,2272875,523776
1,all_overlapping,scalar_packed,1024,292,2295833,523776
1,all_overlapping,scalar_packed,1024,293,2281458,523776
1,all_overlapping,scalar_packed,1024,294,2274125,523776
1,all_overlapping,scalar_packed,1024,295,2291083,523776
1,all_overlapping,scalar_packed,1024,296,2275125,523776
1,all_overlapping,scalar_packed,1024,297,2273042,523776
1,all_overlapping,scalar_packed,1024,298,2278125,523776
1,all_overlapping,scalar_packed,1024,299,2283208,523776
1,all_overlapping,simd,1024,0,1850500,523776
1,all_overlapping,simd,1024,1,1829000,523776
1,all_overlapping,simd,1024,2,1827625,523776
1,all_overlapping,simd,1024,3,1840000,523776
1,all_overlapping,simd,1024,4,1830958,523776
1,all_overlapping,simd,1024,5,1838167,523776
1,all_overlapping,simd,1024,6,1843291,523776
1,all_overlapping,simd,1024,7,1828000,523776
1,all_overlapping,simd,1024,8,1834000,523776
1,all_overlapping,simd,1024,9,1832583,523776
1,all_overlapping,simd,1024,10,1828583,523776
1,all_overlapping,simd,1024,11,1832125,523776
1,all_overlapping,simd,1024,12,1839333,523776
1,all_overlapping,simd,1024,13,1826000,523776
1,all_overlapping,simd,1024,14,1834333,523776
1,all_overlapping,simd,1024,15,1830042,523776
1,all_overlapping,simd,1024,16,1828958,523776
1,all_overlapping,simd,1024,17,1835042,523776
1,all_overlapping,simd,1024,18,1830042,523776
1,all_overlapping,simd,1024,19,1829583,523776
1,all_overlapping,simd,1024,20,1832458,523776
1,all_overlapping,simd,1024,21,1827625,523776
1,all_overlapping,simd,1024,22,1828042,523776
1,all_overlapping,simd,1024,23,1835291,523776
1,all_overlapping,simd,1024,24,1834084,523776
1,all_overlapping,simd,1024,25,1833750,523776
1,all_overlapping,simd,1024,26,1838042,523776
1,all_overlapping,simd,1024,27,1870208,523776
1,all_overlapping,simd,1024,28,1851708,523776
1,all_overlapping,simd,1024,29,1826292,523776
1,all_overlapping,simd,1024,30,1826250,523776
1,all_overlapping,simd,1024,31,1829500,523776
1,all_overlapping,simd,1024,32,1831625,523776
1,all_overlapping,simd,1024,33,1838250,523776
1,all_overlapping,simd,1024,34,1838000,523776
1,all_overlapping,simd,1024,35,1835334,523776
1,all_overlapping,simd,1024,36,1826709,523776
1,all_overlapping,simd,1024,37,1829458,523776
1,all_overlapping,simd,1024,38,1829250,523776
1,all_overlapping,simd,1024,39,1831417,523776
1,all_overlapping,simd,1024,40,1828334,523776
1,all_overlapping,simd,1024,41,1828500,523776
1,all_overlapping,simd,1024,42,1827833,523776
1,all_overlapping,simd,1024,43,1824708,523776
1,all_overlapping,simd,1024,44,1828000,523776
1,all_overlapping,simd,1024,45,1831709,523776
1,all_overlapping,simd,1024,46,1834750,523776
1,all_overlapping,simd,1024,47,1835084,523776
1,all_overlapping,simd,1024,48,1826834,523776
1,all_overlapping,simd,1024,49,1826833,523776
1,all_overlapping,simd,1024,50,1828542,523776
1,all_overlapping,simd,1024,51,1829958,523776
1,all_overlapping,simd,1024,52,1826333,523776
1,all_overlapping,simd,1024,53,1825708,523776
1,all_overlapping,simd,1024,54,1829334,523776
1,all_overlapping,simd,1024,55,1825666,523776
1,all_overlapping,simd,1024,56,1825000,523776
1,all_overlapping,simd,1024,57,1827417,523776
1,all_overlapping,simd,1024,58,1827167,523776
1,all_overlapping,simd,1024,59,1827042,523776
1,all_overlapping,simd,1024,60,1832250,523776
1,all_overlapping,simd,1024,61,1825333,523776
1,all_overlapping,simd,1024,62,1824084,523776
1,all_overlapping,simd,1024,63,1829541,523776
1,all_overlapping,simd,1024,64,1826459,523776
1,all_overlapping,simd,1024,65,1828250,523776
1,all_overlapping,simd,1024,66,1828334,523776
1,all_overlapping,simd,1024,67,1825458,523776
1,all_overlapping,simd,1024,68,1834833,523776
1,all_overlapping,simd,1024,69,1830833,523776
1,all_overlapping,simd,1024,70,1829125,523776
1,all_overlapping,simd,1024,71,1829834,523776
1,all_overlapping,simd,1024,72,1827959,523776
1,all_overlapping,simd,1024,73,1831959,523776
1,all_overlapping,simd,1024,74,1825917,523776
1,all_overlapping,simd,1024,75,1827000,523776
1,all_overlapping,simd,1024,76,1826667,523776
1,all_overlapping,simd,1024,77,1829875,523776
1,all_overlapping,simd,1024,78,1828167,523776
1,all_overlapping,simd,1024,79,1828250,523776
1,all_overlapping,simd,1024,80,1824584,523776
1,all_overlapping,simd,1024,81,1824958,523776
1,all_overlapping,simd,1024,82,1851791,523776
1,all_overlapping,simd,1024,83,1850500,523776
1,all_overlapping,simd,1024,84,1829917,523776
1,all_overlapping,simd,1024,85,1829167,523776
1,all_overlapping,simd,1024,86,1825458,523776
1,all_overlapping,simd,1024,87,1825958,523776
1,all_overlapping,simd,1024,88,1827625,523776
1,all_overlapping,simd,1024,89,1833333,523776
1,all_overlapping,simd,1024,90,1834459,523776
1,all_overlapping,simd,1024,91,1835084,523776
1,all_overlapping,simd,1024,92,1829416,523776
1,all_overlapping,simd,1024,93,1833209,523776
1,all_overlapping,simd,1024,94,1834750,523776
1,all_overlapping,simd,1024,95,1830542,523776
1,all_overlapping,simd,1024,96,1847958,523776
1,all_overlapping,simd,1024,97,1860625,523776
1,all_overlapping,simd,1024,98,1867583,523776
1,all_overlapping,simd,1024,99,1858292,523776
1,all_overlapping,simd,1024,100,1873333,523776
1,all_overlapping,simd,1024,101,1868375,523776
1,all_overlapping,simd,1024,102,1855667,523776
1,all_overlapping,simd,1024,103,1858416,523776
1,all_overlapping,simd,1024,104,1857625,523776
1,all_overlapping,simd,1024,105,1855708,523776
1,all_overlapping,simd,1024,106,1864834,523776
1,all_overlapping,simd,1024,107,1856792,523776
1,all_overlapping,simd,1024,108,1834250,523776
1,all_overlapping,simd,1024,109,1839209,523776
1,all_overlapping,simd,1024,110,1827583,523776
1,all_overlapping,simd,1024,111,1825792,523776
1,all_overlapping,simd,1024,112,1836709,523776
1,all_overlapping,simd,1024,113,1825375,523776
1,all_overlapping,simd,1024,114,1852500,523776
1,all_overlapping,simd,1024,115,1829083,523776
1,all_overlapping,simd,1024,116,1830625,523776
1,all_overlapping,simd,1024,117,1836958,523776
1,all_overlapping,simd,1024,118,1837167,523776
1,all_overlapping,simd,1024,119,1829250,523776
1,all_overlapping,simd,1024,120,1829375,523776
1,all_overlapping,simd,1024,121,1828750,523776
1,all_overlapping,simd,1024,122,1826167,523776
1,all_overlapping,simd,1024,123,1837042,523776
1,all_overlapping,simd,1024,124,1830250,523776
1,all_overlapping,simd,1024,125,1832208,523776
1,all_overlapping,simd,1024,126,1833167,523776
1,all_overlapping,simd,1024,127,1845583,523776
1,all_overlapping,simd,1024,128,1874333,523776
1,all_overlapping,simd,1024,129,1858167,523776
1,all_overlapping,simd,1024,130,1863250,523776
1,all_overlapping,simd,1024,131,1862959,523776
1,all_overlapping,simd,1024,132,1857834,523776
1,all_overlapping,simd,1024,133,1858834,523776
1,all_overlapping,simd,1024,134,1859125,523776
1,all_overlapping,simd,1024,135,1852833,523776
1,all_overlapping,simd,1024,136,1878625,523776
1,all_overlapping,simd,1024,137,1953083,523776
1,all_overlapping,simd,1024,138,1861625,523776
1,all_overlapping,simd,1024,139,1854041,523776
1,all_overlapping,simd,1024,140,1853167,523776
1,all_overlapping,simd,1024,141,1854417,523776
1,all_overlapping,simd,1024,142,1873833,523776
1,all_overlapping,simd,1024,143,1872667,523776
1,all_overlapping,simd,1024,144,1833417,523776
1,all_overlapping,simd,1024,145,1842500,523776
1,all_overlapping,simd,1024,146,1849833,523776
1,all_overlapping,simd,1024,147,1829542,523776
1,all_overlapping,simd,1024,148,1831459,523776
1,all_overlapping,simd,1024,149,1829167,523776
1,all_overlapping,simd,1024,150,1836917,523776
1,all_overlapping,simd,1024,151,1830666,523776
1,all_overlapping,simd,1024,152,1828375,523776
1,all_overlapping,simd,1024,153,1831250,523776
1,all_overlapping,simd,1024,154,1827334,523776
1,all_overlapping,simd,1024,155,1858333,523776
1,all_overlapping,simd,1024,156,1848917,523776
1,all_overlapping,simd,1024,157,1828292,523776
1,all_overlapping,simd,1024,158,1827667,523776
1,all_overlapping,simd,1024,159,1836125,523776
1,all_overlapping,simd,1024,160,1826000,523776
1,all_overlapping,simd,1024,161,1835667,523776
1,all_overlapping,simd,1024,162,1829166,523776
1,all_overlapping,simd,1024,163,1827750,523776
1,all_overlapping,simd,1024,164,1854666,523776
1,all_overlapping,simd,1024,165,1827709,523776
1,all_overlapping,simd,1024,166,1826250,523776
1,all_overlapping,simd,1024,167,1825834,523776
1,all_overlapping,simd,1024,168,1828166,523776
1,all_overlapping,simd,1024,169,1827875,523776
1,all_overlapping,simd,1024,170,1850959,523776
1,all_overlapping,simd,1024,171,1827708,523776
1,all_overlapping,simd,1024,172,1843750,523776
1,all_overlapping,simd,1024,173,1853291,523776
1,all_overlapping,simd,1024,174,1858625,523776
1,all_overlapping,simd,1024,175,1863458,523776
1,all_overlapping,simd,1024,176,1859250,523776
1,all_overlapping,simd,1024,177,1863584,523776
1,all_overlapping,simd,1024,178,1871584,523776
1,all_overlapping,simd,1024,179,1854750,523776
1,all_overlapping,simd,1024,180,1872042,523776
1,all_overlapping,simd,1024,181,1867500,523776
1,all_overlapping,simd,1024,182,1864666,523776
1,all_overlapping,simd,1024,183,1864333,523776
1,all_overlapping,simd,1024,184,1855542,523776
1,all_overlapping,simd,1024,185,1864834,523776
1,all_overlapping,simd,1024,186,1851875,523776
1,all_overlapping,simd,1024,187,1859625,523776
1,all_overlapping,simd,1024,188,1871333,523776
1,all_overlapping,simd,1024,189,1830042,523776
1,all_overlapping,simd,1024,190,1828042,523776
1,all_overlapping,simd,1024,191,1849459,523776
1,all_overlapping,simd,1024,192,1867625,523776
1,all_overlapping,simd,1024,193,1826292,523776
1,all_overlapping,simd,1024,194,1827416,523776
1,all_overlapping,simd,1024,195,1842792,523776
1,all_overlapping,simd,1024,196,1838291,523776
1,all_overlapping,simd,1024,197,1833792,523776
1,all_overlapping,simd,1024,198,1833458,523776
1,all_overlapping,simd,1024,199,1844542,523776
1,all_overlapping,simd,1024,200,1835458,523776
1,all_overlapping,simd,1024,201,1835667,523776
1,all_overlapping,simd,1024,202,1846333,523776
1,all_overlapping,simd,1024,203,1828625,523776
1,all_overlapping,simd,1024,204,1829667,523776
1,all_overlapping,simd,1024,205,1827500,523776
1,all_overlapping,simd,1024,206,1825375,523776
1,all_overlapping,simd,1024,207,1824792,523776
1,all_overlapping,simd,1024,208,1832541,523776
1,all_overlapping,simd,1024,209,1828292,523776
1,all_overlapping,simd,1024,210,1831833,523776
1,all_overlapping,simd,1024,211,1825458,523776
1,all_overlapping,simd,1024,212,1825125,523776
1,all_overlapping,simd,1024,213,1831000,523776
1,all_overlapping,simd,1024,214,1830750,523776
1,all_overlapping,simd,1024,215,1827584,523776
1,all_overlapping,simd,1024,216,1825834,523776
1,all_overlapping,simd,1024,217,1829833,523776
1,all_overlapping,simd,1024,218,1827833,523776
1,all_overlapping,simd,1024,219,1828916,523776
1,all_overlapping,simd,1024,220,1824792,523776
1,all_overlapping,simd,1024,221,1834125,523776
1,all_overlapping,simd,1024,222,1826167,523776
1,all_overlapping,simd,1024,223,1832458,523776
1,all_overlapping,simd,1024,224,1827125,523776
1,all_overlapping,simd,1024,225,1825541,523776
1,all_overlapping,simd,1024,226,1825709,523776
1,all_overlapping,simd,1024,227,1853125,523776
1,all_overlapping,simd,1024,228,1855458,523776
1,all_overlapping,simd,1024,229,1874167,523776
1,all_overlapping,simd,1024,230,1860875,523776
1,all_overlapping,simd,1024,231,1859958,523776
1,all_overlapping,simd,1024,232,1855542,523776
1,all_overlapping,simd,1024,233,1864209,523776
1,all_overlapping,simd,1024,234,1856584,523776
1,all_overlapping,simd,1024,235,1872916,523776
1,all_overlapping,simd,1024,236,1866167,523776
1,all_overlapping,simd,1024,237,1868666,523776
1,all_overlapping,simd,1024,238,1855042,523776
1,all_overlapping,simd,1024,239,1857583,523776
1,all_overlapping,simd,1024,240,1854916,523776
1,all_overlapping,simd,1024,241,1853334,523776
1,all_overlapping,simd,1024,242,1872416,523776
1,all_overlapping,simd,1024,243,1855625,523776
1,all_overlapping,simd,1024,244,1828833,523776
1,all_overlapping,simd,1024,245,1833834,523776
1,all_overlapping,simd,1024,246,1843250,523776
1,all_overlapping,simd,1024,247,1854041,523776
1,all_overlapping,simd,1024,248,1828334,523776
1,all_overlapping,simd,1024,249,1829917,523776
1,all_overlapping,simd,1024,250,1846083,523776
1,all_overlapping,simd,1024,251,1828625,523776
1,all_overlapping,simd,1024,252,1832166,523776
1,all_overlapping,simd,1024,253,1829792,523776
1,all_overlapping,simd,1024,254,1832417,523776
1,all_overlapping,simd,1024,255,1829875,523776
1,all_overlapping,simd,1024,256,1844125,523776
1,all_overlapping,simd,1024,257,1828459,523776
1,all_overlapping,simd,1024,258,1826542,523776
1,all_overlapping,simd,1024,259,1832250,523776
1,all_overlapping,simd,1024,260,1827333,523776
1,all_overlapping,simd,1024,261,1826792,523776
1,all_overlapping,simd,1024,262,1829375,523776
1,all_overlapping,simd,1024,263,1830625,523776
1,all_overlapping,simd,1024,264,1826917,523776
1,all_overlapping,simd,1024,265,1829250,523776
1,all_overlapping,simd,1024,266,1826333,523776
1,all_overlapping,simd,1024,267,1827875,523776
1,all_overlapping,simd,1024,268,1841958,523776
1,all_overlapping,simd,1024,269,1826334,523776
1,all_overlapping,simd,1024,270,1833791,523776
1,all_overlapping,simd,1024,271,1826667,523776
1,all_overlapping,simd,1024,272,1828709,523776
1,all_overlapping,simd,1024,273,1828458,523776
1,all_overlapping,simd,1024,274,1824083,523776
1,all_overlapping,simd,1024,275,1830042,523776
1,all_overlapping,simd,1024,276,1826292,523776
1,all_overlapping,simd,1024,277,1842541,523776
1,all_overlapping,simd,1024,278,1838209,523776
1,all_overlapping,simd,1024,279,1832958,523776
1,all_overlapping,simd,1024,280,1829458,523776
1,all_overlapping,simd,1024,281,1829292,523776
1,all_overlapping,simd,1024,282,1830291,523776
1,all_overlapping,simd,1024,283,1825917,523776
1,all_overlapping,simd,1024,284,1834833,523776
1,all_overlapping,simd,1024,285,1826709,523776
1,all_overlapping,simd,1024,286,1849125,523776
1,all_overlapping,simd,1024,287,1830959,523776
1,all_overlapping,simd,1024,288,1826709,523776
1,all_overlapping,simd,1024,289,1828709,523776
1,all_overlapping,simd,1024,290,1828084,523776
1,all_overlapping,simd,1024,291,1837292,523776
1,all_overlapping,simd,1024,292,1828750,523776
1,all_overlapping,simd,1024,293,1841792,523776
1,all_overlapping,simd,1024,294,1845375,523776
1,all_overlapping,simd,1024,295,1851750,523776
1,all_overlapping,simd,1024,296,1832917,523776
1,all_overlapping,simd,1024,297,1826250,523776
1,all_overlapping,simd,1024,298,1826833,523776
1,all_overlapping,simd,1024,299,1825584,523776
2,sparse,scalar_indirect,1024,0,17708,0
2,sparse,scalar_indirect,1024,1,17708,0
2,sparse,scalar_indirect,1024,2,17583,0
2,sparse,scalar_indirect,1024,3,17667,0
2,sparse,scalar_indirect,1024,4,17625,0
2,sparse,scalar_indirect,1024,5,17625,0
2,sparse,scalar_indirect,1024,6,17667,0
2,sparse,scalar_indirect,1024,7,17583,0
2,sparse,scalar_indirect,1024,8,17625,0
2,sparse,scalar_indirect,1024,9,17667,0
2,sparse,scalar_indirect,1024,10,17583,0
2,sparse,scalar_indirect,1024,11,17583,0
2,sparse,scalar_indirect,1024,12,17625,0
2,sparse,scalar_indirect,1024,13,17625,0
2,sparse,scalar_indirect,1024,14,17750,0
2,sparse,scalar_indirect,1024,15,17583,0
2,sparse,scalar_indirect,1024,16,17625,0
2,sparse,scalar_indirect,1024,17,17625,0
2,sparse,scalar_indirect,1024,18,17666,0
2,sparse,scalar_indirect,1024,19,17542,0
2,sparse,scalar_indirect,1024,20,17666,0
2,sparse,scalar_indirect,1024,21,17667,0
2,sparse,scalar_indirect,1024,22,17667,0
2,sparse,scalar_indirect,1024,23,17666,0
2,sparse,scalar_indirect,1024,24,17584,0
2,sparse,scalar_indirect,1024,25,17584,0
2,sparse,scalar_indirect,1024,26,17667,0
2,sparse,scalar_indirect,1024,27,17750,0
2,sparse,scalar_indirect,1024,28,17583,0
2,sparse,scalar_indirect,1024,29,17625,0
2,sparse,scalar_indirect,1024,30,17708,0
2,sparse,scalar_indirect,1024,31,17625,0
2,sparse,scalar_indirect,1024,32,17584,0
2,sparse,scalar_indirect,1024,33,17666,0
2,sparse,scalar_indirect,1024,34,17625,0
2,sparse,scalar_indirect,1024,35,17542,0
2,sparse,scalar_indirect,1024,36,17584,0
2,sparse,scalar_indirect,1024,37,17584,0
2,sparse,scalar_indirect,1024,38,17625,0
2,sparse,scalar_indirect,1024,39,17625,0
2,sparse,scalar_indirect,1024,40,17625,0
2,sparse,scalar_indirect,1024,41,17625,0
2,sparse,scalar_indirect,1024,42,17709,0
2,sparse,scalar_indirect,1024,43,17625,0
2,sparse,scalar_indirect,1024,44,17584,0
2,sparse,scalar_indirect,1024,45,17625,0
2,sparse,scalar_indirect,1024,46,17709,0
2,sparse,scalar_indirect,1024,47,17584,0
2,sparse,scalar_indirect,1024,48,17625,0
2,sparse,scalar_indirect,1024,49,17666,0
2,sparse,scalar_indirect,1024,50,17625,0
2,sparse,scalar_indirect,1024,51,17667,0
2,sparse,scalar_indirect,1024,52,17667,0
2,sparse,scalar_indirect,1024,53,17625,0
2,sparse,scalar_indirect,1024,54,17666,0
2,sparse,scalar_indirect,1024,55,17625,0
2,sparse,scalar_indirect,1024,56,17584,0
2,sparse,scalar_indirect,1024,57,17625,0
2,sparse,scalar_indirect,1024,58,17625,0
2,sparse,scalar_indirect,1024,59,17667,0
2,sparse,scalar_indirect,1024,60,17625,0
2,sparse,scalar_indirect,1024,61,17583,0
2,sparse,scalar_indirect,1024,62,17708,0
2,sparse,scalar_indirect,1024,63,17625,0
2,sparse,scalar_indirect,1024,64,17625,0
2,sparse,scalar_indirect,1024,65,17625,0
2,sparse,scalar_indirect,1024,66,17666,0
2,sparse,scalar_indirect,1024,67,17625,0
2,sparse,scalar_indirect,1024,68,17584,0
2,sparse,scalar_indirect,1024,69,17666,0
2,sparse,scalar_indirect,1024,70,17625,0
2,sparse,scalar_indirect,1024,71,17667,0
2,sparse,scalar_indirect,1024,72,17583,0
2,sparse,scalar_indirect,1024,73,17583,0
2,sparse,scalar_indirect,1024,74,17625,0
2,sparse,scalar_indirect,1024,75,17667,0
2,sparse,scalar_indirect,1024,76,17625,0
2,sparse,scalar_indirect,1024,77,17583,0
2,sparse,scalar_indirect,1024,78,17667,0
2,sparse,scalar_indirect,1024,79,17584,0
2,sparse,scalar_indirect,1024,80,17583,0
2,sparse,scalar_indirect,1024,81,17625,0
2,sparse,scalar_indirect,1024,82,17708,0
2,sparse,scalar_indirect,1024,83,17667,0
2,sparse,scalar_indirect,1024,84,17666,0
2,sparse,scalar_indirect,1024,85,17584,0
2,sparse,scalar_indirect,1024,86,17666,0
2,sparse,scalar_indirect,1024,87,17709,0
2,sparse,scalar_indirect,1024,88,17625,0
2,sparse,scalar_indirect,1024,89,17583,0
2,sparse,scalar_indirect,1024,90,17625,0
2,sparse,scalar_indirect,1024,91,17666,0
2,sparse,scalar_indirect,1024,92,17625,0
2,sparse,scalar_indirect,1024,93,17625,0
2,sparse,scalar_indirect,1024,94,17625,0
2,sparse,scalar_indirect,1024,95,17625,0
2,sparse,scalar_indirect,1024,96,17666,0
2,sparse,scalar_indirect,1024,97,17584,0
2,sparse,scalar_indirect,1024,98,17584,0
2,sparse,scalar_indirect,1024,99,17625,0
2,sparse,scalar_indirect,1024,100,17750,0
2,sparse,scalar_indirect,1024,101,17708,0
2,sparse,scalar_indirect,1024,102,17750,0
2,sparse,scalar_indirect,1024,103,17709,0
2,sparse,scalar_indirect,1024,104,17750,0
2,sparse,scalar_indirect,1024,105,17625,0
2,sparse,scalar_indirect,1024,106,17625,0
2,sparse,scalar_indirect,1024,107,17667,0
2,sparse,scalar_indirect,1024,108,17625,0
2,sparse,scalar_indirect,1024,109,17584,0
2,sparse,scalar_indirect,1024,110,17584,0
2,sparse,scalar_indirect,1024,111,17625,0
2,sparse,scalar_indirect,1024,112,17583,0
2,sparse,scalar_indirect,1024,113,17583,0
2,sparse,scalar_indirect,1024,114,17625,0
2,sparse,scalar_indirect,1024,115,17625,0
2,sparse,scalar_indirect,1024,116,17709,0
2,sparse,scalar_indirect,1024,117,17708,0
2,sparse,scalar_indirect,1024,118,17625,0
2,sparse,scalar_indirect,1024,119,17625,0
2,sparse,scalar_indirect,1024,120,17667,0
2,sparse,scalar_indirect,1024,121,17584,0
2,sparse,scalar_indirect,1024,122,17666,0
2,sparse,scalar_indirect,1024,123,17583,0
2,sparse,scalar_indirect,1024,124,17583,0
2,sparse,scalar_indirect,1024,125,17625,0
2,sparse,scalar_indirect,1024,126,17708,0
2,sparse,scalar_indirect,1024,127,17667,0
2,sparse,scalar_indirect,1024,128,17750,0
2,sparse,scalar_indirect,1024,129,17625,0
2,sparse,scalar_indirect,1024,130,17583,0
2,sparse,scalar_indirect,1024,131,17625,0
2,sparse,scalar_indirect,1024,132,17667,0
2,sparse,scalar_indirect,1024,133,17666,0
2,sparse,scalar_indirect,1024,134,17584,0
2,sparse,scalar_indirect,1024,135,17625,0
2,sparse,scalar_indirect,1024,136,17667,0
2,sparse,scalar_indirect,1024,137,17666,0
2,sparse,scalar_indirect,1024,138,17667,0
2,sparse,scalar_indirect,1024,139,17625,0
2,sparse,scalar_indirect,1024,140,17750,0
2,sparse,scalar_indirect,1024,141,17750,0
2,sparse,scalar_indirect,1024,142,17666,0
2,sparse,scalar_indirect,1024,143,17625,0
2,sparse,scalar_indirect,1024,144,17667,0
2,sparse,scalar_indirect,1024,145,17667,0
2,sparse,scalar_indirect,1024,146,17583,0
2,sparse,scalar_indirect,1024,147,17625,0
2,sparse,scalar_indirect,1024,148,17583,0
2,sparse,scalar_indirect,1024,149,17625,0
2,sparse,scalar_indirect,1024,150,17625,0
2,sparse,scalar_indirect,1024,151,17625,0
2,sparse,scalar_indirect,1024,152,17625,0
2,sparse,scalar_indirect,1024,153,17666,0
2,sparse,scalar_indirect,1024,154,17584,0
2,sparse,scalar_indirect,1024,155,17625,0
2,sparse,scalar_indirect,1024,156,17625,0
2,sparse,scalar_indirect,1024,157,17625,0
2,sparse,scalar_indirect,1024,158,17625,0
2,sparse,scalar_indirect,1024,159,17625,0
2,sparse,scalar_indirect,1024,160,17625,0
2,sparse,scalar_indirect,1024,161,17750,0
2,sparse,scalar_indirect,1024,162,17667,0
2,sparse,scalar_indirect,1024,163,17583,0
2,sparse,scalar_indirect,1024,164,17625,0
2,sparse,scalar_indirect,1024,165,17667,0
2,sparse,scalar_indirect,1024,166,17584,0
2,sparse,scalar_indirect,1024,167,17625,0
2,sparse,scalar_indirect,1024,168,17625,0
2,sparse,scalar_indirect,1024,169,17584,0
2,sparse,scalar_indirect,1024,170,17625,0
2,sparse,scalar_indirect,1024,171,17625,0
2,sparse,scalar_indirect,1024,172,17625,0
2,sparse,scalar_indirect,1024,173,17667,0
2,sparse,scalar_indirect,1024,174,17625,0
2,sparse,scalar_indirect,1024,175,17584,0
2,sparse,scalar_indirect,1024,176,17625,0
2,sparse,scalar_indirect,1024,177,17666,0
2,sparse,scalar_indirect,1024,178,17625,0
2,sparse,scalar_indirect,1024,179,17584,0
2,sparse,scalar_indirect,1024,180,17584,0
2,sparse,scalar_indirect,1024,181,17667,0
2,sparse,scalar_indirect,1024,182,17625,0
2,sparse,scalar_indirect,1024,183,17667,0
2,sparse,scalar_indirect,1024,184,17709,0
2,sparse,scalar_indirect,1024,185,17625,0
2,sparse,scalar_indirect,1024,186,17625,0
2,sparse,scalar_indirect,1024,187,17583,0
2,sparse,scalar_indirect,1024,188,17625,0
2,sparse,scalar_indirect,1024,189,17667,0
2,sparse,scalar_indirect,1024,190,17667,0
2,sparse,scalar_indirect,1024,191,17583,0
2,sparse,scalar_indirect,1024,192,17625,0
2,sparse,scalar_indirect,1024,193,17625,0
2,sparse,scalar_indirect,1024,194,17625,0
2,sparse,scalar_indirect,1024,195,17625,0
2,sparse,scalar_indirect,1024,196,17625,0
2,sparse,scalar_indirect,1024,197,17667,0
2,sparse,scalar_indirect,1024,198,17666,0
2,sparse,scalar_indirect,1024,199,17584,0
2,sparse,scalar_indirect,1024,200,17625,0
2,sparse,scalar_indirect,1024,201,17667,0
2,sparse,scalar_indirect,1024,202,17625,0
2,sparse,scalar_indirect,1024,203,17666,0
2,sparse,scalar_indirect,1024,204,17625,0
2,sparse,scalar_indirect,1024,205,17625,0
2,sparse,scalar_indirect,1024,206,17667,0
2,sparse,scalar_indirect,1024,207,17625,0
2,sparse,scalar_indirect,1024,208,17625,0
2,sparse,scalar_indirect,1024,209,17625,0
2,sparse,scalar_indirect,1024,210,17625,0
2,sparse,scalar_indirect,1024,211,17541,0
2,sparse,scalar_indirect,1024,212,17625,0
2,sparse,scalar_indirect,1024,213,17625,0
2,sparse,scalar_indirect,1024,214,17625,0
2,sparse,scalar_indirect,1024,215,17750,0
2,sparse,scalar_indirect,1024,216,17667,0
2,sparse,scalar_indirect,1024,217,17584,0
2,sparse,scalar_indirect,1024,218,17667,0
2,sparse,scalar_indirect,1024,219,17625,0
2,sparse,scalar_indirect,1024,220,17667,0
2,sparse,scalar_indirect,1024,221,17666,0
2,sparse,scalar_indirect,1024,222,17667,0
2,sparse,scalar_indirect,1024,223,17583,0
2,sparse,scalar_indirect,1024,224,17625,0
2,sparse,scalar_indirect,1024,225,17625,0
2,sparse,scalar_indirect,1024,226,17625,0
2,sparse,scalar_indirect,1024,227,17709,0
2,sparse,scalar_indirect,1024,228,17667,0
2,sparse,scalar_indirect,1024,229,17625,0
2,sparse,scalar_indirect,1024,230,17666,0
2,sparse,scalar_indirect,1024,231,17667,0
2,sparse,scalar_indirect,1024,232,17583,0
2,sparse,scalar_indirect,1024,233,17625,0
2,sparse,scalar_indirect,1024,234,17625,0
2,sparse,scalar_indirect,1024,235,17583,0
2,sparse,scalar_indirect,1024,236,17625,0
2,sparse,scalar_indirect,1024,237,17625,0
2,sparse,scalar_indirect,1024,238,17625,0
2,sparse,scalar_indirect,1024,239,17625,0
2,sparse,scalar_indirect,1024,240,17708,0
2,sparse,scalar_indirect,1024,241,17625,0
2,sparse,scalar_indirect,1024,242,17667,0
2,sparse,scalar_indirect,1024,243,17666,0
2,sparse,scalar_indirect,1024,244,17584,0
2,sparse,scalar_indirect,1024,245,17625,0
2,sparse,scalar_indirect,1024,246,17625,0
2,sparse,scalar_indirect,1024,247,17625,0
2,sparse,scalar_indirect,1024,248,17625,0
2,sparse,scalar_indirect,1024,249,17625,0
2,sparse,scalar_indirect,1024,250,17625,0
2,sparse,scalar_indirect,1024,251,17584,0
2,sparse,scalar_indirect,1024,252,17709,0
2,sparse,scalar_indirect,1024,253,17667,0
2,sparse,scalar_indirect,1024,254,17708,0
2,sparse,scalar_indirect,1024,255,17750,0
2,sparse,scalar_indirect,1024,256,17583,0
2,sparse,scalar_indirect,1024,257,17625,0
2,sparse,scalar_indirect,1024,258,17625,0
2,sparse,scalar_indirect,1024,259,17625,0
2,sparse,scalar_indirect,1024,260,17708,0
2,sparse,scalar_indirect,1024,261,17625,0
2,sparse,scalar_indirect,1024,262,17625,0
2,sparse,scalar_indirect,1024,263,17625,0
2,sparse,scalar_indirect,1024,264,17750,0
2,sparse,scalar_indirect,1024,265,17625,0
2,sparse,scalar_indirect,1024,266,17625,0
2,sparse,scalar_indirect,1024,267,17583,0
2,sparse,scalar_indirect,1024,268,17625,0
2,sparse,scalar_indirect,1024,269,17584,0
2,sparse,scalar_indirect,1024,270,17625,0
2,sparse,scalar_indirect,1024,271,17625,0
2,sparse,scalar_indirect,1024,272,17625,0
2,sparse,scalar_indirect,1024,273,17625,0
2,sparse,scalar_indirect,1024,274,17625,0
2,sparse,scalar_indirect,1024,275,17625,0
2,sparse,scalar_indirect,1024,276,17667,0
2,sparse,scalar_indirect,1024,277,17625,0
2,sparse,scalar_indirect,1024,278,17625,0
2,sparse,scalar_indirect,1024,279,17583,0
2,sparse,scalar_indirect,1024,280,17708,0
2,sparse,scalar_indirect,1024,281,17625,0
2,sparse,scalar_indirect,1024,282,17625,0
2,sparse,scalar_indirect,1024,283,17625,0
2,sparse,scalar_indirect,1024,284,17625,0
2,sparse,scalar_indirect,1024,285,17625,0
2,sparse,scalar_indirect,1024,286,17667,0
2,sparse,scalar_indirect,1024,287,17666,0
2,sparse,scalar_indirect,1024,288,17625,0
2,sparse,scalar_indirect,1024,289,17583,0
2,sparse,scalar_indirect,1024,290,17625,0
2,sparse,scalar_indirect,1024,291,17625,0
2,sparse,scalar_indirect,1024,292,17583,0
2,sparse,scalar_indirect,1024,293,17625,0
2,sparse,scalar_indirect,1024,294,17625,0
2,sparse,scalar_indirect,1024,295,17625,0
2,sparse,scalar_indirect,1024,296,17750,0
2,sparse,scalar_indirect,1024,297,17625,0
2,sparse,scalar_indirect,1024,298,17625,0
2,sparse,scalar_indirect,1024,299,17625,0
2,sparse,scalar_packed,1024,0,12417,0
2,sparse,scalar_packed,1024,1,12416,0
2,sparse,scalar_packed,1024,2,12375,0
2,sparse,scalar_packed,1024,3,12334,0
2,sparse,scalar_packed,1024,4,12333,0
2,sparse,scalar_packed,1024,5,12375,0
2,sparse,scalar_packed,1024,6,12333,0
2,sparse,scalar_packed,1024,7,12334,0
2,sparse,scalar_packed,1024,8,12292,0
2,sparse,scalar_packed,1024,9,12291,0
2,sparse,scalar_packed,1024,10,12292,0
2,sparse,scalar_packed,1024,11,12334,0
2,sparse,scalar_packed,1024,12,12333,0
2,sparse,scalar_packed,1024,13,12333,0
2,sparse,scalar_packed,1024,14,12334,0
2,sparse,scalar_packed,1024,15,12334,0
2,sparse,scalar_packed,1024,16,12333,0
2,sparse,scalar_packed,1024,17,12333,0
2,sparse,scalar_packed,1024,18,12334,0
2,sparse,scalar_packed,1024,19,12333,0
2,sparse,scalar_packed,1024,20,12333,0
2,sparse,scalar_packed,1024,21,12334,0
2,sparse,scalar_packed,1024,22,12292,0
2,sparse,scalar_packed,1024,23,12375,0
2,sparse,scalar_packed,1024,24,12292,0
2,sparse,scalar_packed,1024,25,12291,0
2,sparse,scalar_packed,1024,26,12334,0
2,sparse,scalar_packed,1024,27,12375,0
2,sparse,scalar_packed,1024,28,12333,0
2,sparse,scalar_packed,1024,29,12333,0
2,sparse,scalar_packed,1024,30,12333,0
2,sparse,scalar_packed,1024,31,12334,0
2,sparse,scalar_packed,1024,32,12417,0
2,sparse,scalar_packed,1024,33,12333,0
2,sparse,scalar_packed,1024,34,12417,0
2,sparse,scalar_packed,1024,35,12417,0
2,sparse,scalar_packed,1024,36,12333,0
2,sparse,scalar_packed,1024,37,12375,0
2,sparse,scalar_packed,1024,38,12333,0
2,sparse,scalar_packed,1024,39,12334,0
2,sparse,scalar_packed,1024,40,12292,0
2,sparse,scalar_packed,1024,41,12333,0
2,sparse,scalar_packed,1024,42,12292,0
2,sparse,scalar_packed,1024,43,12334,0
2,sparse,scalar_packed,1024,44,12291,0
2,sparse,scalar_packed,1024,45,12333,0
2,sparse,scalar_packed,1024,46,12292,0
2,sparse,scalar_packed,1024,47,12333,0
2,sparse,scalar_packed,1024,48,12333,0
2,sparse,scalar_packed,1024,49,12334,0
2,sparse,scalar_packed,1024,50,12334,0
2,sparse,scalar_packed,1024,51,12375,0
2,sparse,scalar_packed,1024,52,12292,0
2,sparse,scalar_packed,1024,53,12333,0
2,sparse,scalar_packed,1024,54,12375,0
2,sparse,scalar_packed,1024,55,12333,0
2,sparse,scalar_packed,1024,56,12334,0
2,sparse,scalar_packed,1024,57,12333,0
2,sparse,scalar_packed,1024,58,12333,0
2,sparse,scalar_packed,1024,59,12292,0
2,sparse,scalar_packed,1024,60,12334,0
2,sparse,scalar_packed,1024,61,12291,0
2,sparse,scalar_packed,1024,62,12292,0
2,sparse,scalar_packed,1024,63,12292,0
2,sparse,scalar_packed,1024,64,12333,0
2,sparse,scalar_packed,1024,65,12333,0
2,sparse,scalar_packed,1024,66,12334,0
2,sparse,scalar_packed,1024,67,12375,0
2,sparse,scalar_packed,1024,68,12291,0
2,sparse,scalar_packed,1024,69,12292,0
2,sparse,scalar_packed,1024,70,12333,0
2,sparse,scalar_packed,1024,71,12375,0
2,sparse,scalar_packed,1024,72,12333,0
2,sparse,scalar_packed,1024,73,12334,0
2,sparse,scalar_packed,1024,74,12333,0
2,sparse,scalar_packed,1024,75,12333,0
2,sparse,scalar_packed,1024,76,12292,0
2,sparse,scalar_packed,1024,77,12291,0
2,sparse,scalar_packed,1024,78,12292,0
2,sparse,scalar_packed,1024,79,12375,0
2,sparse,scalar_packed,1024,80,12334,0
2,sparse,scalar_packed,1024,81,12333,0
2,sparse,scalar_packed,1024,82,12416,0
2,sparse,scalar_packed,1024,83,12375,0
2,sparse,scalar_packed,1024,84,12334,0
2,sparse,scalar_packed,1024,85,12375,0
2,sparse,scalar_packed,1024,86,12291,0
2,sparse,scalar_packed,1024,87,12334,0
2,sparse,scalar_packed,1024,88,12416,0
2,sparse,scalar_packed,1024,89,12375,0
2,sparse,scalar_packed,1024,90,12333,0
2,sparse,scalar_packed,1024,91,12417,0
2,sparse,scalar_packed,1024,92,12375,0
2,sparse,scalar_packed,1024,93,12375,0
2,sparse,scalar_packed,1024,94,12333,0
2,sparse,scalar_packed,1024,95,12291,0
2,sparse,scalar_packed,1024,96,12375,0
2,sparse,scalar_packed,1024,97,12333,0
2,sparse,scalar_packed,1024,98,12334,0
2,sparse,scalar_packed,1024,99,12333,0
2,sparse,scalar_packed,1024,100,12291,0
2,sparse,scalar_packed,1024,101,12333,0
2,sparse,scalar_packed,1024,102,12334,0
2,sparse,scalar_packed,1024,103,12416,0
2,sparse,scalar_packed,1024,104,12417,0
2,sparse,scalar_packed,1024,105,12417,0
2,sparse,scalar_packed,1024,106,12334,0
2,sparse,scalar_packed,1024,107,12500,0
2,sparse,scalar_packed,1024,108,12416,0
2,sparse,scalar_packed,1024,109,12458,0
2,sparse,scalar_packed,1024,110,12459,0
2,sparse,scalar_packed,1024,111,12458,0
2,sparse,scalar_packed,1024,112,12417,0
2,sparse,scalar_packed,1024,113,12417,0
2,sparse,scalar_packed,1024,114,12416,0
2,sparse,scalar_packed,1024,115,12334,0
2,sparse,scalar_packed,1024,116,12291,0
2,sparse,scalar_packed,1024,117,12333,0
2,sparse,scalar_packed,1024,118,12459,0
2,sparse,scalar_packed,1024,119,12375,0
2,sparse,scalar_packed,1024,120,12417,0
2,sparse,scalar_packed,1024,121,12375,0
2,sparse,scalar_packed,1024,122,12500,0
2,sparse,scalar_packed,1024,123,12333,0
2,sparse,scalar_packed,1024,124,12292,0
2,sparse,scalar_packed,1024,125,12333,0
2,sparse,scalar_packed,1024,126,12417,0
2,sparse,scalar_packed,1024,127,12375,0
2,sparse,scalar_packed,1024,128,12334,0
2,sparse,scalar_packed,1024,129,12416,0
2,sparse,scalar_packed,1024,130,12375,0
2,sparse,scalar_packed,1024,131,12334,0
2,sparse,scalar_packed,1024,132,12333,0
2,sparse,scalar_packed,1024,133,12417,0
2,sparse,scalar_packed,1024,134,12459,0
2,sparse,scalar_packed,1024,135,12375,0
2,sparse,scalar_packed,1024,136,12375,0
2,sparse,scalar_packed,1024,137,12292,0
2,sparse,scalar_packed,1024,138,12416,0
2,sparse,scalar_packed,1024,139,12417,0
2,sparse,scalar_packed,1024,140,12416,0
2,sparse,scalar_packed,1024,141,12334,0
2,sparse,scalar_packed,1024,142,12375,0
2,sparse,scalar_packed,1024,143,12292,0
2,sparse,scalar_packed,1024,144,32833,0
2,sparse,scalar_packed,1024,145,34375,0
2,sparse,scalar_packed,1024,146,19208,0
2,sparse,scalar_packed,1024,147,14209,0
2,sparse,scalar_packed,1024,148,13083,0
2,sparse,scalar_packed,1024,149,12333,0
2,sparse,scalar_packed,1024,150,12209,0
2,sparse,scalar_packed,1024,151,12166,0
2,sparse,scalar_packed,1024,152,12125,0
2,sparse,scalar_packed,1024,153,12334,0
2,sparse,scalar_packed,1024,154,12292,0
2,sparse,scalar_packed,1024,155,12333,0
2,sparse,scalar_packed,1024,156,12333,0
2,sparse,scalar_packed,1024,157,12334,0
2,sparse,scalar_packed,1024,158,12333,0
2,sparse,scalar_packed,1024,159,12292,0
2,sparse,scalar_packed,1024,160,12333,0
2,sparse,scalar_packed,1024,161,12333,0
2,sparse,scalar_packed,1024,162,12375,0
2,sparse,scalar_packed,1024,163,12333,0
2,sparse,scalar_packed,1024,164,12292,0
2,sparse,scalar_packed,1024,165,12291,0
2,sparse,scalar_packed,1024,166,12292,0
2,sparse,scalar_packed,1024,167,12334,0
2,sparse,scalar_packed,1024,168,12416,0
2,sparse,scalar_packed,1024,169,12334,0
2,sparse,scalar_packed,1024,170,12333,0
2,sparse,scalar_packed,1024,171,12333,0
2,sparse,scalar_packed,1024,172,12375,0
2,sparse,scalar_packed,1024,173,12375,0
2,sparse,scalar_packed,1024,174,12291,0
2,sparse,scalar_packed,1024,175,12333,0
2,sparse,scalar_packed,1024,176,12334,0
2,sparse,scalar_packed,1024,177,12333,0
2,sparse,scalar_packed,1024,178,12375,0
2,sparse,scalar_packed,1024,179,12334,0
2,sparse,scalar_packed,1024,180,12291,0
2,sparse,scalar_packed,1024,181,12292,0
2,sparse,scalar_packed,1024,182,12417,0
2,sparse,scalar_packed,1024,183,12333,0
2,sparse,scalar_packed,1024,184,12334,0
2,sparse,scalar_packed,1024,185,12333,0
2,sparse,scalar_packed,1024,186,12333,0
2,sparse,scalar_packed,1024,187,12334,0
2,sparse,scalar_packed,1024,188,12334,0
2,sparse,scalar_packed,1024,189,12416,0
2,sparse,scalar_packed,1024,190,12333,0
2,sparse,scalar_packed,1024,191,12417,0
2,sparse,scalar_packed,1024,192,12333,0
2,sparse,scalar_packed,1024,193,12250,0
2,sparse,scalar_packed,1024,194,12333,0
2,sparse,scalar_packed,1024,195,12333,0
2,sparse,scalar_packed,1024,196,12333,0
2,sparse,scalar_packed,1024,197,12333,0
2,sparse,scalar_packed,1024,198,12334,0
2,sparse,scalar_packed,1024,199,12333,0
2,sparse,scalar_packed,1024,200,12291,0
2,sparse,scalar_packed,1024,201,12375,0
2,sparse,scalar_packed,1024,202,12333,0
2,sparse,scalar_packed,1024,203,12334,0
2,sparse,scalar_packed,1024,204,12375,0
2,sparse,scalar_packed,1024,205,12291,0
2,sparse,scalar_packed,1024,206,12334,0
2,sparse,scalar_packed,1024,207,12458,0
2,sparse,scalar_packed,1024,208,12458,0
2,sparse,scalar_packed,1024,209,12334,0
2,sparse,scalar_packed,1024,210,12292,0
2,sparse,scalar_packed,1024,211,12416,0
2,sparse,scalar_packed,1024,212,12417,0
2,sparse,scalar_packed,1024,213,12333,0
2,sparse,scalar_packed,1024,214,12334,0
2,sparse,scalar_packed,1024,215,12375,0
2,sparse,scalar_packed,1024,216,12292,0
2,sparse,scalar_packed,1024,217,12333,0
2,sparse,scalar_packed,1024,218,12292,0
2,sparse,scalar_packed,1024,219,12334,0
2,sparse,scalar_packed,1024,220,12333,0
2,sparse,scalar_packed,1024,221,12333,0
2,sparse,scalar_packed,1024,222,12334,0
2,sparse,scalar_packed,1024,223,12291,0
2,sparse,scalar_packed,1024,224,12333,0
2,sparse,scalar_packed,1024,225,12375,0
2,sparse,scalar_packed,1024,226,12333,0
2,sparse,scalar_packed,1024,227,12375,0
2,sparse,scalar_packed,1024,228,12375,0
2,sparse,scalar_packed,1024,229,12500,0
2,sparse,scalar_packed,1024,230,12458,0
2,sparse,scalar_packed,1024,231,12334,0
2,sparse,scalar_packed,1024,232,12333,0
2,sparse,scalar_packed,1024,233,12417,0
2,sparse,scalar_packed,1024,234,12458,0
2,sparse,scalar_packed,1024,235,12458,0
2,sparse,scalar_packed,1024,236,12417,0
2,sparse,scalar_packed,1024,237,12375,0
2,sparse,scalar_packed,1024,238,12333,0
2,sparse,scalar_packed,1024,239,12459,0
2,sparse,scalar_packed,1024,240,12333,0
2,sparse,scalar_packed,1024,241,12375,0
2,sparse,scalar_packed,1024,242,12416,0
2,sparse,scalar_packed,1024,243,12334,0
2,sparse,scalar_packed,1024,244,12333,0
2,sparse,scalar_packed,1024,245,12333,0
2,sparse,scalar_packed,1024,246,12334,0
2,sparse,scalar_packed,1024,247,12292,0
2,sparse,scalar_packed,1024,248,12333,0
2,sparse,scalar_packed,1024,249,12417,0
2,sparse,scalar_packed,1024,250,12333,0
2,sparse,scalar_packed,1024,251,12333,0
2,sparse,scalar_packed,1024,252,12333,0
2,sparse,scalar_packed,1024,253,12459,0
2,sparse,scalar_packed,1024,254,12416,0
2,sparse,scalar_packed,1024,255,12292,0
2,sparse,scalar_packed,1024,256,12375,0
2,sparse,scalar_packed,1024,257,12459,0
2,sparse,scalar_packed,1024,258,12416,0
2,sparse,scalar_packed,1024,259,12292,0
2,sparse,scalar_packed,1024,260,12375,0
2,sparse,scalar_packed,1024,261,12334,0
2,sparse,scalar_packed,1024,262,12250,0
2,sparse,scalar_packed,1024,263,12333,0
2,sparse,scalar_packed,1024,264,12334,0
2,sparse,scalar_packed,1024,265,12375,0
2,sparse,scalar_packed,1024,266,12375,0
2,sparse,scalar_packed,1024,267,12333,0
2,sparse,scalar_packed,1024,268,12334,0
2,sparse,scalar_packed,1024,269,12333,0
2,sparse,scalar_packed,1024,270,12250,0
2,sparse,scalar_packed,1024,271,12375,0
2,sparse,scalar_packed,1024,272,12375,0
2,sparse,scalar_packed,1024,273,12292,0
2,sparse,scalar_packed,1024,274,12333,0
2,sparse,scalar_packed,1024,275,12292,0
2,sparse,scalar_packed,1024,276,12333,0
2,sparse,scalar_packed,1024,277,12375,0
2,sparse,scalar_packed,1024,278,12333,0
2,sparse,scalar_packed,1024,279,12334,0
2,sparse,scalar_packed,1024,280,12333,0
2,sparse,scalar_packed,1024,281,12333,0
2,sparse,scalar_packed,1024,282,12334,0
2,sparse,scalar_packed,1024,283,12333,0
2,sparse,scalar_packed,1024,284,12333,0
2,sparse,scalar_packed,1024,285,12417,0
2,sparse,scalar_packed,1024,286,12333,0
2,sparse,scalar_packed,1024,287,12292,0
2,sparse,scalar_packed,1024,288,12458,0
2,sparse,scalar_packed,1024,289,12375,0
2,sparse,scalar_packed,1024,290,12292,0
2,sparse,scalar_packed,1024,291,12334,0
2,sparse,scalar_packed,1024,292,12416,0
2,sparse,scalar_packed,1024,293,12417,0
2,sparse,scalar_packed,1024,294,12333,0
2,sparse,scalar_packed,1024,295,12334,0
2,sparse,scalar_packed,1024,296,12292,0
2,sparse,scalar_packed,1024,297,12416,0
2,sparse,scalar_packed,1024,298,12334,0
2,sparse,scalar_packed,1024,299,12292,0
2,sparse,simd,1024,0,11084,0
2,sparse,simd,1024,1,11042,0
2,sparse,simd,1024,2,11000,0
2,sparse,simd,1024,3,11041,0
2,sparse,simd,1024,4,11084,0
2,sparse,simd,1024,5,11084,0
2,sparse,simd,1024,6,11083,0
2,sparse,simd,1024,7,11083,0
2,sparse,simd,1024,8,11084,0
2,sparse,simd,1024,9,11041,0
2,sparse,simd,1024,10,11000,0
2,sparse,simd,1024,11,11042,0
2,sparse,simd,1024,12,11000,0
2,sparse,simd,1024,13,11083,0
2,sparse,simd,1024,14,11083,0
2,sparse,simd,1024,15,11042,0
2,sparse,simd,1024,16,11000,0
2,sparse,simd,1024,17,11083,0
2,sparse,simd,1024,18,11083,0
2,sparse,simd,1024,19,11125,0
2,sparse,simd,1024,20,11041,0
2,sparse,simd,1024,21,11042,0
2,sparse,simd,1024,22,11000,0
2,sparse,simd,1024,23,11041,0
2,sparse,simd,1024,24,11084,0
2,sparse,simd,1024,25,11083,0
2,sparse,simd,1024,26,11042,0
2,sparse,simd,1024,27,11083,0
2,sparse,simd,1024,28,11083,0
2,sparse,simd,1024,29,11042,0
2,sparse,simd,1024,30,11083,0
2,sparse,simd,1024,31,11042,0
2,sparse,simd,1024,32,11083,0
2,sparse,simd,1024,33,11084,0
2,sparse,simd,1024,34,11042,0
2,sparse,simd,1024,35,11000,0
2,sparse,simd,1024,36,11166,0
2,sparse,simd,1024,37,11084,0
2,sparse,simd,1024,38,11084,0
2,sparse,simd,1024,39,11083,0
2,sparse,simd,1024,40,11167,0
2,sparse,simd,1024,41,11125,0
2,sparse,simd,1024,42,11125,0
2,sparse,simd,1024,43,11042,0
2,sparse,simd,1024,44,11083,0
2,sparse,simd,1024,45,11208,0
2,sparse,simd,1024,46,11208,0
2,sparse,simd,1024,47,11167,0
2,sparse,simd,1024,48,11083,0
2,sparse,simd,1024,49,11125,0
2,sparse,simd,1024,50,11042,0
2,sparse,simd,1024,51,11041,0
2,sparse,simd,1024,52,11084,0
2,sparse,simd,1024,53,11125,0
2,sparse,simd,1024,54,11084,0
2,sparse,simd,1024,55,11125,0
2,sparse,simd,1024,56,11042,0
2,sparse,simd,1024,57,11125,0
2,sparse,simd,1024,58,11125,0
2,sparse,simd,1024,59,11125,0
2,sparse,simd,1024,60,11167,0
2,sparse,simd,1024,61,11041,0
2,sparse,simd,1024,62,11042,0
2,sparse,simd,1024,63,11250,0
2,sparse,simd,1024,64,11000,0
2,sparse,simd,1024,65,11000,0
2,sparse,simd,1024,66,11042,0
2,sparse,simd,1024,67,11041,0
2,sparse,simd,1024,68,11000,0
2,sparse,simd,1024,69,11000,0
2,sparse,simd,1024,70,11083,0
2,sparse,simd,1024,71,11083,0
2,sparse,simd,1024,72,11084,0
2,sparse,simd,1024,73,11041,0
2,sparse,simd,1024,74,11042,0
2,sparse,simd,1024,75,11083,0
2,sparse,simd,1024,76,11083,0
2,sparse,simd,1024,77,11084,0
2,sparse,simd,1024,78,11000,0
2,sparse,simd,1024,79,11042,0
2,sparse,simd,1024,80,11042,0
2,sparse,simd,1024,81,11042,0
2,sparse,simd,1024,82,11000,0
2,sparse,simd,1024,83,11084,0
2,sparse,simd,1024,84,11041,0
2,sparse,simd,1024,85,11083,0
2,sparse,simd,1024,86,11042,0
2,sparse,simd,1024,87,11041,0
2,sparse,simd,1024,88,11125,0
2,sparse,simd,1024,89,11042,0
2,sparse,simd,1024,90,11083,0
2,sparse,simd,1024,91,11125,0
2,sparse,simd,1024,92,11042,0
2,sparse,simd,1024,93,11083,0
2,sparse,simd,1024,94,11042,0
2,sparse,simd,1024,95,11083,0
2,sparse,simd,1024,96,11083,0
2,sparse,simd,1024,97,11042,0
2,sparse,simd,1024,98,11041,0
2,sparse,simd,1024,99,11084,0
2,sparse,simd,1024,100,11041,0
2,sparse,simd,1024,101,11000,0
2,sparse,simd,1024,102,11083,0
2,sparse,simd,1024,103,11042,0
2,sparse,simd,1024,104,11083,0
2,sparse,simd,1024,105,11042,0
2,sparse,simd,1024,106,11084,0
2,sparse,simd,1024,107,11041,0
2,sparse,simd,1024,108,11042,0
2,sparse,simd,1024,109,11041,0
2,sparse,simd,1024,110,11084,0
2,sparse,simd,1024,111,11042,0
2,sparse,simd,1024,112,11041,0
2,sparse,simd,1024,113,11042,0
2,sparse,simd,1024,114,11041,0
2,sparse,simd,1024,115,11042,0
2,sparse,simd,1024,116,11083,0
2,sparse,simd,1024,117,11084,0
2,sparse,simd,1024,118,11083,0
2,sparse,simd,1024,119,11042,0
2,sparse,simd,1024,120,11042,0
2,sparse,simd,1024,121,11000,0
2,sparse,simd,1024,122,11041,0
2,sparse,simd,1024,123,11083,0
2,sparse,simd,1024,124,11042,0
2,sparse,simd,1024,125,11041,0
2,sparse,simd,1024,126,11000,0
2,sparse,simd,1024,127,11083,0
2,sparse,simd,1024,128,11042,0
2,sparse,simd,1024,129,11083,0
2,sparse,simd,1024,130,11041,0
2,sparse,simd,1024,131,11084,0
2,sparse,simd,1024,132,11000,0
2,sparse,simd,1024,133,11083,0
2,sparse,simd,1024,134,11042,0
2,sparse,simd,1024,135,11042,0
2,sparse,simd,1024,136,11083,0
2,sparse,simd,1024,137,11125,0
2,sparse,simd,1024,138,11084,0
2,sparse,simd,1024,139,11041,0
2,sparse,simd,1024,140,11042,0
2,sparse,simd,1024,141,11042,0
2,sparse,simd,1024,142,11083,0
2,sparse,simd,1024,143,11083,0
2,sparse,simd,1024,144,11042,0
2,sparse,simd,1024,145,11000,0
2,sparse,simd,1024,146,11042,0
2,sparse,simd,1024,147,11041,0
2,sparse,simd,1024,148,11083,0
2,sparse,simd,1024,149,11042,0
2,sparse,simd,1024,150,11083,0
2,sparse,simd,1024,151,11042,0
2,sparse,simd,1024,152,11083,0
2,sparse,simd,1024,153,11042,0
2,sparse,simd,1024,154,11000,0
2,sparse,simd,1024,155,11084,0
2,sparse,simd,1024,156,11083,0
2,sparse,simd,1024,157,11041,0
2,sparse,simd,1024,158,11042,0
2,sparse,simd,1024,159,11000,0
2,sparse,simd,1024,160,11041,0
2,sparse,simd,1024,161,11042,0
2,sparse,simd,1024,162,11083,0
2,sparse,simd,1024,163,11042,0
2,sparse,simd,1024,164,11166,0
2,sparse,simd,1024,165,11000,0
2,sparse,simd,1024,166,11042,0
2,sparse,simd,1024,167,11083,0
2,sparse,simd,1024,168,11125,0
2,sparse,simd,1024,169,11042,0
2,sparse,simd,1024,170,11041,0
2,sparse,simd,1024,171,11042,0
2,sparse,simd,1024,172,11041,0
2,sparse,simd,1024,173,11042,0
2,sparse,simd,1024,174,11041,0
2,sparse,simd,1024,175,11084,0
2,sparse,simd,1024,176,11125,0
2,sparse,simd,1024,177,11000,0
2,sparse,simd,1024,178,11042,0
2,sparse,simd,1024,179,11000,0
2,sparse,simd,1024,180,11084,0
2,sparse,simd,1024,181,11083,0
2,sparse,simd,1024,182,11041,0
2,sparse,simd,1024,183,11042,0
2,sparse,simd,1024,184,11000,0
2,sparse,simd,1024,185,11041,0
2,sparse,simd,1024,186,11042,0
2,sparse,simd,1024,187,11083,0
2,sparse,simd,1024,188,11042,0
2,sparse,simd,1024,189,11042,0
2,sparse,simd,1024,190,11125,0
2,sparse,simd,1024,191,11083,0
2,sparse,simd,1024,192,11000,0
2,sparse,simd,1024,193,11041,0
2,sparse,simd,1024,194,11084,0
2,sparse,simd,1024,195,11083,0
2,sparse,simd,1024,196,11042,0
2,sparse,simd,1024,197,11042,0
2,sparse,simd,1024,198,11042,0
2,sparse,simd,1024,199,11084,0
2,sparse,simd,1024,200,11041,0
2,sparse,simd,1024,201,11083,0
2,sparse,simd,1024,202,11125,0
2,sparse,simd,1024,203,11000,0
2,sparse,simd,1024,204,11084,0
2,sparse,simd,1024,205,11083,0
2,sparse,simd,1024,206,11042,0
2,sparse,simd,1024,207,11042,0
2,sparse,simd,1024,208,11083,0
2,sparse,simd,1024,209,11084,0
2,sparse,simd,1024,210,11083,0
2,sparse,simd,1024,211,11042,0
2,sparse,simd,1024,212,11000,0
2,sparse,simd,1024,213,11041,0
2,sparse,simd,1024,214,11042,0
2,sparse,simd,1024,215,11042,0
2,sparse,simd,1024,216,11041,0
2,sparse,simd,1024,217,11042,0
2,sparse,simd,1024,218,11083,0
2,sparse,simd,1024,219,11042,0
2,sparse,simd,1024,220,11083,0
2,sparse,simd,1024,221,11041,0
2,sparse,simd,1024,222,11084,0
2,sparse,simd,1024,223,11083,0
2,sparse,simd,1024,224,11083,0
2,sparse,simd,1024,225,11000,0
2,sparse,simd,1024,226,11084,0
2,sparse,simd,1024,227,11041,0
2,sparse,simd,1024,228,11084,0
2,sparse,simd,1024,229,11084,0
2,sparse,simd,1024,230,11083,0
2,sparse,simd,1024,231,11042,0
2,sparse,simd,1024,232,11041,0
2,sparse,simd,1024,233,11042,0
2,sparse,simd,1024,234,11084,0
2,sparse,simd,1024,235,11083,0
2,sparse,simd,1024,236,11000,0
2,sparse,simd,1024,237,11041,0
2,sparse,simd,1024,238,11042,0
2,sparse,simd,1024,239,11083,0
2,sparse,simd,1024,240,11041,0
2,sparse,simd,1024,241,11084,0
2,sparse,simd,1024,242,11083,0
2,sparse,simd,1024,243,11083,0
2,sparse,simd,1024,244,11042,0
2,sparse,simd,1024,245,11000,0
2,sparse,simd,1024,246,11083,0
2,sparse,simd,1024,247,11125,0
2,sparse,simd,1024,248,11084,0
2,sparse,simd,1024,249,11041,0
2,sparse,simd,1024,250,11000,0
2,sparse,simd,1024,251,11083,0
2,sparse,simd,1024,252,11042,0
2,sparse,simd,1024,253,11125,0
2,sparse,simd,1024,254,11083,0
2,sparse,simd,1024,255,11083,0
2,sparse,simd,1024,256,11125,0
2,sparse,simd,1024,257,11084,0
2,sparse,simd,1024,258,11041,0
2,sparse,simd,1024,259,11125,0
2,sparse,simd,1024,260,11084,0
2,sparse,simd,1024,261,11125,0
2,sparse,simd,1024,262,11083,0
2,sparse,simd,1024,263,11042,0
2,sparse,simd,1024,264,11000,0
2,sparse,simd,1024,265,11042,0
2,sparse,simd,1024,266,11042,0
2,sparse,simd,1024,267,11083,0
2,sparse,simd,1024,268,11042,0
2,sparse,simd,1024,269,11084,0
2,sparse,simd,1024,270,11041,0
2,sparse,simd,1024,271,11042,0
2,sparse,simd,1024,272,11041,0
2,sparse,simd,1024,273,11042,0
2,sparse,simd,1024,274,11042,0
2,sparse,simd,1024,275,11042,0
2,sparse,simd,1024,276,11083,0
2,sparse,simd,1024,277,11042,0
2,sparse,simd,1024,278,11041,0
2,sparse,simd,1024,279,11042,0
2,sparse,simd,1024,280,11125,0
2,sparse,simd,1024,281,11083,0
2,sparse,simd,1024,282,11042,0
2,sparse,simd,1024,283,11041,0
2,sparse,simd,1024,284,11042,0
2,sparse,simd,1024,285,11041,0
2,sparse,simd,1024,286,11084,0
2,sparse,simd,1024,287,11042,0
2,sparse,simd,1024,288,11042,0
2,sparse,simd,1024,289,11000,0
2,sparse,simd,1024,290,11042,0
2,sparse,simd,1024,291,11041,0
2,sparse,simd,1024,292,11083,0
2,sparse,simd,1024,293,11042,0
2,sparse,simd,1024,294,11000,0
2,sparse,simd,1024,295,11083,0
2,sparse,simd,1024,296,11083,0
2,sparse,simd,1024,297,11042,0
2,sparse,simd,1024,298,11083,0
2,sparse,simd,1024,299,11042,0
2,dense,scalar_indirect,1024,0,77208,3858
2,dense,scalar_indirect,1024,1,76958,3858
2,dense,scalar_indirect,1024,2,77041,3858
2,dense,scalar_indirect,1024,3,77167,3858
2,dense,scalar_indirect,1024,4,77083,3858
2,dense,scalar_indirect,1024,5,77125,3858
2,dense,scalar_indirect,1024,6,77167,3858
2,dense,scalar_indirect,1024,7,77208,3858
2,dense,scalar_indirect,1024,8,77125,3858
2,dense,scalar_indirect,1024,9,77083,3858
2,dense,scalar_indirect,1024,10,77084,3858
2,dense,scalar_indirect,1024,11,77000,3858
2,dense,scalar_indirect,1024,12,77042,3858
2,dense,scalar_indirect,1024,13,77166,3858
2,dense,scalar_indirect,1024,14,77000,3858
2,dense,scalar_indirect,1024,15,77167,3858
2,dense,scalar_indirect,1024,16,77167,3858
2,dense,scalar_indirect,1024,17,77166,3858
2,dense,scalar_indirect,1024,18,77125,3858
2,dense,scalar_indirect,1024,19,77125,3858
2,dense,scalar_indirect,1024,20,77084,3858
2,dense,scalar_indirect,1024,21,77041,3858
2,dense,scalar_indirect,1024,22,77125,3858
2,dense,scalar_indirect,1024,23,77292,3858
2,dense,scalar_indirect,1024,24,77208,3858
2,dense,scalar_indirect,1024,25,77084,3858
2,dense,scalar_indirect,1024,26,76958,3858
2,dense,scalar_indirect,1024,27,77125,3858
2,dense,scalar_indirect,1024,28,77166,3858
2,dense,scalar_indirect,1024,29,77125,3858
2,dense,scalar_indirect,1024,30,77125,3858
2,dense,scalar_indirect,1024,31,77166,3858
2,dense,scalar_indirect,1024,32,77167,3858
2,dense,scalar_indirect,1024,33,77166,3858
2,dense,scalar_indirect,1024,34,77209,3858
2,dense,scalar_indirect,1024,35,77209,3858
2,dense,scalar_indirect,1024,36,77166,3858
2,dense,scalar_indirect,1024,37,77042,3858
2,dense,scalar_indirect,1024,38,77166,3858
2,dense,scalar_indirect,1024,39,77083,3858
2,dense,scalar_indirect,1024,40,77167,3858
2,dense,scalar_indirect,1024,41,77167,3858
2,dense,scalar_indirect,1024,42,77083,3858
2,dense,scalar_indirect,1024,43,77125,3858
2,dense,scalar_indirect,1024,44,77167,3858
2,dense,scalar_indirect,1024,45,77208,3858
2,dense,scalar_indirect,1024,46,77167,3858
2,dense,scalar_indirect,1024,47,77125,3858
2,dense,scalar_indirect,1024,48,77167,3858
2,dense,scalar_indirect,1024,49,77208,3858
2,dense,scalar_indirect,1024,50,77208,3858
2,dense,scalar_indirect,1024,51,77167,3858
2,dense,scalar_indirect,1024,52,77083,3858
2,dense,scalar_indirect,1024,53,77167,3858
2,dense,scalar_indirect,1024,54,77166,3858
2,dense,scalar_indirect,1024,55,77125,3858
2,dense,scalar_indirect,1024,56,77083,3858
2,dense,scalar_indirect,1024,57,77167,3858
2,dense,scalar_indirect,1024,58,77291,3858
2,dense,scalar_indirect,1024,59,77250,3858
2,dense,scalar_indirect,1024,60,77167,3858
2,dense,scalar_indirect,1024,61,77250,3858
2,dense,scalar_indirect,1024,62,77208,3858
2,dense,scalar_indirect,1024,63,77375,3858
2,dense,scalar_indirect,1024,64,77292,3858
2,dense,scalar_indirect,1024,65,77208,3858
2,dense,scalar_indirect,1024,66,77250,3858
2,dense,scalar_indirect,1024,67,77250,3858
2,dense,scalar_indirect,1024,68,77250,3858
2,dense,scalar_indirect,1024,69,77125,3858
2,dense,scalar_indirect,1024,70,77083,3858
2,dense,scalar_indirect,1024,71,77083,3858
2,dense,scalar_indirect,1024,72,77125,3858
2,dense,scalar_indirect,1024,73,77125,3858
2,dense,scalar_indirect,1024,74,77208,3858
2,dense,scalar_indirect,1024,75,77167,3858
2,dense,scalar_indirect,1024,76,77041,3858
2,dense,scalar_indirect,1024,77,77042,3858
2,dense,scalar_indirect,1024,78,77125,3858
2,dense,scalar_indirect,1024,79,77250,3858
2,dense,scalar_indirect,1024,80,77000,3858
2,dense,scalar_indirect,1024,81,77208,3858
2,dense,scalar_indirect,1024,82,77209,3858
2,dense,scalar_indirect,1024,83,77125,3858
2,dense,scalar_indirect,1024,84,77125,3858
2,dense,scalar_indirect,1024,85,77083,3858
2,dense,scalar_indirect,1024,86,77042,3858
2,dense,scalar_indirect,1024,87,77167,3858
2,dense,scalar_indirect,1024,88,77083,3858
2,dense,scalar_indirect,1024,89,77250,3858
2,dense,scalar_indirect,1024,90,77125,3858
2,dense,scalar_indirect,1024,91,77125,3858
2,dense,scalar_indirect,1024,92,76959,3858
2,dense,scalar_indirect,1024,93,77209,3858
2,dense,scalar_indirect,1024,94,77291,3858
2,dense,scalar_indirect,1024,95,77209,3858
2,dense,scalar_indirect,1024,96,77125,3858
2,dense,scalar_indirect,1024,97,77125,3858
2,dense,scalar_indirect,1024,98,77125,3858
2,dense,scalar_indirect,1024,99,77166,3858
2,dense,scalar_indirect,1024,100,77334,3858
2,dense,scalar_indirect,1024,101,77042,3858
2,dense,scalar_indirect,1024,102,77167,3858
2,dense,scalar_indirect,1024,103,77125,3858
2,dense,scalar_indirect,1024,104,77167,3858
2,dense,scalar_indirect,1024,105,77125,3858
2,dense,scalar_indirect,1024,106,77125,3858
2,dense,scalar_indirect,1024,107,77084,3858
2,dense,scalar_indirect,1024,108,77208,3858
2,dense,scalar_indirect,1024,109,77041,3858
2,dense,scalar_indirect,1024,110,77083,3858
2,dense,scalar_indirect,1024,111,77125,3858
2,dense,scalar_indirect,1024,112,77000,3858
2,dense,scalar_indirect,1024,113,77083,3858
2,dense,scalar_indirect,1024,114,77083,3858
2,dense,scalar_indirect,1024,115,77292,3858
2,dense,scalar_indirect,1024,116,77000,3858
2,dense,scalar_indirect,1024,117,77083,3858
2,dense,scalar_indirect,1024,118,77042,3858
2,dense,scalar_indirect,1024,119,77125,3858
2,dense,scalar_indirect,1024,120,77166,3858
2,dense,scalar_indirect,1024,121,77083,3858
2,dense,scalar_indirect,1024,122,77167,3858
2,dense,scalar_indirect,1024,123,77042,3858
2,dense,scalar_indirect,1024,124,77084,3858
2,dense,scalar_indirect,1024,125,77125,3858
2,dense,scalar_indirect,1024,126,77000,3858
2,dense,scalar_indirect,1024,127,77084,3858
2,dense,scalar_indirect,1024,128,78750,3858
2,dense,scalar_indirect,1024,129,77042,3858
2,dense,scalar_indirect,1024,130,77042,3858
2,dense,scalar_indirect,1024,131,76958,3858
2,dense,scalar_indirect,1024,132,77000,3858
2,dense,scalar_indirect,1024,133,77125,3858
2,dense,scalar_indirect,1024,134,77167,3858
2,dense,scalar_indirect,1024,135,77208,3858
2,dense,scalar_indirect,1024,136,77042,3858
2,dense,scalar_indirect,1024,137,77041,3858
2,dense,scalar_indirect,1024,138,76958,3858
2,dense,scalar_indirect,1024,139,76959,3858
2,dense,scalar_indirect,1024,140,77000,3858
2,dense,scalar_indirect,1024,141,77125,3858
2,dense,scalar_indirect,1024,142,77042,3858
2,dense,scalar_indirect,1024,143,77041,3858
2,dense,scalar_indirect,1024,144,77000,3858
2,dense,scalar_indirect,1024,145,77083,3858
2,dense,scalar_indirect,1024,146,77167,3858
2,dense,scalar_indirect,1024,147,77042,3858
2,dense,scalar_indirect,1024,148,77000,3858
2,dense,scalar_indirect,1024,149,77042,3858
2,dense,scalar_indirect,1024,150,77042,3858
2,dense,scalar_indirect,1024,151,77041,3858
2,dense,scalar_indirect,1024,152,77125,3858
2,dense,scalar_indirect,1024,153,77042,3858
2,dense,scalar_indirect,1024,154,77084,3858
2,dense,scalar_indirect,1024,155,77166,3858
2,dense,scalar_indirect,1024,156,77084,3858
2,dense,scalar_indirect,1024,157,77125,3858
2,dense,scalar_indirect,1024,158,76917,3858
2,dense,scalar_indirect,1024,159,77166,3858
2,dense,scalar_indirect,1024,160,77167,3858
2,dense,scalar_indirect,1024,161,77167,3858
2,dense,scalar_indirect,1024,162,77083,3858
2,dense,scalar_indirect,1024,163,77083,3858
2,dense,scalar_indirect,1024,164,77084,3858
2,dense,scalar_indirect,1024,165,77084,3858
2,dense,scalar_indirect,1024,166,77042,3858
2,dense,scalar_indirect,1024,167,77167,3858
2,dense,scalar_indirect,1024,168,77041,3858
2,dense,scalar_indirect,1024,169,77125,3858
2,dense,scalar_indirect,1024,170,77167,3858
2,dense,scalar_indirect,1024,171,77083,3858
2,dense,scalar_indirect,1024,172,77083,3858
2,dense,scalar_indirect,1024,173,76958,3858
2,dense,scalar_indirect,1024,174,77042,3858
2,dense,scalar_indirect,1024,175,77167,3858
2,dense,scalar_indirect,1024,176,77208,3858
2,dense,scalar_indirect,1024,177,77208,3858
2,dense,scalar_indirect,1024,178,77000,3858
2,dense,scalar_indirect,1024,179,77083,3858
2,dense,scalar_indirect,1024,180,77042,3858
2,dense,scalar_indirect,1024,181,79833,3858
2,dense,scalar_indirect,1024,182,78333,3858
2,dense,scalar_indirect,1024,183,77750,3858
2,dense,scalar_indirect,1024,184,77042,3858
2,dense,scalar_indirect,1024,185,77167,3858
2,dense,scalar_indirect,1024,186,77208,3858
2,dense,scalar_indirect,1024,187,77209,3858
2,dense,scalar_indirect,1024,188,77000,3858
2,dense,scalar_indirect,1024,189,77125,3858
2,dense,scalar_indirect,1024,190,77000,3858
2,dense,scalar_indirect,1024,191,77250,3858
2,dense,scalar_indirect,1024,192,77083,3858
2,dense,scalar_indirect,1024,193,77042,3858
2,dense,scalar_indirect,1024,194,77125,3858
2,dense,scalar_indirect,1024,195,77167,3858
2,dense,scalar_indirect,1024,196,77125,3858
2,dense,scalar_indirect,1024,197,77125,3858
2,dense,scalar_indirect,1024,198,77041,3858
2,dense,scalar_indirect,1024,199,77042,3858
2,dense,scalar_indirect,1024,200,77041,3858
2,dense,scalar_indirect,1024,201,77167,3858
2,dense,scalar_indirect,1024,202,77167,3858
2,dense,scalar_indirect,1024,203,77166,3858
2,dense,scalar_indirect,1024,204,77167,3858
2,dense,scalar_indirect,1024,205,77125,3858
2,dense,scalar_indirect,1024,206,77125,3858
2,dense,scalar_indirect,1024,207,77166,3858
2,dense,scalar_indirect,1024,208,77209,3858
2,dense,scalar_indirect,1024,209,77208,3858
2,dense,scalar_indirect,1024,210,77042,3858
2,dense,scalar_indirect,1024,211,77084,3858
2,dense,scalar_indirect,1024,212,77209,3858
2,dense,scalar_indirect,1024,213,77125,3858
2,dense,scalar_indirect,1024,214,77041,3858
2,dense,scalar_indirect,1024,215,77125,3858
2,dense,scalar_indirect,1024,216,77166,3858
2,dense,scalar_indirect,1024,217,77167,3858
2,dense,scalar_indirect,1024,218,77042,3858
2,dense,scalar_indirect,1024,219,77125,3858
2,dense,scalar_indirect,1024,220,77042,3858
2,dense,scalar_indirect,1024,221,77000,3858
2,dense,scalar_indirect,1024,222,77000,3858
2,dense,scalar_indirect,1024,223,77084,3858
2,dense,scalar_indirect,1024,224,76959,3858
2,dense,scalar_indirect,1024,225,77042,3858
2,dense,scalar_indirect,1024,226,77083,3858
2,dense,scalar_indirect,1024,227,77250,3858
2,dense,scalar_indirect,1024,228,77167,3858
2,dense,scalar_indirect,1024,229,77208,3858
2,dense,scalar_indirect,1024,230,77042,3858
2,dense,scalar_indirect,1024,231,77166,3858
2,dense,scalar_indirect,1024,232,77084,3858
2,dense,scalar_indirect,1024,233,77042,3858
2,dense,scalar_indirect,1024,234,77125,3858
2,dense,scalar_indirect,1024,235,77083,3858
2,dense,scalar_indirect,1024,236,77125,3858
2,dense,scalar_indirect,1024,237,77208,3858
2,dense,scalar_indirect,1024,238,77166,3858
2,dense,scalar_indirect,1024,239,77084,3858
2,dense,scalar_indirect,1024,240,77166,3858
2,dense,scalar_indirect,1024,241,77167,3858
2,dense,scalar_indirect,1024,242,77083,3858
2,dense,scalar_indirect,1024,243,77125,3858
2,dense,scalar_indirect,1024,244,76959,3858
2,dense,scalar_indirect,1024,245,77042,3858
2,dense,scalar_indirect,1024,246,77042,3858
2,dense,scalar_indirect,1024,247,77083,3858
2,dense,scalar_indirect,1024,248,77000,3858
2,dense,scalar_indirect,1024,249,77083,3858
2,dense,scalar_indirect,1024,250,76917,3858
2,dense,scalar_indirect,1024,251,77209,3858
2,dense,scalar_indirect,1024,252,77291,3858
2,dense,scalar_indirect,1024,253,77125,3858
2,dense,scalar_indirect,1024,254,76958,3858
2,dense,scalar_indirect,1024,255,77167,3858
2,dense,scalar_indirect,1024,256,77083,3858
2,dense,scalar_indirect,1024,257,77000,3858
2,dense,scalar_indirect,1024,258,78708,3858
2,dense,scalar_indirect,1024,259,77000,3858
2,dense,scalar_indirect,1024,260,77084,3858
2,dense,scalar_indirect,1024,261,77166,3858
2,dense,scalar_indirect,1024,262,77042,3858
2,dense,scalar_indirect,1024,263,77125,3858
2,dense,scalar_indirect,1024,264,77041,3858
2,dense,scalar_indirect,1024,265,77042,3858
2,dense,scalar_indirect,1024,266,77000,3858
2,dense,scalar_indirect,1024,267,77041,3858
2,dense,scalar_indirect,1024,268,77125,3858
2,dense,scalar_indirect,1024,269,77042,3858
2,dense,scalar_indirect,1024,270,77042,3858
2,dense,scalar_indirect,1024,271,77042,3858
2,dense,scalar_indirect,1024,272,77041,3858
2,dense,scalar_indirect,1024,273,77250,3858
2,dense,scalar_indirect,1024,274,80667,3858
2,dense,scalar_indirect,1024,275,77125,3858
2,dense,scalar_indirect,1024,276,77166,3858
2,dense,scalar_indirect,1024,277,77167,3858
2,dense,scalar_indirect,1024,278,77166,3858
2,dense,scalar_indirect,1024,279,77125,3858
2,dense,scalar_indirect,1024,280,77000,3858
2,dense,scalar_indirect,1024,281,77084,3858
2,dense,scalar_indirect,1024,282,77125,3858
2,dense,scalar_indirect,1024,283,77166,3858
2,dense,scalar_indirect,1024,284,77042,3858
2,dense,scalar_indirect,1024,285,77208,3858
2,dense,scalar_indirect,1024,286,77042,3858
2,dense,scalar_indirect,1024,287,77166,3858
2,dense,scalar_indirect,1024,288,77292,3858
2,dense,scalar_indirect,1024,289,77167,3858
2,dense,scalar_indirect,1024,290,77000,3858
2,dense,scalar_indirect,1024,291,77000,3858
2,dense,scalar_indirect,1024,292,76959,3858
2,dense,scalar_indirect,1024,293,77167,3858
2,dense,scalar_indirect,1024,294,77125,3858
2,dense,scalar_indirect,1024,295,77083,3858
2,dense,scalar_indirect,1024,296,77125,3858
2,dense,scalar_indirect,1024,297,77083,3858
2,dense,scalar_indirect,1024,298,77167,3858
2,dense,scalar_indirect,1024,299,77250,3858
2,dense,scalar_packed,1024,0,60583,3858
2,dense,scalar_packed,1024,1,60583,3858
2,dense,scalar_packed,1024,2,60541,3858
2,dense,scalar_packed,1024,3,60667,3858
2,dense,scalar_packed,1024,4,60750,3858
2,dense,scalar_packed,1024,5,60625,3858
2,dense,scalar_packed,1024,6,60625,3858
2,dense,scalar_packed,1024,7,60709,3858
2,dense,scalar_packed,1024,8,60625,3858
2,dense,scalar_packed,1024,9,60708,3858
2,dense,scalar_packed,1024,10,60667,3858
2,dense,scalar_packed,1024,11,60667,3858
2,dense,scalar_packed,1024,12,60708,3858
2,dense,scalar_packed,1024,13,60709,3858
2,dense,scalar_packed,1024,14,60625,3858
2,dense,scalar_packed,1024,15,60625,3858
2,dense,scalar_packed,1024,16,60667,3858
2,dense,scalar_packed,1024,17,60708,3858
2,dense,scalar_packed,1024,18,60583,3858
2,dense,scalar_packed,1024,19,60750,3858
2,dense,scalar_packed,1024,20,60625,3858
2,dense,scalar_packed,1024,21,60541,3858
2,dense,scalar_packed,1024,22,60583,3858
2,dense,scalar_packed,1024,23,60667,3858
2,dense,scalar_packed,1024,24,60667,3858
2,dense,scalar_packed,1024,25,60625,3858
2,dense,scalar_packed,1024,26,60667,3858
2,dense,scalar_packed,1024,27,60708,3858
2,dense,scalar_packed,1024,28,60750,3858
2,dense,scalar_packed,1024,29,60750,3858
2,dense,scalar_packed,1024,30,60542,3858
2,dense,scalar_packed,1024,31,60625,3858
2,dense,scalar_packed,1024,32,60625,3858
2,dense,scalar_packed,1024,33,60625,3858
2,dense,scalar_packed,1024,34,60667,3858
2,dense,scalar_packed,1024,35,60792,3858
2,dense,scalar_packed,1024,36,60708,3858
2,dense,scalar_packed,1024,37,60750,3858
2,dense,scalar_packed,1024,38,60708,3858
2,dense,scalar_packed,1024,39,60667,3858
2,dense,scalar_packed,1024,40,60666,3858
2,dense,scalar_packed,1024,41,60792,3858
2,dense,scalar_packed,1024,42,60667,3858
2,dense,scalar_packed,1024,43,60666,3858
2,dense,scalar_packed,1024,44,60709,3858
2,dense,scalar_packed,1024,45,60583,3858
2,dense,scalar_packed,1024,46,60667,3858
2,dense,scalar_packed,1024,47,60459,3858
2,dense,scalar_packed,1024,48,60667,3858
2,dense,scalar_packed,1024,49,60708,3858
2,dense,scalar_packed,1024,50,60708,3858
2,dense,scalar_packed,1024,51,60709,3858
2,dense,scalar_packed,1024,52,60708,3858
2,dense,scalar_packed,1024,53,60667,3858
2,dense,scalar_packed,1024,54,60583,3858
2,dense,scalar_packed,1024,55,60666,3858
2,dense,scalar_packed,1024,56,60750,3858
2,dense,scalar_packed,1024,57,60583,3858
2,dense,scalar_packed,1024,58,60667,3858
2,dense,scalar_packed,1024,59,62208,3858
2,dense,scalar_packed,1024,60,60667,3858
2,dense,scalar_packed,1024,61,60625,3858
2,dense,scalar_packed,1024,62,60583,3858
2,dense,scalar_packed,1024,63,60750,3858
2,dense,scalar_packed,1024,64,60666,3858
2,dense,scalar_packed,1024,65,60667,3858
2,dense,scalar_packed,1024,66,60625,3858
2,dense,scalar_packed,1024,67,60500,3858
2,dense,scalar_packed,1024,68,60667,3858
2,dense,scalar_packed,1024,69,60667,3858
2,dense,scalar_packed,1024,70,60708,3858
2,dense,scalar_packed,1024,71,60708,3858
2,dense,scalar_packed,1024,72,60625,3858
2,dense,scalar_packed,1024,73,60667,3858
2,dense,scalar_packed,1024,74,60666,3858
2,dense,scalar_packed,1024,75,60625,3858
2,dense,scalar_packed,1024,76,60625,3858
2,dense,scalar_packed,1024,77,60708,3858
2,dense,scalar_packed,1024,78,63459,3858
2,dense,scalar_packed,1024,79,61375,3858
2,dense,scalar_packed,1024,80,61208,3858
2,dense,scalar_packed,1024,81,60667,3858
2,dense,scalar_packed,1024,82,60625,3858
2,dense,scalar_packed,1024,83,60584,3858
2,dense,scalar_packed,1024,84,60583,3858
2,dense,scalar_packed,1024,85,60583,3858
2,dense,scalar_packed,1024,86,60583,3858
2,dense,scalar_packed,1024,87,60625,3858
2,dense,scalar_packed,1024,88,60750,3858
2,dense,scalar_packed,1024,89,60625,3858
2,dense,scalar_packed,1024,90,60584,3858
2,dense,scalar_packed,1024,91,60584,3858
2,dense,scalar_packed,1024,92,60541,3858
2,dense,scalar_packed,1024,93,60875,3858
2,dense,scalar_packed,1024,94,60667,3858
2,dense,scalar_packed,1024,95,60750,3858
2,dense,scalar_packed,1024,96,60625,3858
2,dense,scalar_packed,1024,97,60791,3858
2,dense,scalar_packed,1024,98,60667,3858
2,dense,scalar_packed,1024,99,60542,3858
2,dense,scalar_packed,1024,100,60625,3858
2,dense,scalar_packed,1024,101,69791,3858
2,dense,scalar_packed,1024,102,61375,3858
2,dense,scalar_packed,1024,103,60667,3858
2,dense,scalar_packed,1024,104,60583,3858
2,dense,scalar_packed,1024,105,60667,3858
2,dense,scalar_packed,1024,106,60708,3858
2,dense,scalar_packed,1024,107,60584,3858
2,dense,scalar_packed,1024,108,60709,3858
2,dense,scalar_packed,1024,109,60625,3858
2,dense,scalar_packed,1024,110,60625,3858
2,dense,scalar_packed,1024,111,60667,3858
2,dense,scalar_packed,1024,112,60750,3858
2,dense,scalar_packed,1024,113,60625,3858
2,dense,scalar_packed,1024,114,60708,3858
2,dense,scalar_packed,1024,115,60625,3858
2,dense,scalar_packed,1024,116,60667,3858
2,dense,scalar_packed,1024,117,60666,3858
2,dense,scalar_packed,1024,118,60583,3858
2,dense,scalar_packed,1024,119,60625,3858
2,dense,scalar_packed,1024,120,60625,3858
2,dense,scalar_packed,1024,121,60667,3858
2,dense,scalar_packed,1024,122,60709,3858
2,dense,scalar_packed,1024,123,60666,3858
2,dense,scalar_packed,1024,124,60667,3858
2,dense,scalar_packed,1024,125,60833,3858
2,dense,scalar_packed,1024,126,60708,3858
2,dense,scalar_packed,1024,127,60625,3858
2,dense,scalar_packed,1024,128,60750,3858
2,dense,scalar_packed,1024,129,60750,3858
2,dense,scalar_packed,1024,130,60667,3858
2,dense,scalar_packed,1024,131,60625,3858
2,dense,scalar_packed,1024,132,60833,3858
2,dense,scalar_packed,1024,133,60708,3858
2,dense,scalar_packed,1024,134,60583,3858
2,dense,scalar_packed,1024,135,60667,3858
2,dense,scalar_packed,1024,136,60666,3858
2,dense,scalar_packed,1024,137,60625,3858
2,dense,scalar_packed,1024,138,60833,3858
2,dense,scalar_packed,1024,139,60542,3858
2,dense,scalar_packed,1024,140,60583,3858
2,dense,scalar_packed,1024,141,60583,3858
2,dense,scalar_packed,1024,142,60583,3858
2,dense,scalar_packed,1024,143,60625,3858
2,dense,scalar_packed,1024,144,60833,3858
2,dense,scalar_packed,1024,145,60667,3858
2,dense,scalar_packed,1024,146,60667,3858
2,dense,scalar_packed,1024,147,60584,3858
2,dense,scalar_packed,1024,148,60667,3858
2,dense,scalar_packed,1024,149,60541,3858
2,dense,scalar_packed,1024,150,60792,3858
2,dense,scalar_packed,1024,151,60792,3858
2,dense,scalar_packed,1024,152,60666,3858
2,dense,scalar_packed,1024,153,60709,3858
2,dense,scalar_packed,1024,154,60750,3858
2,dense,scalar_packed,1024,155,60666,3858
2,dense,scalar_packed,1024,156,60708,3858
2,dense,scalar_packed,1024,157,60792,3858
2,dense,scalar_packed,1024,158,60667,3858
2,dense,scalar_packed,1024,159,60750,3858
2,dense,scalar_packed,1024,160,60583,3858
2,dense,scalar_packed,1024,161,60583,3858
2,dense,scalar_packed,1024,162,60666,3858
2,dense,scalar_packed,1024,163,60667,3858
2,dense,scalar_packed,1024,164,60708,3858
2,dense,scalar_packed,1024,165,60625,3858
2,dense,scalar_packed,1024,166,60583,3858
2,dense,scalar_packed,1024,167,60667,3858
2,dense,scalar_packed,1024,168,60583,3858
2,dense,scalar_packed,1024,169,60625,3858
2,dense,scalar_packed,1024,170,60708,3858
2,dense,scalar_packed,1024,171,60666,3858
2,dense,scalar_packed,1024,172,60584,3858
2,dense,scalar_packed,1024,173,60459,3858
2,dense,scalar_packed,1024,174,60625,3858
2,dense,scalar_packed,1024,175,60584,3858
2,dense,scalar_packed,1024,176,60625,3858
2,dense,scalar_packed,1024,177,60667,3858
2,dense,scalar_packed,1024,178,60583,3858
2,dense,scalar_packed,1024,179,60542,3858
2,dense,scalar_packed,1024,180,60583,3858
2,dense,scalar_packed,1024,181,60708,3858
2,dense,scalar_packed,1024,182,60625,3858
2,dense,scalar_packed,1024,183,60791,3858
2,dense,scalar_packed,1024,184,60667,3858
2,dense,scalar_packed,1024,185,60625,3858
2,dense,scalar_packed,1024,186,63708,3858
2,dense,scalar_packed,1024,187,65167,3858
2,dense,scalar_packed,1024,188,65667,3858
2,dense,scalar_packed,1024,189,67417,3858
2,dense,scalar_packed,1024,190,64291,3858
2,dense,scalar_packed,1024,191,60584,3858
2,dense,scalar_packed,1024,192,60667,3858
2,dense,scalar_packed,1024,193,60750,3858
2,dense,scalar_packed,1024,194,60708,3858
2,dense,scalar_packed,1024,195,60667,3858
2,dense,scalar_packed,1024,196,60708,3858
2,dense,scalar_packed,1024,197,60709,3858
2,dense,scalar_packed,1024,198,60625,3858
2,dense,scalar_packed,1024,199,60709,3858
2,dense,scalar_packed,1024,200,60708,3858
2,dense,scalar_packed,1024,201,60708,3858
2,dense,scalar_packed,1024,202,60625,3858
2,dense,scalar_packed,1024,203,60708,3858
2,dense,scalar_packed,1024,204,60667,3858
2,dense,scalar_packed,1024,205,60625,3858
2,dense,scalar_packed,1024,206,60667,3858
2,dense,scalar_packed,1024,207,60708,3858
2,dense,scalar_packed,1024,208,60708,3858
2,dense,scalar_packed,1024,209,60709,3858
2,dense,scalar_packed,1024,210,60625,3858
2,dense,scalar_packed,1024,211,60542,3858
2,dense,scalar_packed,1024,212,60708,3858
2,dense,scalar_packed,1024,213,60583,3858
2,dense,scalar_packed,1024,214,60667,3858
2,dense,scalar_packed,1024,215,60708,3858
2,dense,scalar_packed,1024,216,60750,3858
2,dense,scalar_packed,1024,217,60625,3858
2,dense,scalar_packed,1024,218,60583,3858
2,dense,scalar_packed,1024,219,60583,3858
2,dense,scalar_packed,1024,220,60750,3858
2,dense,scalar_packed,1024,221,60584,3858
2,dense,scalar_packed,1024,222,60709,3858
2,dense,scalar_packed,1024,223,62541,3858
2,dense,scalar_packed,1024,224,60708,3858
2,dense,scalar_packed,1024,225,60709,3858
2,dense,scalar_packed,1024,226,60625,3858
2,dense,scalar_packed,1024,227,60709,3858
2,dense,scalar_packed,1024,228,60833,3858
2,dense,scalar_packed,1024,229,60667,3858
2,dense,scalar_packed,1024,230,60666,3858
2,dense,scalar_packed,1024,231,60750,3858
2,dense,scalar_packed,1024,232,60667,3858
2,dense,scalar_packed,1024,233,60583,3858
2,dense,scalar_packed,1024,234,60750,3858
2,dense,scalar_packed,1024,235,60834,3858
2,dense,scalar_packed,1024,236,60750,3858
2,dense,scalar_packed,1024,237,60667,3858
2,dense,scalar_packed,1024,238,60792,3858
2,dense,scalar_packed,1024,239,60666,3858
2,dense,scalar_packed,1024,240,60625,3858
2,dense,scalar_packed,1024,241,60791,3858
2,dense,scalar_packed,1024,242,60709,3858
2,dense,scalar_packed,1024,243,60583,3858
2,dense,scalar_packed,1024,244,60666,3858
2,dense,scalar_packed,1024,245,60625,3858
2,dense,scalar_packed,1024,246,60625,3858
2,dense,scalar_packed,1024,247,60625,3858
2,dense,scalar_packed,1024,248,60709,3858
2,dense,scalar_packed,1024,249,60542,3858
2,dense,scalar_packed,1024,250,60667,3858
2,dense,scalar_packed,1024,251,60583,3858
2,dense,scalar_packed,1024,252,60583,3858
2,dense,scalar_packed,1024,253,60750,3858
2,dense,scalar_packed,1024,254,60708,3858
2,dense,scalar_packed,1024,255,60584,3858
2,dense,scalar_packed,1024,256,60666,3858
2,dense,scalar_packed,1024,257,60625,3858
2,dense,scalar_packed,1024,258,60583,3858
2,dense,scalar_packed,1024,259,60709,3858
2,dense,scalar_packed,1024,260,60750,3858
2,dense,scalar_packed,1024,261,60792,3858
2,dense,scalar_packed,1024,262,60625,3858
2,dense,scalar_packed,1024,263,60625,3858
2,dense,scalar_packed,1024,264,60708,3858
2,dense,scalar_packed,1024,265,60708,3858
2,dense,scalar_packed,1024,266,60750,3858
2,dense,scalar_packed,1024,267,60584,3858
2,dense,scalar_packed,1024,268,60583,3858
2,dense,scalar_packed,1024,269,60708,3858
2,dense,scalar_packed,1024,270,60667,3858
2,dense,scalar_packed,1024,271,60625,3858
2,dense,scalar_packed,1024,272,60584,3858
2,dense,scalar_packed,1024,273,60750,3858
2,dense,scalar_packed,1024,274,60667,3858
2,dense,scalar_packed,1024,275,60583,3858
2,dense,scalar_packed,1024,276,60667,3858
2,dense,scalar_packed,1024,277,60666,3858
2,dense,scalar_packed,1024,278,60584,3858
2,dense,scalar_packed,1024,279,60667,3858
2,dense,scalar_packed,1024,280,60750,3858
2,dense,scalar_packed,1024,281,60625,3858
2,dense,scalar_packed,1024,282,60583,3858
2,dense,scalar_packed,1024,283,60625,3858
2,dense,scalar_packed,1024,284,60667,3858
2,dense,scalar_packed,1024,285,60750,3858
2,dense,scalar_packed,1024,286,60625,3858
2,dense,scalar_packed,1024,287,60666,3858
2,dense,scalar_packed,1024,288,60625,3858
2,dense,scalar_packed,1024,289,60584,3858
2,dense,scalar_packed,1024,290,60709,3858
2,dense,scalar_packed,1024,291,60750,3858
2,dense,scalar_packed,1024,292,60625,3858
2,dense,scalar_packed,1024,293,60708,3858
2,dense,scalar_packed,1024,294,60583,3858
2,dense,scalar_packed,1024,295,60667,3858
2,dense,scalar_packed,1024,296,60667,3858
2,dense,scalar_packed,1024,297,60666,3858
2,dense,scalar_packed,1024,298,60708,3858
2,dense,scalar_packed,1024,299,60583,3858
2,dense,simd,1024,0,51042,3858
2,dense,simd,1024,1,51042,3858
2,dense,simd,1024,2,50917,3858
2,dense,simd,1024,3,51000,3858
2,dense,simd,1024,4,51125,3858
2,dense,simd,1024,5,51083,3858
2,dense,simd,1024,6,51042,3858
2,dense,simd,1024,7,51083,3858
2,dense,simd,1024,8,51000,3858
2,dense,simd,1024,9,51000,3858
2,dense,simd,1024,10,50917,3858
2,dense,simd,1024,11,50958,3858
2,dense,simd,1024,12,50958,3858
2,dense,simd,1024,13,51000,3858
2,dense,simd,1024,14,51125,3858
2,dense,simd,1024,15,51250,3858
2,dense,simd,1024,16,51042,3858
2,dense,simd,1024,17,51500,3858
2,dense,simd,1024,18,53875,3858
2,dense,simd,1024,19,51666,3858
2,dense,simd,1024,20,51333,3858
2,dense,simd,1024,21,51000,3858
2,dense,simd,1024,22,51125,3858
2,dense,simd,1024,23,51208,3858
2,dense,simd,1024,24,51125,3858
2,dense,simd,1024,25,51083,3858
2,dense,simd,1024,26,50875,3858
2,dense,simd,1024,27,50958,3858
2,dense,simd,1024,28,51042,3858
2,dense,simd,1024,29,50958,3858
2,dense,simd,1024,30,51125,3858
2,dense,simd,1024,31,51000,3858
2,dense,simd,1024,32,51041,3858
2,dense,simd,1024,33,50833,3858
2,dense,simd,1024,34,51042,3858
2,dense,simd,1024,35,51000,3858
2,dense,simd,1024,36,51084,3858
2,dense,simd,1024,37,51083,3858
2,dense,simd,1024,38,51208,3858
2,dense,simd,1024,39,51208,3858
2,dense,simd,1024,40,51208,3858
2,dense,simd,1024,41,51250,3858
2,dense,simd,1024,42,51167,3858
2,dense,simd,1024,43,51000,3858
2,dense,simd,1024,44,50958,3858
2,dense,simd,1024,45,50958,3858
2,dense,simd,1024,46,50959,3858
2,dense,simd,1024,47,51042,3858
2,dense,simd,1024,48,50958,3858
2,dense,simd,1024,49,51000,3858
2,dense,simd,1024,50,50916,3858
2,dense,simd,1024,51,50917,3858
2,dense,simd,1024,52,52291,3858
2,dense,simd,1024,53,51083,3858
2,dense,simd,1024,54,51208,3858
2,dense,simd,1024,55,51083,3858
2,dense,simd,1024,56,51042,3858
2,dense,simd,1024,57,51000,3858
2,dense,simd,1024,58,51125,3858
2,dense,simd,1024,59,51125,3858
2,dense,simd,1024,60,51000,3858
2,dense,simd,1024,61,51208,3858
2,dense,simd,1024,62,51250,3858
2,dense,simd,1024,63,51209,3858
2,dense,simd,1024,64,51125,3858
2,dense,simd,1024,65,51209,3858
2,dense,simd,1024,66,51166,3858
2,dense,simd,1024,67,51042,3858
2,dense,simd,1024,68,51166,3858
2,dense,simd,1024,69,51292,3858
2,dense,simd,1024,70,51250,3858
2,dense,simd,1024,71,51083,3858
2,dense,simd,1024,72,51208,3858
2,dense,simd,1024,73,51167,3858
2,dense,simd,1024,74,51125,3858
2,dense,simd,1024,75,51084,3858
2,dense,simd,1024,76,51125,3858
2,dense,simd,1024,77,51334,3858
2,dense,simd,1024,78,51125,3858
2,dense,simd,1024,79,51125,3858
2,dense,simd,1024,80,51167,3858
2,dense,simd,1024,81,51125,3858
2,dense,simd,1024,82,51084,3858
2,dense,simd,1024,83,51166,3858
2,dense,simd,1024,84,51084,3858
2,dense,simd,1024,85,51208,3858
2,dense,simd,1024,86,51125,3858
2,dense,simd,1024,87,51000,3858
2,dense,simd,1024,88,51083,3858
2,dense,simd,1024,89,51042,3858
2,dense,simd,1024,90,51209,3858
2,dense,simd,1024,91,51084,3858
2,dense,simd,1024,92,51250,3858
2,dense,simd,1024,93,51250,3858
2,dense,simd,1024,94,51041,3858
2,dense,simd,1024,95,51000,3858
2,dense,simd,1024,96,51208,3858
2,dense,simd,1024,97,51250,3858
2,dense,simd,1024,98,51250,3858
2,dense,simd,1024,99,51125,3858
2,dense,simd,1024,100,51208,3858
2,dense,simd,1024,101,51208,3858
2,dense,simd,1024,102,51208,3858
2,dense,simd,1024,103,51250,3858
2,dense,simd,1024,104,51125,3858
2,dense,simd,1024,105,51041,3858
2,dense,simd,1024,106,51208,3858
2,dense,simd,1024,107,51084,3858
2,dense,simd,1024,108,51125,3858
2,dense,simd,1024,109,50959,3858
2,dense,simd,1024,110,51125,3858
2,dense,simd,1024,111,51208,3858
2,dense,simd,1024,112,51333,3858
2,dense,simd,1024,113,51292,3858
2,dense,simd,1024,114,51333,3858
2,dense,simd,1024,115,51125,3858
2,dense,simd,1024,116,51125,3858
2,dense,simd,1024,117,51042,3858
2,dense,simd,1024,118,51166,3858
2,dense,simd,1024,119,51167,3858
2,dense,simd,1024,120,51125,3858
2,dense,simd,1024,121,51083,3858
2,dense,simd,1024,122,51083,3858
2,dense,simd,1024,123,51167,3858
2,dense,simd,1024,124,51125,3858
2,dense,simd,1024,125,51042,3858
2,dense,simd,1024,126,51000,3858
2,dense,simd,1024,127,51000,3858
2,dense,simd,1024,128,51167,3858
2,dense,simd,1024,129,51000,3858
2,dense,simd,1024,130,51083,3858
2,dense,simd,1024,131,51167,3858
2,dense,simd,1024,132,51250,3858
2,dense,simd,1024,133,51083,3858
2,dense,simd,1024,134,50916,3858
2,dense,simd,1024,135,51167,3858
2,dense,simd,1024,136,51250,3858
2,dense,simd,1024,137,51000,3858
2,dense,simd,1024,138,51125,3858
2,dense,simd,1024,139,51250,3858
2,dense,simd,1024,140,51125,3858
2,dense,simd,1024,141,51083,3858
2,dense,simd,1024,142,51125,3858
2,dense,simd,1024,143,51250,3858
2,dense,simd,1024,144,51125,3858
2,dense,simd,1024,145,51125,3858
2,dense,simd,1024,146,51125,3858
2,dense,simd,1024,147,51208,3858
2,dense,simd,1024,148,51000,3858
2,dense,simd,1024,149,51166,3858
2,dense,simd,1024,150,51084,3858
2,dense,simd,1024,151,51083,3858
2,dense,simd,1024,152,51083,3858
2,dense,simd,1024,153,51042,3858
2,dense,simd,1024,154,51125,3858
2,dense,simd,1024,155,51000,3858
2,dense,simd,1024,156,51125,3858
2,dense,simd,1024,157,51042,3858
2,dense,simd,1024,158,50958,3858
2,dense,simd,1024,159,50958,3858
2,dense,simd,1024,160,51000,3858
2,dense,simd,1024,161,51000,3858
2,dense,simd,1024,162,51167,3858
2,dense,simd,1024,163,51000,3858
2,dense,simd,1024,164,51166,3858
2,dense,simd,1024,165,51083,3858
2,dense,simd,1024,166,51167,3858
2,dense,simd,1024,167,51125,3858
2,dense,simd,1024,168,50959,3858
2,dense,simd,1024,169,50959,3858
2,dense,simd,1024,170,51166,3858
2,dense,simd,1024,171,51084,3858
2,dense,simd,1024,172,51042,3858
2,dense,simd,1024,173,50958,3858
2,dense,simd,1024,174,51000,3858
2,dense,simd,1024,175,51083,3858
2,dense,simd,1024,176,51042,3858
2,dense,simd,1024,177,51042,3858
2,dense,simd,1024,178,51084,3858
2,dense,simd,1024,179,51042,3858
2,dense,simd,1024,180,51083,3858
2,dense,simd,1024,181,51167,3858
2,dense,simd,1024,182,51041,3858
2,dense,simd,1024,183,51000,3858
2,dense,simd,1024,184,51041,3858
2,dense,simd,1024,185,51084,3858
2,dense,simd,1024,186,51041,3858
2,dense,simd,1024,187,51000,3858
2,dense,simd,1024,188,51041,3858
2,dense,simd,1024,189,51042,3858
2,dense,simd,1024,190,50916,3858
2,dense,simd,1024,191,51042,3858
2,dense,simd,1024,192,51000,3858
2,dense,simd,1024,193,51042,3858
2,dense,simd,1024,194,51000,3858
2,dense,simd,1024,195,51166,3858
2,dense,simd,1024,196,51042,3858
2,dense,simd,1024,197,51125,3858
2,dense,simd,1024,198,51166,3858
2,dense,simd,1024,199,51084,3858
2,dense,simd,1024,200,51042,3858
2,dense,simd,1024,201,51042,3858
2,dense,simd,1024,202,51166,3858
2,dense,simd,1024,203,51083,3858
2,dense,simd,1024,204,51125,3858
2,dense,simd,1024,205,51083,3858
2,dense,simd,1024,206,51125,3858
2,dense,simd,1024,207,51083,3858
2,dense,simd,1024,208,51083,3858
2,dense,simd,1024,209,51292,3858
2,dense,simd,1024,210,50875,3858
2,dense,simd,1024,211,51000,3858
2,dense,simd,1024,212,51042,3858
2,dense,simd,1024,213,50916,3858
2,dense,simd,1024,214,51000,3858
2,dense,simd,1024,215,51000,3858
2,dense,simd,1024,216,51042,3858
2,dense,simd,1024,217,50958,3858
2,dense,simd,1024,218,51041,3858
2,dense,simd,1024,219,51167,3858
2,dense,simd,1024,220,51000,3858
2,dense,simd,1024,221,51000,3858
2,dense,simd,1024,222,51084,3858
2,dense,simd,1024,223,51125,3858
2,dense,simd,1024,224,51000,3858
2,dense,simd,1024,225,51292,3858
2,dense,simd,1024,226,51042,3858
2,dense,simd,1024,227,51167,3858
2,dense,simd,1024,228,51083,3858
2,dense,simd,1024,229,51084,3858
2,dense,simd,1024,230,51084,3858
2,dense,simd,1024,231,51083,3858
2,dense,simd,1024,232,51167,3858
2,dense,simd,1024,233,51208,3858
2,dense,simd,1024,234,51000,3858
2,dense,simd,1024,235,51041,3858
2,dense,simd,1024,236,51083,3858
2,dense,simd,1024,237,51125,3858
2,dense,simd,1024,238,51209,3858
2,dense,simd,1024,239,51166,3858
2,dense,simd,1024,240,51250,3858
2,dense,simd,1024,241,50959,3858
2,dense,simd,1024,242,51000,3858
2,dense,simd,1024,243,51250,3858
2,dense,simd,1024,244,50875,3858
2,dense,simd,1024,245,50959,3858
2,dense,simd,1024,246,51041,3858
2,dense,simd,1024,247,51125,3858
2,dense,simd,1024,248,53084,3858
2,dense,simd,1024,249,51041,3858
2,dense,simd,1024,250,51084,3858
2,dense,simd,1024,251,51084,3858
2,dense,simd,1024,252,51083,3858
2,dense,simd,1024,253,51083,3858
2,dense,simd,1024,254,51042,3858
2,dense,simd,1024,255,51083,3858
2,dense,simd,1024,256,51166,3858
2,dense,simd,1024,257,51125,3858
2,dense,simd,1024,258,51042,3858
2,dense,simd,1024,259,51125,3858
2,dense,simd,1024,260,50916,3858
2,dense,simd,1024,261,51000,3858
2,dense,simd,1024,262,50958,3858
2,dense,simd,1024,263,51166,3858
2,dense,simd,1024,264,51084,3858
2,dense,simd,1024,265,51041,3858
2,dense,simd,1024,266,50917,3858
2,dense,simd,1024,267,51000,3858
2,dense,simd,1024,268,51000,3858
2,dense,simd,1024,269,51083,3858
2,dense,simd,1024,270,51042,3858
2,dense,simd,1024,271,51125,3858
2,dense,simd,1024,272,51000,3858
2,dense,simd,1024,273,51208,3858
2,dense,simd,1024,274,51125,3858
2,dense,simd,1024,275,51041,3858
2,dense,simd,1024,276,51042,3858
2,dense,simd,1024,277,51000,3858
2,dense,simd,1024,278,51000,3858
2,dense,simd,1024,279,51250,3858
2,dense,simd,1024,280,51125,3858
2,dense,simd,1024,281,51125,3858
2,dense,simd,1024,282,51042,3858
2,dense,simd,1024,283,50958,3858
2,dense,simd,1024,284,51000,3858
2,dense,simd,1024,285,51083,3858
2,dense,simd,1024,286,51083,3858
2,dense,simd,1024,287,51209,3858
2,dense,simd,1024,288,51083,3858
2,dense,simd,1024,289,53875,3858
2,dense,simd,1024,290,51958,3858
2,dense,simd,1024,291,51166,3858
2,dense,simd,1024,292,51084,3858
2,dense,simd,1024,293,51041,3858
2,dense,simd,1024,294,51125,3858
2,dense,simd,1024,295,51084,3858
2,dense,simd,1024,296,51000,3858
2,dense,simd,1024,297,51042,3858
2,dense,simd,1024,298,51083,3858
2,dense,simd,1024,299,51083,3858
2,all_overlapping,scalar_indirect,1024,0,2019083,523776
2,all_overlapping,scalar_indirect,1024,1,2017542,523776
2,all_overlapping,scalar_indirect,1024,2,2020458,523776
2,all_overlapping,scalar_indirect,1024,3,2020375,523776
2,all_overlapping,scalar_indirect,1024,4,2015084,523776
2,all_overlapping,scalar_indirect,1024,5,2020916,523776
2,all_overlapping,scalar_indirect,1024,6,2030834,523776
2,all_overlapping,scalar_indirect,1024,7,2063167,523776
2,all_overlapping,scalar_indirect,1024,8,2035167,523776
2,all_overlapping,scalar_indirect,1024,9,2017666,523776
2,all_overlapping,scalar_indirect,1024,10,2019458,523776
2,all_overlapping,scalar_indirect,1024,11,2032500,523776
2,all_overlapping,scalar_indirect,1024,12,2033917,523776
2,all_overlapping,scalar_indirect,1024,13,2017083,523776
2,all_overlapping,scalar_indirect,1024,14,2016833,523776
2,all_overlapping,scalar_indirect,1024,15,2040000,523776
2,all_overlapping,scalar_indirect,1024,16,2020417,523776
2,all_overlapping,scalar_indirect,1024,17,2023041,523776
2,all_overlapping,scalar_indirect,1024,18,2020042,523776
2,all_overlapping,scalar_indirect,1024,19,2025375,523776
2,all_overlapping,scalar_indirect,1024,20,2019083,523776
2,all_overlapping,scalar_indirect,1024,21,2030292,523776
2,all_overlapping,scalar_indirect,1024,22,2057166,523776
2,all_overlapping,scalar_indirect,1024,23,2056292,523776
2,all_overlapping,scalar_indirect,1024,24,2054209,523776
2,all_overlapping,scalar_indirect,1024,25,2059875,523776
2,all_overlapping,scalar_indirect,1024,26,2050667,523776
2,all_overlapping,scalar_indirect,1024,27,2078250,523776
2,all_overlapping,scalar_indirect,1024,28,2069708,523776
2,all_overlapping,scalar_indirect,1024,29,2060375,523776
2,all_overlapping,scalar_indirect,1024,30,2049375,523776
2,all_overlapping,scalar_indirect,1024,31,2051666,523776
2,all_overlapping,scalar_indirect,1024,32,2057875,523776
2,all_overlapping,scalar_indirect,1024,33,2067875,523776
2,all_overlapping,scalar_indirect,1024,34,2033167,523776
2,all_overlapping,scalar_indirect,1024,35,2021708,523776
2,all_overlapping,scalar_indirect,1024,36,2019584,523776
2,all_overlapping,scalar_indirect,1024,37,2016084,523776
2,all_overlapping,scalar_indirect,1024,38,2015334,523776
2,all_overlapping,scalar_indirect,1024,39,2020375,523776
2,all_overlapping,scalar_indirect,1024,40,2036250,523776
2,all_overlapping,scalar_indirect,1024,41,2024584,523776
2,all_overlapping,scalar_indirect,1024,42,2018458,523776
2,all_overlapping,scalar_indirect,1024,43,2027583,523776
2,all_overlapping,scalar_indirect,1024,44,2018917,523776
2,all_overlapping,scalar_indirect,1024,45,2016542,523776
2,all_overlapping,scalar_indirect,1024,46,2020667,523776
2,all_overlapping,scalar_indirect,1024,47,2016250,523776
2,all_overlapping,scalar_indirect,1024,48,2022542,523776
2,all_overlapping,scalar_indirect,1024,49,2025708,523776
2,all_overlapping,scalar_indirect,1024,50,2018083,523776
2,all_overlapping,scalar_indirect,1024,51,2020292,523776
2,all_overlapping,scalar_indirect,1024,52,2024500,523776
2,all_overlapping,scalar_indirect,1024,53,2018000,523776
2,all_overlapping,scalar_indirect,1024,54,2018708,523776
2,all_overlapping,scalar_indirect,1024,55,2017583,523776
2,all_overlapping,scalar_indirect,1024,56,2049250,523776
2,all_overlapping,scalar_indirect,1024,57,2032333,523776
2,all_overlapping,scalar_indirect,1024,58,2019584,523776
2,all_overlapping,scalar_indirect,1024,59,2022500,523776
2,all_overlapping,scalar_indirect,1024,60,2020125,523776
2,all_overlapping,scalar_indirect,1024,61,2045958,523776
2,all_overlapping,scalar_indirect,1024,62,2017833,523776
2,all_overlapping,scalar_indirect,1024,63,2015959,523776
2,all_overlapping,scalar_indirect,1024,64,2017959,523776
2,all_overlapping,scalar_indirect,1024,65,2033833,523776
2,all_overlapping,scalar_indirect,1024,66,2022208,523776
2,all_overlapping,scalar_indirect,1024,67,2019208,523776
2,all_overlapping,scalar_indirect,1024,68,2019459,523776
2,all_overlapping,scalar_indirect,1024,69,2024167,523776
2,all_overlapping,scalar_indirect,1024,70,2039708,523776
2,all_overlapping,scalar_indirect,1024,71,2073292,523776
2,all_overlapping,scalar_indirect,1024,72,2056708,523776
2,all_overlapping,scalar_indirect,1024,73,2057125,523776
2,all_overlapping,scalar_indirect,1024,74,2051708,523776
2,all_overlapping,scalar_indirect,1024,75,2057542,523776
2,all_overlapping,scalar_indirect,1024,76,2071791,523776
2,all_overlapping,scalar_indirect,1024,77,2075583,523776
2,all_overlapping,scalar_indirect,1024,78,2080250,523776
2,all_overlapping,scalar_indirect,1024,79,2061667,523776
2,all_overlapping,scalar_indirect,1024,80,2062750,523776
2,all_overlapping,scalar_indirect,1024,81,2051750,523776
2,all_overlapping,scalar_indirect,1024,82,2073834,523776
2,all_overlapping,scalar_indirect,1024,83,2172959,523776
2,all_overlapping,scalar_indirect,1024,84,2059458,523776
2,all_overlapping,scalar_indirect,1024,85,2026792,523776
2,all_overlapping,scalar_indirect,1024,86,2023375,523776
2,all_overlapping,scalar_indirect,1024,87,2020625,523776
2,all_overlapping,scalar_indirect,1024,88,2037333,523776
2,all_overlapping,scalar_indirect,1024,89,2027084,523776
2,all_overlapping,scalar_indirect,1024,90,2061791,523776
2,all_overlapping,scalar_indirect,1024,91,2025625,523776
2,all_overlapping,scalar_indirect,1024,92,2025167,523776
2,all_overlapping,scalar_indirect,1024,93,2026500,523776
2,all_overlapping,scalar_indirect,1024,94,2024375,523776
2,all_overlapping,scalar_indirect,1024,95,2023209,523776
2,all_overlapping,scalar_indirect,1024,96,2024000,523776
2,all_overlapping,scalar_indirect,1024,97,2022250,523776
2,all_overlapping,scalar_indirect,1024,98,2050375,523776
2,all_overlapping,scalar_indirect,1024,99,2019625,523776
2,all_overlapping,scalar_indirect,1024,100,2034041,523776
2,all_overlapping,scalar_indirect,1024,101,2029625,523776
2,all_overlapping,scalar_indirect,1024,102,2023375,523776
2,all_overlapping,scalar_indirect,1024,103,2024542,523776
2,all_overlapping,scalar_indirect,1024,104,2019000,523776
2,all_overlapping,scalar_indirect,1024,105,2018416,523776
2,all_overlapping,scalar_indirect,1024,106,2049458,523776
2,all_overlapping,scalar_indirect,1024,107,2048375,523776
2,all_overlapping,scalar_indirect,1024,108,2054708,523776
2,all_overlapping,scalar_indirect,1024,109,2027542,523776
2,all_overlapping,scalar_indirect,1024,110,2028083,523776
2,all_overlapping,scalar_indirect,1024,111,2025875,523776
2,all_overlapping,scalar_indirect,1024,112,2023083,523776
2,all_overlapping,scalar_indirect,1024,113,2030583,523776
2,all_overlapping,scalar_indirect,1024,114,2041459,523776
2,all_overlapping,scalar_indirect,1024,115,2038584,523776
2,all_overlapping,scalar_indirect,1024,116,2016167,523776
2,all_overlapping,scalar_indirect,1024,117,2016042,523776
2,all_overlapping,scalar_indirect,1024,118,2022083,523776
2,all_overlapping,scalar_indirect,1024,119,2017708,523776
2,all_overlapping,scalar_indirect,1024,120,2020500,523776
2,all_overlapping,scalar_indirect,1024,121,2018875,523776
2,all_overlapping,scalar_indirect,1024,122,2035250,523776
2,all_overlapping,scalar_indirect,1024,123,2016541,523776
2,all_overlapping,scalar_indirect,1024,124,2038959,523776
2,all_overlapping,scalar_indirect,1024,125,2018791,523776
2,all_overlapping,scalar_indirect,1024,126,2022292,523776
2,all_overlapping,scalar_indirect,1024,127,2019750,523776
2,all_overlapping,scalar_indirect,1024,128,2018417,523776
2,all_overlapping,scalar_indirect,1024,129,2033041,523776
2,all_overlapping,scalar_indirect,1024,130,2030750,523776
2,all_overlapping,scalar_indirect,1024,131,2025917,523776
2,all_overlapping,scalar_indirect,1024,132,2034000,523776
2,all_overlapping,scalar_indirect,1024,133,2043833,523776
2,all_overlapping,scalar_indirect,1024,134,2051542,523776
2,all_overlapping,scalar_indirect,1024,135,2056875,523776
2,all_overlapping,scalar_indirect,1024,136,2051500,523776
2,all_overlapping,scalar_indirect,1024,137,2058292,523776
2,all_overlapping,scalar_indirect,1024,138,2053416,523776
2,all_overlapping,scalar_indirect,1024,139,2079334,523776
2,all_overlapping,scalar_indirect,1024,140,2066417,523776
2,all_overlapping,scalar_indirect,1024,141,2057917,523776
2,all_overlapping,scalar_indirect,1024,142,2051125,523776
2,all_overlapping,scalar_indirect,1024,143,2049833,523776
2,all_overlapping,scalar_indirect,1024,144,2064250,523776
2,all_overlapping,scalar_indirect,1024,145,2044625,523776
2,all_overlapping,scalar_indirect,1024,146,2025292,523776
2,all_overlapping,scalar_indirect,1024,147,2028709,523776
2,all_overlapping,scalar_indirect,1024,148,2024375,523776
2,all_overlapping,scalar_indirect,1024,149,2021791,523776
2,all_overlapping,scalar_indirect,1024,150,2021542,523776
2,all_overlapping,scalar_indirect,1024,151,2020708,523776
2,all_overlapping,scalar_indirect,1024,152,2023292,523776
2,all_overlapping,scalar_indirect,1024,153,2036208,523776
2,all_overlapping,scalar_indirect,1024,154,2030708,523776
2,all_overlapping,scalar_indirect,1024,155,2073625,523776
2,all_overlapping,scalar_indirect,1024,156,2043416,523776
2,all_overlapping,scalar_indirect,1024,157,2033375,523776
2,all_overlapping,scalar_indirect,1024,158,2040875,523776
2,all_overlapping,scalar_indirect,1024,159,2048459,523776
2,all_overlapping,scalar_indirect,1024,160,2055750,523776
2,all_overlapping,scalar_indirect,1024,161,2055500,523776
2,all_overlapping,scalar_indirect,1024,162,2056292,523776
2,all_overlapping,scalar_indirect,1024,163,2060250,523776
2,all_overlapping,scalar_indirect,1024,164,2054250,523776
2,all_overlapping,scalar_indirect,1024,165,2071334,523776
2,all_overlapping,scalar_indirect,1024,166,2072042,523776
2,all_overlapping,scalar_indirect,1024,167,2057417,523776
2,all_overlapping,scalar_indirect,1024,168,2068083,523776
2,all_overlapping,scalar_indirect,1024,169,2057417,523776
2,all_overlapping,scalar_indirect,1024,170,2053166,523776
2,all_overlapping,scalar_indirect,1024,171,2059792,523776
2,all_overlapping,scalar_indirect,1024,172,2059667,523776
2,all_overlapping,scalar_indirect,1024,173,2050916,523776
2,all_overlapping,scalar_indirect,1024,174,2024250,523776
2,all_overlapping,scalar_indirect,1024,175,2023167,523776
2,all_overlapping,scalar_indirect,1024,176,2021334,523776
2,all_overlapping,scalar_indirect,1024,177,2018250,523776
2,all_overlapping,scalar_indirect,1024,178,2016667,523776
2,all_overlapping,scalar_indirect,1024,179,2034541,523776
2,all_overlapping,scalar_indirect,1024,180,2017209,523776
2,all_overlapping,scalar_indirect,1024,181,2049333,523776
2,all_overlapping,scalar_indirect,1024,182,2024500,523776
2,all_overlapping,scalar_indirect,1024,183,2020416,523776
2,all_overlapping,scalar_indirect,1024,184,2018333,523776
2,all_overlapping,scalar_indirect,1024,185,2020167,523776
2,all_overlapping,scalar_indirect,1024,186,2021167,523776
2,all_overlapping,scalar_indirect,1024,187,2031917,523776
2,all_overlapping,scalar_indirect,1024,188,2032125,523776
2,all_overlapping,scalar_indirect,1024,189,2051125,523776
2,all_overlapping,scalar_indirect,1024,190,2057916,523776
2,all_overlapping,scalar_indirect,1024,191,2061375,523776
2,all_overlapping,scalar_indirect,1024,192,2052000,523776
2,all_overlapping,scalar_indirect,1024,193,2055167,523776
2,all_overlapping,scalar_indirect,1024,194,2055292,523776
2,all_overlapping,scalar_indirect,1024,195,2052000,523776
2,all_overlapping,scalar_indirect,1024,196,2102125,523776
2,all_overlapping,scalar_indirect,1024,197,2154750,523776
2,all_overlapping,scalar_indirect,1024,198,2147834,523776
2,all_overlapping,scalar_indirect,1024,199,2146458,523776
2,all_overlapping,scalar_indirect,1024,200,2139375,523776
2,all_overlapping,scalar_indirect,1024,201,2129417,523776
2,all_overlapping,scalar_indirect,1024,202,2139083,523776
2,all_overlapping,scalar_indirect,1024,203,2153416,523776
2,all_overlapping,scalar_indirect,1024,204,2156333,523776
2,all_overlapping,scalar_indirect,1024,205,2114834,523776
2,all_overlapping,scalar_indirect,1024,206,2116709,523776
2,all_overlapping,scalar_indirect,1024,207,2103042,523776
2,all_overlapping,scalar_indirect,1024,208,2106125,523776
2,all_overlapping,scalar_indirect,1024,209,2104583,523776
2,all_overlapping,scalar_indirect,1024,210,2108250,523776
2,all_overlapping,scalar_indirect,1024,211,2113708,523776
2,all_overlapping,scalar_indirect,1024,212,2106208,523776
2,all_overlapping,scalar_indirect,1024,213,2101500,523776
2,all_overlapping,scalar_indirect,1024,214,2107542,523776
2,all_overlapping,scalar_indirect,1024,215,2114834,523776
2,all_overlapping,scalar_indirect,1024,216,2104667,523776
2,all_overlapping,scalar_indirect,1024,217,2101750,523776
2,all_overlapping,scalar_indirect,1024,218,2104333,523776
2,all_overlapping,scalar_indirect,1024,219,2114791,523776
2,all_overlapping,scalar_indirect,1024,220,2103083,523776
2,all_overlapping,scalar_indirect,1024,221,2103417,523776
2,all_overlapping,scalar_indirect,1024,222,2117542,523776
2,all_overlapping,scalar_indirect,1024,223,2107375,523776
2,all_overlapping,scalar_indirect,1024,224,2104750,523776
2,all_overlapping,scalar_indirect,1024,225,2102000,523776
2,all_overlapping,scalar_indirect,1024,226,2107791,523776
2,all_overlapping,scalar_indirect,1024,227,2119208,523776
2,all_overlapping,scalar_indirect,1024,228,2104417,523776
2,all_overlapping,scalar_indirect,1024,229,2104500,523776
2,all_overlapping,scalar_indirect,1024,230,2148708,523776
2,all_overlapping,scalar_indirect,1024,231,2139250,523776
2,all_overlapping,scalar_indirect,1024,232,2147875,523776
2,all_overlapping,scalar_indirect,1024,233,2147125,523776
2,all_overlapping,scalar_indirect,1024,234,2148542,523776
2,all_overlapping,scalar_indirect,1024,235,2155541,523776
2,all_overlapping,scalar_indirect,1024,236,2151209,523776
2,all_overlapping,scalar_indirect,1024,237,2163125,523776
2,all_overlapping,scalar_indirect,1024,238,2164458,523776
2,all_overlapping,scalar_indirect,1024,239,2153666,523776
2,all_overlapping,scalar_indirect,1024,240,2155209,523776
2,all_overlapping,scalar_indirect,1024,241,2139208,523776
2,all_overlapping,scalar_indirect,1024,242,2130166,523776
2,all_overlapping,scalar_indirect,1024,243,2151625,523776
2,all_overlapping,scalar_indirect,1024,244,2144792,523776
2,all_overlapping,scalar_indirect,1024,245,2116250,523776
2,all_overlapping,scalar_indirect,1024,246,2133250,523776
2,all_overlapping,scalar_indirect,1024,247,2104667,523776
2,all_overlapping,scalar_indirect,1024,248,2109167,523776
2,all_overlapping,scalar_indirect,1024,249,2104292,523776
2,all_overlapping,scalar_indirect,1024,250,2111750,523776
2,all_overlapping,scalar_indirect,1024,251,2121666,523776
2,all_overlapping,scalar_indirect,1024,252,2155458,523776
2,all_overlapping,scalar_indirect,1024,253,2112667,523776
2,all_overlapping,scalar_indirect,1024,254,2133625,523776
2,all_overlapping,scalar_indirect,1024,255,2139917,523776
2,all_overlapping,scalar_indirect,1024,256,2142208,523776
2,all_overlapping,scalar_indirect,1024,257,2148458,523776
2,all_overlapping,scalar_indirect,1024,258,2147209,523776
2,all_overlapping,scalar_indirect,1024,259,2143291,523776
2,all_overlapping,scalar_indirect,1024,260,2132084,523776
2,all_overlapping,scalar_indirect,1024,261,2153375,523776
2,all_overlapping,scalar_indirect,1024,262,2161834,523776
2,all_overlapping,scalar_indirect,1024,263,2170708,523776
2,all_overlapping,scalar_indirect,1024,264,2159333,523776
2,all_overlapping,scalar_indirect,1024,265,2146375,523776
2,all_overlapping,scalar_indirect,1024,266,2138959,523776
2,all_overlapping,scalar_indirect,1024,267,2151916,523776
2,all_overlapping,scalar_indirect,1024,268,2150875,523776
2,all_overlapping,scalar_indirect,1024,269,2123250,523776
2,all_overlapping,scalar_indirect,1024,270,2158750,523776
2,all_overlapping,scalar_indirect,1024,271,2112917,523776
2,all_overlapping,scalar_indirect,1024,272,2107750,523776
2,all_overlapping,scalar_indirect,1024,273,2107875,523776
2,all_overlapping,scalar_indirect,1024,274,2124209,523776
2,all_overlapping,scalar_indirect,1024,275,2109375,523776
2,all_overlapping,scalar_indirect,1024,276,2112458,523776
2,all_overlapping,scalar_indirect,1024,277,2107958,523776
2,all_overlapping,scalar_indirect,1024,278,2131792,523776
2,all_overlapping,scalar_indirect,1024,279,2128791,523776
2,all_overlapping,scalar_indirect,1024,280,2107375,523776
2,all_overlapping,scalar_indirect,1024,281,2126375,523776
2,all_overlapping,scalar_indirect,1024,282,2140208,523776
2,all_overlapping,scalar_indirect,1024,283,2125375,523776
2,all_overlapping,scalar_indirect,1024,284,2129458,523776
2,all_overlapping,scalar_indirect,1024,285,2152708,523776
2,all_overlapping,scalar_indirect,1024,286,2152292,523776
2,all_overlapping,scalar_indirect,1024,287,2146875,523776
2,all_overlapping,scalar_indirect,1024,288,2147375,523776
2,all_overlapping,scalar_indirect,1024,289,2158292,523776
2,all_overlapping,scalar_indirect,1024,290,2171167,523776
2,all_overlapping,scalar_indirect,1024,291,2152625,523776
2,all_overlapping,scalar_indirect,1024,292,2145542,523776
2,all_overlapping,scalar_indirect,1024,293,2150750,523776
2,all_overlapping,scalar_indirect,1024,294,2151542,523776
2,all_overlapping,scalar_indirect,1024,295,2061833,523776
2,all_overlapping,scalar_indirect,1024,296,2057125,523776
2,all_overlapping,scalar_indirect,1024,297,2077750,523776
2,all_overlapping,scalar_indirect,1024,298,2061625,523776
2,all_overlapping,scalar_indirect,1024,299,2189041,523776
2,all_overlapping,scalar_packed,1024,0,2249709,523776
2,all_overlapping,scalar_packed,1024,1,2263833,523776
2,all_overlapping,scalar_packed,1024,2,2255375,523776
2,all_overlapping,scalar_packed,1024,3,2244417,523776
2,all_overlapping,scalar_packed,1024,4,2249042,523776
2,all_overlapping,scalar_packed,1024,5,2248875,523776
2,all_overlapping,scalar_packed,1024,6,2267709,523776
2,all_overlapping,scalar_packed,1024,7,2248750,523776
2,all_overlapping,scalar_packed,1024,8,2247625,523776
2,all_overlapping,scalar_packed,1024,9,2256958,523776
2,all_overlapping,scalar_packed,1024,10,2264333,523776
2,all_overlapping,scalar_packed,1024,11,2237125,523776
2,all_overlapping,scalar_packed,1024,12,2262792,523776
2,all_overlapping,scalar_packed,1024,13,2251291,523776
2,all_overlapping,scalar_packed,1024,14,2269125,523776
2,all_overlapping,scalar_packed,1024,15,2252917,523776
2,all_overlapping,scalar_packed,1024,16,2249708,523776
2,all_overlapping,scalar_packed,1024,17,2254458,523776
2,all_overlapping,scalar_packed,1024,18,2247042,523776
2,all_overlapping,scalar_packed,1024,19,2255542,523776
2,all_overlapping,scalar_packed,1024,20,2254209,523776
2,all_overlapping,scalar_packed,1024,21,2253375,523776
2,all_overlapping,scalar_packed,1024,22,2254875,523776
2,all_overlapping,scalar_packed,1024,23,2255250,523776
2,all_overlapping,scalar_packed,1024,24,2244833,523776
2,all_overlapping,scalar_packed,1024,25,2245833,523776
2,all_overlapping,scalar_packed,1024,26,2246250,523776
2,all_overlapping,scalar_packed,1024,27,2260334,523776
2,all_overlapping,scalar_packed,1024,28,2257333,523776
2,all_overlapping,scalar_packed,1024,29,2249625,523776
2,all_overlapping,scalar_packed,1024,30,2246583,523776
2,all_overlapping,scalar_packed,1024,31,2246875,523776
2,all_overlapping,scalar_packed,1024,32,2254416,523776
2,all_overlapping,scalar_packed,1024,33,2251292,523776
2,all_overlapping,scalar_packed,1024,34,2253167,523776
2,all_overlapping,scalar_packed,1024,35,2232041,523776
2,all_overlapping,scalar_packed,1024,36,2239959,523776
2,all_overlapping,scalar_packed,1024,37,2242166,523776
2,all_overlapping,scalar_packed,1024,38,2249542,523776
2,all_overlapping,scalar_packed,1024,39,2246041,523776
2,all_overlapping,scalar_packed,1024,40,2234917,523776
2,all_overlapping,scalar_packed,1024,41,2241250,523776
2,all_overlapping,scalar_packed,1024,42,2244958,523776
2,all_overlapping,scalar_packed,1024,43,2240792,523776
2,all_overlapping,scalar_packed,1024,44,2239917,523776
2,all_overlapping,scalar_packed,1024,45,2231833,523776
2,all_overlapping,scalar_packed,1024,46,2238083,523776
2,all_overlapping,scalar_packed,1024,47,2233667,523776
2,all_overlapping,scalar_packed,1024,48,2244292,523776
2,all_overlapping,scalar_packed,1024,49,2245291,523776
2,all_overlapping,scalar_packed,1024,50,2231417,523776
2,all_overlapping,scalar_packed,1024,51,2235500,523776
2,all_overlapping,scalar_packed,1024,52,2242917,523776
2,all_overlapping,scalar_packed,1024,53,2242708,523776
2,all_overlapping,scalar_packed,1024,54,2242375,523776
2,all_overlapping,scalar_packed,1024,55,2235042,523776
2,all_overlapping,scalar_packed,1024,56,2241208,523776
2,all_overlapping,scalar_packed,1024,57,2234209,523776
2,all_overlapping,scalar_packed,1024,58,2239208,523776
2,all_overlapping,scalar_packed,1024,59,2246250,523776
2,all_overlapping,scalar_packed,1024,60,2255791,523776
2,all_overlapping,scalar_packed,1024,61,2236334,523776
2,all_overlapping,scalar_packed,1024,62,2237291,523776
2,all_overlapping,scalar_packed,1024,63,2245375,523776
2,all_overlapping,scalar_packed,1024,64,2248334,523776
2,all_overlapping,scalar_packed,1024,65,2233916,523776
2,all_overlapping,scalar_packed,1024,66,2237417,523776
2,all_overlapping,scalar_packed,1024,67,2238500,523776
2,all_overlapping,scalar_packed,1024,68,2274333,523776
2,all_overlapping,scalar_packed,1024,69,2264291,523776
2,all_overlapping,scalar_packed,1024,70,2268500,523776
2,all_overlapping,scalar_packed,1024,71,2273750,523776
2,all_overlapping,scalar_packed,1024,72,2283333,523776
2,all_overlapping,scalar_packed,1024,73,2267667,523776
2,all_overlapping,scalar_packed,1024,74,2268541,523776
2,all_overlapping,scalar_packed,1024,75,2270250,523776
2,all_overlapping,scalar_packed,1024,76,2274417,523776
2,all_overlapping,scalar_packed,1024,77,2272500,523776
2,all_overlapping,scalar_packed,1024,78,2239084,523776
2,all_overlapping,scalar_packed,1024,79,2251166,523776
2,all_overlapping,scalar_packed,1024,80,2229417,523776
2,all_overlapping,scalar_packed,1024,81,2257041,523776
2,all_overlapping,scalar_packed,1024,82,2243292,523776
2,all_overlapping,scalar_packed,1024,83,2261708,523776
2,all_overlapping,scalar_packed,1024,84,2241250,523776
2,all_overlapping,scalar_packed,1024,85,2233083,523776
2,all_overlapping,scalar_packed,1024,86,2235209,523776
2,all_overlapping,scalar_packed,1024,87,2266666,523776
2,all_overlapping,scalar_packed,1024,88,2239375,523776
2,all_overlapping,scalar_packed,1024,89,2246292,523776
2,all_overlapping,scalar_packed,1024,90,2239542,523776
2,all_overlapping,scalar_packed,1024,91,2236042,523776
2,all_overlapping,scalar_packed,1024,92,2242667,523776
2,all_overlapping,scalar_packed,1024,93,2242500,523776
2,all_overlapping,scalar_packed,1024,94,2253583,523776
2,all_overlapping,scalar_packed,1024,95,2267375,523776
2,all_overlapping,scalar_packed,1024,96,2233084,523776
2,all_overlapping,scalar_packed,1024,97,2241250,523776
2,all_overlapping,scalar_packed,1024,98,2238584,523776
2,all_overlapping,scalar_packed,1024,99,2233542,523776
2,all_overlapping,scalar_packed,1024,100,2245000,523776
2,all_overlapping,scalar_packed,1024,101,2267000,523776
2,all_overlapping,scalar_packed,1024,102,2274333,523776
2,all_overlapping,scalar_packed,1024,103,2277250,523776
2,all_overlapping,scalar_packed,1024,104,2273000,523776
2,all_overlapping,scalar_packed,1024,105,2282833,523776
2,all_overlapping,scalar_packed,1024,106,2266750,523776
2,all_overlapping,scalar_packed,1024,107,2282875,523776
2,all_overlapping,scalar_packed,1024,108,2282458,523776
2,all_overlapping,scalar_packed,1024,109,2277583,523776
2,all_overlapping,scalar_packed,1024,110,2276458,523776
2,all_overlapping,scalar_packed,1024,111,2266917,523776
2,all_overlapping,scalar_packed,1024,112,2290125,523776
2,all_overlapping,scalar_packed,1024,113,2273666,523776
2,all_overlapping,scalar_packed,1024,114,2250625,523776
2,all_overlapping,scalar_packed,1024,115,2234708,523776
2,all_overlapping,scalar_packed,1024,116,2237583,523776
2,all_overlapping,scalar_packed,1024,117,2289083,523776
2,all_overlapping,scalar_packed,1024,118,2244875,523776
2,all_overlapping,scalar_packed,1024,119,2231292,523776
2,all_overlapping,scalar_packed,1024,120,2238125,523776
2,all_overlapping,scalar_packed,1024,121,2262750,523776
2,all_overlapping,scalar_packed,1024,122,2238583,523776
2,all_overlapping,scalar_packed,1024,123,2236500,523776
2,all_overlapping,scalar_packed,1024,124,2254208,523776
2,all_overlapping,scalar_packed,1024,125,2250375,523776
2,all_overlapping,scalar_packed,1024,126,2239000,523776
2,all_overlapping,scalar_packed,1024,127,2244000,523776
2,all_overlapping,scalar_packed,1024,128,2265625,523776
2,all_overlapping,scalar_packed,1024,129,2245000,523776
2,all_overlapping,scalar_packed,1024,130,2239209,523776
2,all_overlapping,scalar_packed,1024,131,2243959,523776
2,all_overlapping,scalar_packed,1024,132,2281500,523776
2,all_overlapping,scalar_packed,1024,133,2242833,523776
2,all_overlapping,scalar_packed,1024,134,2245833,523776
2,all_overlapping,scalar_packed,1024,135,2242542,523776
2,all_overlapping,scalar_packed,1024,136,2244625,523776
2,all_overlapping,scalar_packed,1024,137,2236750,523776
2,all_overlapping,scalar_packed,1024,138,2236542,523776
2,all_overlapping,scalar_packed,1024,139,2266834,523776
2,all_overlapping,scalar_packed,1024,140,2258375,523776
2,all_overlapping,scalar_packed,1024,141,2241667,523776
2,all_overlapping,scalar_packed,1024,142,2238750,523776
2,all_overlapping,scalar_packed,1024,143,2238125,523776
2,all_overlapping,scalar_packed,1024,144,2247333,523776
2,all_overlapping,scalar_packed,1024,145,2241709,523776
2,all_overlapping,scalar_packed,1024,146,2234916,523776
2,all_overlapping,scalar_packed,1024,147,2310708,523776
2,all_overlapping,scalar_packed,1024,148,2243917,523776
2,all_overlapping,scalar_packed,1024,149,2248416,523776
2,all_overlapping,scalar_packed,1024,150,2254625,523776
2,all_overlapping,scalar_packed,1024,151,2236333,523776
2,all_overlapping,scalar_packed,1024,152,2239584,523776
2,all_overlapping,scalar_packed,1024,153,2229959,523776
2,all_overlapping,scalar_packed,1024,154,2256916,523776
2,all_overlapping,scalar_packed,1024,155,2237125,523776
2,all_overlapping,scalar_packed,1024,156,2235667,523776
2,all_overlapping,scalar_packed,1024,157,2240167,523776
2,all_overlapping,scalar_packed,1024,158,2237125,523776
2,all_overlapping,scalar_packed,1024,159,2239041,523776
2,all_overlapping,scalar_packed,1024,160,2239750,523776
2,all_overlapping,scalar_packed,1024,161,2240958,523776
2,all_overlapping,scalar_packed,1024,162,2251208,523776
2,all_overlapping,scalar_packed,1024,163,2241042,523776
2,all_overlapping,scalar_packed,1024,164,2241500,523776
2,all_overlapping,scalar_packed,1024,165,2235792,523776
2,all_overlapping,scalar_packed,1024,166,2229958,523776
2,all_overlapping,scalar_packed,1024,167,2241042,523776
2,all_overlapping,scalar_packed,1024,168,2230416,523776
2,all_overlapping,scalar_packed,1024,169,2240875,523776
2,all_overlapping,scalar_packed,1024,170,2264875,523776
2,all_overlapping,scalar_packed,1024,171,2266083,523776
2,all_overlapping,scalar_packed,1024,172,2239583,523776
2,all_overlapping,scalar_packed,1024,173,2260709,523776
2,all_overlapping,scalar_packed,1024,174,2238792,523776
2,all_overlapping,scalar_packed,1024,175,2233125,523776
2,all_overlapping,scalar_packed,1024,176,2241625,523776
2,all_overlapping,scalar_packed,1024,177,2243750,523776
2,all_overlapping,scalar_packed,1024,178,2236541,523776
2,all_overlapping,scalar_packed,1024,179,2241750,523776
2,all_overlapping,scalar_packed,1024,180,2231375,523776
2,all_overlapping,scalar_packed,1024,181,2243833,523776
2,all_overlapping,scalar_packed,1024,182,2230708,523776
2,all_overlapping,scalar_packed,1024,183,2233917,523776
2,all_overlapping,scalar_packed,1024,184,2243375,523776
2,all_overlapping,scalar_packed,1024,185,2236083,523776
2,all_overlapping,scalar_packed,1024,186,2248084,523776
2,all_overlapping,scalar_packed,1024,187,2231333,523776
2,all_overlapping,scalar_packed,1024,188,2242416,523776
2,all_overlapping,scalar_packed,1024,189,2234959,523776
2,all_overlapping,scalar_packed,1024,190,2234292,523776
2,all_overlapping,scalar_packed,1024,191,2239375,523776
2,all_overlapping,scalar_packed,1024,192,2239500,523776
2,all_overlapping,scalar_packed,1024,193,2237500,523776
2,all_overlapping,scalar_packed,1024,194,2241958,523776
2,all_overlapping,scalar_packed,1024,195,2230834,523776
2,all_overlapping,scalar_packed,1024,196,2241791,523776
2,all_overlapping,scalar_packed,1024,197,2239417,523776
2,all_overlapping,scalar_packed,1024,198,2257792,523776
2,all_overlapping,scalar_packed,1024,199,2238667,523776
2,all_overlapping,scalar_packed,1024,200,2239791,523776
2,all_overlapping,scalar_packed,1024,201,2252292,523776
2,all_overlapping,scalar_packed,1024,202,2237958,523776
2,all_overlapping,scalar_packed,1024,203,2230583,523776
2,all_overlapping,scalar_packed,1024,204,2244666,523776
2,all_overlapping,scalar_packed,1024,205,2239167,523776
2,all_overlapping,scalar_packed,1024,206,2235791,523776
2,all_overlapping,scalar_packed,1024,207,2252000,523776
2,all_overlapping,scalar_packed,1024,208,2241708,523776
2,all_overlapping,scalar_packed,1024,209,2242459,523776
2,all_overlapping,scalar_packed,1024,210,2242541,523776
2,all_overlapping,scalar_packed,1024,211,2237292,523776
2,all_overlapping,scalar_packed,1024,212,2244208,523776
2,all_overlapping,scalar_packed,1024,213,2235500,523776
2,all_overlapping,scalar_packed,1024,214,2245209,523776
2,all_overlapping,scalar_packed,1024,215,2252916,523776
2,all_overlapping,scalar_packed,1024,216,2244458,523776
2,all_overlapping,scalar_packed,1024,217,2248209,523776
2,all_overlapping,scalar_packed,1024,218,2265084,523776
2,all_overlapping,scalar_packed,1024,219,2288541,523776
2,all_overlapping,scalar_packed,1024,220,2278000,523776
2,all_overlapping,scalar_packed,1024,221,2282292,523776
2,all_overlapping,scalar_packed,1024,222,2294167,523776
2,all_overlapping,scalar_packed,1024,223,2284583,523776
2,all_overlapping,scalar_packed,1024,224,2280500,523776
2,all_overlapping,scalar_packed,1024,225,2282250,523776
2,all_overlapping,scalar_packed,1024,226,2288542,523776
2,all_overlapping,scalar_packed,1024,227,2275458,523776
2,all_overlapping,scalar_packed,1024,228,2255500,523776
2,all_overlapping,scalar_packed,1024,229,2265875,523776
2,all_overlapping,scalar_packed,1024,230,2253041,523776
2,all_overlapping,scalar_packed,1024,231,2256459,523776
2,all_overlapping,scalar_packed,1024,232,2251667,523776
2,all_overlapping,scalar_packed,1024,233,2243792,523776
2,all_overlapping,scalar_packed,1024,234,2241666,523776
2,all_overlapping,scalar_packed,1024,235,2247042,523776
2,all_overlapping,scalar_packed,1024,236,2262750,523776
2,all_overlapping,scalar_packed,1024,237,2252708,523776
2,all_overlapping,scalar_packed,1024,238,2261708,523776
2,all_overlapping,scalar_packed,1024,239,2245958,523776
2,all_overlapping,scalar_packed,1024,240,2252166,523776
2,all_overlapping,scalar_packed,1024,241,2249709,523776
2,all_overlapping,scalar_packed,1024,242,2248084,523776
2,all_overlapping,scalar_packed,1024,243,2252666,523776
2,all_overlapping,scalar_packed,1024,244,2263375,523776
2,all_overlapping,scalar_packed,1024,245,2278958,523776
2,all_overlapping,scalar_packed,1024,246,2254709,523776
2,all_overlapping,scalar_packed,1024,247,2262250,523776
2,all_overlapping,scalar_packed,1024,248,2260792,523776
2,all_overlapping,scalar_packed,1024,249,2246375,523776
2,all_overlapping,scalar_packed,1024,250,2249084,523776
2,all_overlapping,scalar_packed,1024,251,2261708,523776
2,all_overlapping,scalar_packed,1024,252,2249250,523776
2,all_overlapping,scalar_packed,1024,253,2250125,523776
2,all_overlapping,scalar_packed,1024,254,2242834,523776
2,all_overlapping,scalar_packed,1024,255,2245000,523776
2,all_overlapping,scalar_packed,1024,256,2254084,523776
2,all_overlapping,scalar_packed,1024,257,2248000,523776
2,all_overlapping,scalar_packed,1024,258,2243125,523776
2,all_overlapping,scalar_packed,1024,259,2257625,523776
2,all_overlapping,scalar_packed,1024,260,2246125,523776
2,all_overlapping,scalar_packed,1024,261,2249584,523776
2,all_overlapping,scalar_packed,1024,262,2266750,523776
2,all_overlapping,scalar_packed,1024,263,2261083,523776
2,all_overlapping,scalar_packed,1024,264,2247375,523776
2,all_overlapping,scalar_packed,1024,265,2241959,523776
2,all_overlapping,scalar_packed,1024,266,2252584,523776
2,all_overlapping,scalar_packed,1024,267,2246959,523776
2,all_overlapping,scalar_packed,1024,268,2247000,523776
2,all_overlapping,scalar_packed,1024,269,2246375,523776
2,all_overlapping,scalar_packed,1024,270,2239584,523776
2,all_overlapping,scalar_packed,1024,271,2257916,523776
2,all_overlapping,scalar_packed,1024,272,2245375,523776
2,all_overlapping,scalar_packed,1024,273,2263750,523776
2,all_overlapping,scalar_packed,1024,274,2247042,523776
2,all_overlapping,scalar_packed,1024,275,2239750,523776
2,all_overlapping,scalar_packed,1024,276,2249125,523776
2,all_overlapping,scalar_packed,1024,277,2249375,523776
2,all_overlapping,scalar_packed,1024,278,2251084,523776
2,all_overlapping,scalar_packed,1024,279,2250334,523776
2,all_overlapping,scalar_packed,1024,280,2239792,523776
2,all_overlapping,scalar_packed,1024,281,2248375,523776
2,all_overlapping,scalar_packed,1024,282,2240041,523776
2,all_overlapping,scalar_packed,1024,283,2265542,523776
2,all_overlapping,scalar_packed,1024,284,2258750,523776
2,all_overlapping,scalar_packed,1024,285,2244875,523776
2,all_overlapping,scalar_packed,1024,286,2251834,523776
2,all_overlapping,scalar_packed,1024,287,2242209,523776
2,all_overlapping,scalar_packed,1024,288,2252375,523776
2,all_overlapping,scalar_packed,1024,289,2249541,523776
2,all_overlapping,scalar_packed,1024,290,2250917,523776
2,all_overlapping,scalar_packed,1024,291,2242833,523776
2,all_overlapping,scalar_packed,1024,292,2237625,523776
2,all_overlapping,scalar_packed,1024,293,2244833,523776
2,all_overlapping,scalar_packed,1024,294,2241000,523776
2,all_overlapping,scalar_packed,1024,295,2242000,523776
2,all_overlapping,scalar_packed,1024,296,2242250,523776
2,all_overlapping,scalar_packed,1024,297,2245708,523776
2,all_overlapping,scalar_packed,1024,298,2249167,523776
2,all_overlapping,scalar_packed,1024,299,2250125,523776
2,all_overlapping,simd,1024,0,1827625,523776
2,all_overlapping,simd,1024,1,1828708,523776
2,all_overlapping,simd,1024,2,1836167,523776
2,all_overlapping,simd,1024,3,1829916,523776
2,all_overlapping,simd,1024,4,1827542,523776
2,all_overlapping,simd,1024,5,1826792,523776
2,all_overlapping,simd,1024,6,1824833,523776
2,all_overlapping,simd,1024,7,1825042,523776
2,all_overlapping,simd,1024,8,1826791,523776
2,all_overlapping,simd,1024,9,1829834,523776
2,all_overlapping,simd,1024,10,1827375,523776
2,all_overlapping,simd,1024,11,1830166,523776
2,all_overlapping,simd,1024,12,1828750,523776
2,all_overlapping,simd,1024,13,1842250,523776
2,all_overlapping,simd,1024,14,1851167,523776
2,all_overlapping,simd,1024,15,1831875,523776
2,all_overlapping,simd,1024,16,1827042,523776
2,all_overlapping,simd,1024,17,1825792,523776
2,all_overlapping,simd,1024,18,1825416,523776
2,all_overlapping,simd,1024,19,1830500,523776
2,all_overlapping,simd,1024,20,1834500,523776
2,all_overlapping,simd,1024,21,1846334,523776
2,all_overlapping,simd,1024,22,1826333,523776
2,all_overlapping,simd,1024,23,1830667,523776
2,all_overlapping,simd,1024,24,1842958,523776
2,all_overlapping,simd,1024,25,1855041,523776
2,all_overlapping,simd,1024,26,1859500,523776
2,all_overlapping,simd,1024,27,1856709,523776
2,all_overlapping,simd,1024,28,1856417,523776
2,all_overlapping,simd,1024,29,1826958,523776
2,all_overlapping,simd,1024,30,1855666,523776
2,all_overlapping,simd,1024,31,1827875,523776
2,all_overlapping,simd,1024,32,1823250,523776
2,all_overlapping,simd,1024,33,1825417,523776
2,all_overlapping,simd,1024,34,1833375,523776
2,all_overlapping,simd,1024,35,1836167,523776
2,all_overlapping,simd,1024,36,1832750,523776
2,all_overlapping,simd,1024,37,1826375,523776
2,all_overlapping,simd,1024,38,1843584,523776
2,all_overlapping,simd,1024,39,1848291,523776
2,all_overlapping,simd,1024,40,1836209,523776
2,all_overlapping,simd,1024,41,1853250,523776
2,all_overlapping,simd,1024,42,1829416,523776
2,all_overlapping,simd,1024,43,1827584,523776
2,all_overlapping,simd,1024,44,1828666,523776
2,all_overlapping,simd,1024,45,1829709,523776
2,all_overlapping,simd,1024,46,1826125,523776
2,all_overlapping,simd,1024,47,1830917,523776
2,all_overlapping,simd,1024,48,1827167,523776
2,all_overlapping,simd,1024,49,1842166,523776
2,all_overlapping,simd,1024,50,1824875,523776
2,all_overlapping,simd,1024,51,1824500,523776
2,all_overlapping,simd,1024,52,1823458,523776
2,all_overlapping,simd,1024,53,1824917,523776
2,all_overlapping,simd,1024,54,1828958,523776
2,all_overlapping,simd,1024,55,1826083,523776
2,all_overlapping,simd,1024,56,1824750,523776
2,all_overlapping,simd,1024,57,1823833,523776
2,all_overlapping,simd,1024,58,1847750,523776
2,all_overlapping,simd,1024,59,1824000,523776
2,all_overlapping,simd,1024,60,1825000,523776
2,all_overlapping,simd,1024,61,1825041,523776
2,all_overlapping,simd,1024,62,1828333,523776
2,all_overlapping,simd,1024,63,1827917,523776
2,all_overlapping,simd,1024,64,1828625,523776
2,all_overlapping,simd,1024,65,1829667,523776
2,all_overlapping,simd,1024,66,1829375,523776
2,all_overlapping,simd,1024,67,1842417,523776
2,all_overlapping,simd,1024,68,1831917,523776
2,all_overlapping,simd,1024,69,1863084,523776
2,all_overlapping,simd,1024,70,1832875,523776
2,all_overlapping,simd,1024,71,1827500,523776
2,all_overlapping,simd,1024,72,1827416,523776
2,all_overlapping,simd,1024,73,1832958,523776
2,all_overlapping,simd,1024,74,1837542,523776
2,all_overlapping,simd,1024,75,1831166,523776
2,all_overlapping,simd,1024,76,1858125,523776
2,all_overlapping,simd,1024,77,1827417,523776
2,all_overlapping,simd,1024,78,1827375,523776
2,all_overlapping,simd,1024,79,1825250,523776
2,all_overlapping,simd,1024,80,1828042,523776
2,all_overlapping,simd,1024,81,1828583,523776
2,all_overlapping,simd,1024,82,1829208,523776
2,all_overlapping,simd,1024,83,1826500,523776
2,all_overlapping,simd,1024,84,1828542,523776
2,all_overlapping,simd,1024,85,1850667,523776
2,all_overlapping,simd,1024,86,1829833,523776
2,all_overlapping,simd,1024,87,1829458,523776
2,all_overlapping,simd,1024,88,1826500,523776
2,all_overlapping,simd,1024,89,1828292,523776
2,all_overlapping,simd,1024,90,1829208,523776
2,all_overlapping,simd,1024,91,1829750,523776
2,all_overlapping,simd,1024,92,1834750,523776
2,all_overlapping,simd,1024,93,1845125,523776
2,all_overlapping,simd,1024,94,1848042,523776
2,all_overlapping,simd,1024,95,1829083,523776
2,all_overlapping,simd,1024,96,1830667,523776
2,all_overlapping,simd,1024,97,1826458,523776
2,all_overlapping,simd,1024,98,1827875,523776
2,all_overlapping,simd,1024,99,1827625,523776
2,all_overlapping,simd,1024,100,1826958,523776
2,all_overlapping,simd,1024,101,1826875,523776
2,all_overlapping,simd,1024,102,1828708,523776
2,all_overlapping,simd,1024,103,1830083,523776
2,all_overlapping,simd,1024,104,1824584,523776
2,all_overlapping,simd,1024,105,1825792,523776
2,all_overlapping,simd,1024,106,1823250,523776
2,all_overlapping,simd,1024,107,1826333,523776
2,all_overlapping,simd,1024,108,1827625,523776
2,all_overlapping,simd,1024,109,1826875,523776
2,all_overlapping,simd,1024,110,1827333,523776
2,all_overlapping,simd,1024,111,1826959,523776
2,all_overlapping,simd,1024,112,1825834,523776
2,all_overlapping,simd,1024,113,1832541,523776
2,all_overlapping,simd,1024,114,1823750,523776
2,all_overlapping,simd,1024,115,1827500,523776
2,all_overlapping,simd,1024,116,1825292,523776
2,all_overlapping,simd,1024,117,1826333,523776
2,all_overlapping,simd,1024,118,1826958,523776
2,all_overlapping,simd,1024,119,1823625,523776
2,all_overlapping,simd,1024,120,1823500,523776
2,all_overlapping,simd,1024,121,1824333,523776
2,all_overlapping,simd,1024,122,1832083,523776
2,all_overlapping,simd,1024,123,1825375,523776
2,all_overlapping,simd,1024,124,1860667,523776
2,all_overlapping,simd,1024,125,1836917,523776
2,all_overlapping,simd,1024,126,1824000,523776
2,all_overlapping,simd,1024,127,1825916,523776
2,all_overlapping,simd,1024,128,1827292,523776
2,all_overlapping,simd,1024,129,1830625,523776
2,all_overlapping,simd,1024,130,1827917,523776
2,all_overlapping,simd,1024,131,1829875,523776
2,all_overlapping,simd,1024,132,1824208,523776
2,all_overlapping,simd,1024,133,1824416,523776
2,all_overlapping,simd,1024,134,1824084,523776
2,all_overlapping,simd,1024,135,1828375,523776
2,all_overlapping,simd,1024,136,1828083,523776
2,all_overlapping,simd,1024,137,1828292,523776
2,all_overlapping,simd,1024,138,1825958,523776
2,all_overlapping,simd,1024,139,1826500,523776
2,all_overlapping,simd,1024,140,1827458,523776
2,all_overlapping,simd,1024,141,1828334,523776
2,all_overlapping,simd,1024,142,1826125,523776
2,all_overlapping,simd,1024,143,1827417,523776
2,all_overlapping,simd,1024,144,1827583,523776
2,all_overlapping,simd,1024,145,1826042,523776
2,all_overlapping,simd,1024,146,1827625,523776
2,all_overlapping,simd,1024,147,1825334,523776
2,all_overlapping,simd,1024,148,1826000,523776
2,all_overlapping,simd,1024,149,1832958,523776
2,all_overlapping,simd,1024,150,1828917,523776
2,all_overlapping,simd,1024,151,1827375,523776
2,all_overlapping,simd,1024,152,1825333,523776
2,all_overlapping,simd,1024,153,1825792,523776
2,all_overlapping,simd,1024,154,1825291,523776
2,all_overlapping,simd,1024,155,1826834,523776
2,all_overlapping,simd,1024,156,1831292,523776
2,all_overlapping,simd,1024,157,1835375,523776
2,all_overlapping,simd,1024,158,1830166,523776
2,all_overlapping,simd,1024,159,1831583,523776
2,all_overlapping,simd,1024,160,1826209,523776
2,all_overlapping,simd,1024,161,1826208,523776
2,all_overlapping,simd,1024,162,1831125,523776
2,all_overlapping,simd,1024,163,1828583,523776
2,all_overlapping,simd,1024,164,1825500,523776
2,all_overlapping,simd,1024,165,1834084,523776
2,all_overlapping,simd,1024,166,1833083,523776
2,all_overlapping,simd,1024,167,1826625,523776
2,all_overlapping,simd,1024,168,1849375,523776
2,all_overlapping,simd,1024,169,1862417,523776
2,all_overlapping,simd,1024,170,1866583,523776
2,all_overlapping,simd,1024,171,1856083,523776
2,all_overlapping,simd,1024,172,1870792,523776
2,all_overlapping,simd,1024,173,1868208,523776
2,all_overlapping,simd,1024,174,1855958,523776
2,all_overlapping,simd,1024,175,1862042,523776
2,all_overlapping,simd,1024,176,1856750,523776
2,all_overlapping,simd,1024,177,1857375,523776
2,all_overlapping,simd,1024,178,1871625,523776
2,all_overlapping,simd,1024,179,1867416,523776
2,all_overlapping,simd,1024,180,1848083,523776
2,all_overlapping,simd,1024,181,1846292,523776
2,all_overlapping,simd,1024,182,1833500,523776
2,all_overlapping,simd,1024,183,1834291,523776
2,all_overlapping,simd,1024,184,1833042,523776
2,all_overlapping,simd,1024,185,1831875,523776
2,all_overlapping,simd,1024,186,1829458,523776
2,all_overlapping,simd,1024,187,1851292,523776
2,all_overlapping,simd,1024,188,1830875,523776
2,all_overlapping,simd,1024,189,1847208,523776
2,all_overlapping,simd,1024,190,1840583,523776
2,all_overlapping,simd,1024,191,1828334,523776
2,all_overlapping,simd,1024,192,1827250,523776
2,all_overlapping,simd,1024,193,1827333,523776
2,all_overlapping,simd,1024,194,1833250,523776
2,all_overlapping,simd,1024,195,1832500,523776
2,all_overlapping,simd,1024,196,1831833,523776
2,all_overlapping,simd,1024,197,1827875,523776
2,all_overlapping,simd,1024,198,1827125,523776
2,all_overlapping,simd,1024,199,1834833,523776
2,all_overlapping,simd,1024,200,1825500,523776
2,all_overlapping,simd,1024,201,1827166,523776
2,all_overlapping,simd,1024,202,1853667,523776
2,all_overlapping,simd,1024,203,1876125,523776
2,all_overlapping,simd,1024,204,1861833,523776
2,all_overlapping,simd,1024,205,1866500,523776
2,all_overlapping,simd,1024,206,1857541,523776
2,all_overlapping,simd,1024,207,1858542,523776
2,all_overlapping,simd,1024,208,1864250,523776
2,all_overlapping,simd,1024,209,1858875,523776
2,all_overlapping,simd,1024,210,1875125,523776
2,all_overlapping,simd,1024,211,1859917,523776
2,all_overlapping,simd,1024,212,1857583,523776
2,all_overlapping,simd,1024,213,1854125,523776
2,all_overlapping,simd,1024,214,1863958,523776
2,all_overlapping,simd,1024,215,1872542,523776
2,all_overlapping,simd,1024,216,1860750,523776
2,all_overlapping,simd,1024,217,1860416,523776
2,all_overlapping,simd,1024,218,1860042,523776
2,all_overlapping,simd,1024,219,1865875,523776
2,all_overlapping,simd,1024,220,1857417,523776
2,all_overlapping,simd,1024,221,1858416,523776
2,all_overlapping,simd,1024,222,1856250,523776
2,all_overlapping,simd,1024,223,1852500,523776
2,all_overlapping,simd,1024,224,1832166,523776
2,all_overlapping,simd,1024,225,1826834,523776
2,all_overlapping,simd,1024,226,1828000,523776
2,all_overlapping,simd,1024,227,1837750,523776
2,all_overlapping,simd,1024,228,1829375,523776
2,all_overlapping,simd,1024,229,1837250,523776
2,all_overlapping,simd,1024,230,1827375,523776
2,all_overlapping,simd,1024,231,1826208,523776
2,all_overlapping,simd,1024,232,1829500,523776
2,all_overlapping,simd,1024,233,1830250,523776
2,all_overlapping,simd,1024,234,1878000,523776
2,all_overlapping,simd,1024,235,1840792,523776
2,all_overlapping,simd,1024,236,1828750,523776
2,all_overlapping,simd,1024,237,1826167,523776
2,all_overlapping,simd,1024,238,1825959,523776
2,all_overlapping,simd,1024,239,1832875,523776
2,all_overlapping,simd,1024,240,1833250,523776
2,all_overlapping,simd,1024,241,1833625,523776
2,all_overlapping,simd,1024,242,1845208,523776
2,all_overlapping,simd,1024,243,1832917,523776
2,all_overlapping,simd,1024,244,1862625,523776
2,all_overlapping,simd,1024,245,1828292,523776
2,all_overlapping,simd,1024,246,1824334,523776
2,all_overlapping,simd,1024,247,1844834,523776
2,all_overlapping,simd,1024,248,1858875,523776
2,all_overlapping,simd,1024,249,1862041,523776
2,all_overlapping,simd,1024,250,1858542,523776
2,all_overlapping,simd,1024,251,1857666,523776
2,all_overlapping,simd,1024,252,1856250,523776
2,all_overlapping,simd,1024,253,1862125,523776
2,all_overlapping,simd,1024,254,1855209,523776
2,all_overlapping,simd,1024,255,1877375,523776
2,all_overlapping,simd,1024,256,1873584,523776
2,all_overlapping,simd,1024,257,1861000,523776
2,all_overlapping,simd,1024,258,1867000,523776
2,all_overlapping,simd,1024,259,1856375,523776
2,all_overlapping,simd,1024,260,1854750,523776
2,all_overlapping,simd,1024,261,1870625,523776
2,all_overlapping,simd,1024,262,1863125,523776
2,all_overlapping,simd,1024,263,1863167,523776
2,all_overlapping,simd,1024,264,1830125,523776
2,all_overlapping,simd,1024,265,1832209,523776
2,all_overlapping,simd,1024,266,1839042,523776
2,all_overlapping,simd,1024,267,1828458,523776
2,all_overlapping,simd,1024,268,1829917,523776
2,all_overlapping,simd,1024,269,1837208,523776
2,all_overlapping,simd,1024,270,1834292,523776
2,all_overlapping,simd,1024,271,1843750,523776
2,all_overlapping,simd,1024,272,1827625,523776
2,all_overlapping,simd,1024,273,1826709,523776
2,all_overlapping,simd,1024,274,1827708,523776
2,all_overlapping,simd,1024,275,1831500,523776
2,all_overlapping,simd,1024,276,1829250,523776
2,all_overlapping,simd,1024,277,1827833,523776
2,all_overlapping,simd,1024,278,1829417,523776
2,all_overlapping,simd,1024,279,1832417,523776
2,all_overlapping,simd,1024,280,1852083,523776
2,all_overlapping,simd,1024,281,1855667,523776
2,all_overlapping,simd,1024,282,1864541,523776
2,all_overlapping,simd,1024,283,1856250,523776
2,all_overlapping,simd,1024,284,1856625,523776
2,all_overlapping,simd,1024,285,1865834,523776
2,all_overlapping,simd,1024,286,1855625,523776
2,all_overlapping,simd,1024,287,1857500,523776
2,all_overlapping,simd,1024,288,1879042,523776
2,all_overlapping,simd,1024,289,1880667,523776
2,all_overlapping,simd,1024,290,1857208,523776
2,all_overlapping,simd,1024,291,1851500,523776
2,all_overlapping,simd,1024,292,1855875,523776
2,all_overlapping,simd,1024,293,1855417,523776
2,all_overlapping,simd,1024,294,1857042,523776
2,all_overlapping,simd,1024,295,1839750,523776
2,all_overlapping,simd,1024,296,1825792,523776
2,all_overlapping,simd,1024,297,1853250,523776
2,all_overlapping,simd,1024,298,1844125,523776
2,all_overlapping,simd,1024,299,1825625,523776
3,sparse,scalar_indirect,1024,0,17958,0
3,sparse,scalar_indirect,1024,1,17917,0
3,sparse,scalar_indirect,1024,2,17875,0
3,sparse,scalar_indirect,1024,3,17875,0
3,sparse,scalar_indirect,1024,4,17916,0
3,sparse,scalar_indirect,1024,5,17917,0
3,sparse,scalar_indirect,1024,6,17958,0
3,sparse,scalar_indirect,1024,7,17875,0
3,sparse,scalar_indirect,1024,8,17958,0
3,sparse,scalar_indirect,1024,9,17917,0
3,sparse,scalar_indirect,1024,10,17875,0
3,sparse,scalar_indirect,1024,11,17875,0
3,sparse,scalar_indirect,1024,12,18000,0
3,sparse,scalar_indirect,1024,13,17958,0
3,sparse,scalar_indirect,1024,14,17875,0
3,sparse,scalar_indirect,1024,15,17917,0
3,sparse,scalar_indirect,1024,16,17916,0
3,sparse,scalar_indirect,1024,17,17917,0
3,sparse,scalar_indirect,1024,18,17916,0
3,sparse,scalar_indirect,1024,19,17959,0
3,sparse,scalar_indirect,1024,20,17916,0
3,sparse,scalar_indirect,1024,21,17959,0
3,sparse,scalar_indirect,1024,22,17916,0
3,sparse,scalar_indirect,1024,23,17917,0
3,sparse,scalar_indirect,1024,24,17917,0
3,sparse,scalar_indirect,1024,25,17917,0
3,sparse,scalar_indirect,1024,26,17917,0
3,sparse,scalar_indirect,1024,27,17875,0
3,sparse,scalar_indirect,1024,28,17958,0
3,sparse,scalar_indirect,1024,29,17875,0
3,sparse,scalar_indirect,1024,30,17875,0
3,sparse,scalar_indirect,1024,31,17875,0
3,sparse,scalar_indirect,1024,32,17875,0
3,sparse,scalar_indirect,1024,33,17959,0
3,sparse,scalar_indirect,1024,34,17958,0
3,sparse,scalar_indirect,1024,35,17958,0
3,sparse,scalar_indirect,1024,36,17917,0
3,sparse,scalar_indirect,1024,37,17916,0
3,sparse,scalar_indirect,1024,38,17958,0
3,sparse,scalar_indirect,1024,39,17959,0
3,sparse,scalar_indirect,1024,40,17916,0
3,sparse,scalar_indirect,1024,41,20375,0
3,sparse,scalar_indirect,1024,42,18416,0
3,sparse,scalar_indirect,1024,43,18209,0
3,sparse,scalar_indirect,1024,44,18167,0
3,sparse,scalar_indirect,1024,45,18166,0
3,sparse,scalar_indirect,1024,46,18167,0
3,sparse,scalar_indirect,1024,47,18291,0
3,sparse,scalar_indirect,1024,48,18167,0
3,sparse,scalar_indirect,1024,49,18167,0
3,sparse,scalar_indirect,1024,50,18166,0
3,sparse,scalar_indirect,1024,51,18167,0
3,sparse,scalar_indirect,1024,52,19917,0
3,sparse,scalar_indirect,1024,53,19125,0
3,sparse,scalar_indirect,1024,54,18167,0
3,sparse,scalar_indirect,1024,55,18125,0
3,sparse,scalar_indirect,1024,56,18208,0
3,sparse,scalar_indirect,1024,57,17917,0
3,sparse,scalar_indirect,1024,58,17916,0
3,sparse,scalar_indirect,1024,59,17875,0
3,sparse,scalar_indirect,1024,60,17916,0
3,sparse,scalar_indirect,1024,61,17917,0
3,sparse,scalar_indirect,1024,62,17916,0
3,sparse,scalar_indirect,1024,63,17917,0
3,sparse,scalar_indirect,1024,64,17916,0
3,sparse,scalar_indirect,1024,65,17959,0
3,sparse,scalar_indirect,1024,66,17917,0
3,sparse,scalar_indirect,1024,67,18000,0
3,sparse,scalar_indirect,1024,68,17958,0
3,sparse,scalar_indirect,1024,69,17959,0
3,sparse,scalar_indirect,1024,70,17958,0
3,sparse,scalar_indirect,1024,71,17875,0
3,sparse,scalar_indirect,1024,72,17916,0
3,sparse,scalar_indirect,1024,73,17875,0
3,sparse,scalar_indirect,1024,74,17875,0
3,sparse,scalar_indirect,1024,75,17875,0
3,sparse,scalar_indirect,1024,76,17875,0
3,sparse,scalar_indirect,1024,77,17875,0
3,sparse,scalar_indirect,1024,78,17875,0
3,sparse,scalar_indirect,1024,79,17917,0
3,sparse,scalar_indirect,1024,80,17917,0
3,sparse,scalar_indirect,1024,81,17875,0
3,sparse,scalar_indirect,1024,82,17916,0
3,sparse,scalar_indirect,1024,83,17959,0
3,sparse,scalar_indirect,1024,84,17958,0
3,sparse,scalar_indirect,1024,85,17958,0
3,sparse,scalar_indirect,1024,86,18000,0
3,sparse,scalar_indirect,1024,87,17959,0
3,sparse,scalar_indirect,1024,88,18000,0
3,sparse,scalar_indirect,1024,89,17917,0
3,sparse,scalar_indirect,1024,90,17958,0
3,sparse,scalar_indirect,1024,91,17959,0
3,sparse,scalar_indirect,1024,92,17917,0
3,sparse,scalar_indirect,1024,93,17875,0
3,sparse,scalar_indirect,1024,94,17916,0
3,sparse,scalar_indirect,1024,95,17875,0
3,sparse,scalar_indirect,1024,96,17958,0
3,sparse,scalar_indirect,1024,97,17875,0
3,sparse,scalar_indirect,1024,98,17959,0
3,sparse,scalar_indirect,1024,99,17917,0
3,sparse,scalar_indirect,1024,100,17917,0
3,sparse,scalar_indirect,1024,101,17875,0
3,sparse,scalar_indirect,1024,102,17875,0
3,sparse,scalar_indirect,1024,103,17875,0
3,sparse,scalar_indirect,1024,104,17875,0
3,sparse,scalar_indirect,1024,105,17875,0
3,sparse,scalar_indirect,1024,106,17958,0
3,sparse,scalar_indirect,1024,107,17917,0
3,sparse,scalar_indirect,1024,108,17875,0
3,sparse,scalar_indirect,1024,109,17875,0
3,sparse,scalar_indirect,1024,110,17916,0
3,sparse,scalar_indirect,1024,111,18000,0
3,sparse,scalar_indirect,1024,112,17875,0
3,sparse,scalar_indirect,1024,113,17958,0
3,sparse,scalar_indirect,1024,114,17875,0
3,sparse,scalar_indirect,1024,115,17875,0
3,sparse,scalar_indirect,1024,116,17875,0
3,sparse,scalar_indirect,1024,117,17875,0
3,sparse,scalar_indirect,1024,118,17875,0
3,sparse,scalar_indirect,1024,119,17875,0
3,sparse,scalar_indirect,1024,120,17875,0
3,sparse,scalar_indirect,1024,121,17917,0
3,sparse,scalar_indirect,1024,122,17875,0
3,sparse,scalar_indirect,1024,123,17834,0
3,sparse,scalar_indirect,1024,124,17875,0
3,sparse,scalar_indirect,1024,125,18042,0
3,sparse,scalar_indirect,1024,126,17916,0
3,sparse,scalar_indirect,1024,127,17917,0
3,sparse,scalar_indirect,1024,128,17959,0
3,sparse,scalar_indirect,1024,129,17917,0
3,sparse,scalar_indirect,1024,130,17916,0
3,sparse,scalar_indirect,1024,131,17875,0
3,sparse,scalar_indirect,1024,132,17834,0
3,sparse,scalar_indirect,1024,133,18000,0
3,sparse,scalar_indirect,1024,134,18000,0
3,sparse,scalar_indirect,1024,135,18042,0
3,sparse,scalar_indirect,1024,136,18000,0
3,sparse,scalar_indirect,1024,137,17917,0
3,sparse,scalar_indirect,1024,138,17917,0
3,sparse,scalar_indirect,1024,139,17917,0
3,sparse,scalar_indirect,1024,140,17875,0
3,sparse,scalar_indirect,1024,141,17875,0
3,sparse,scalar_indirect,1024,142,17958,0
3,sparse,scalar_indirect,1024,143,17833,0
3,sparse,scalar_indirect,1024,144,17792,0
3,sparse,scalar_indirect,1024,145,17959,0
3,sparse,scalar_indirect,1024,146,17916,0
3,sparse,scalar_indirect,1024,147,17917,0
3,sparse,scalar_indirect,1024,148,17875,0
3,sparse,scalar_indirect,1024,149,17958,0
3,sparse,scalar_indirect,1024,150,17959,0
3,sparse,scalar_indirect,1024,151,17875,0
3,sparse,scalar_indirect,1024,152,17917,0
3,sparse,scalar_indirect,1024,153,17917,0
3,sparse,scalar_indirect,1024,154,17916,0
3,sparse,scalar_indirect,1024,155,17875,0
3,sparse,scalar_indirect,1024,156,17833,0
3,sparse,scalar_indirect,1024,157,17875,0
3,sparse,scalar_indirect,1024,158,17958,0
3,sparse,scalar_indirect,1024,159,17875,0
3,sparse,scalar_indirect,1024,160,17875,0
3,sparse,scalar_indirect,1024,161,17875,0
3,sparse,scalar_indirect,1024,162,17875,0
3,sparse,scalar_indirect,1024,163,17875,0
3,sparse,scalar_indirect,1024,164,17917,0
3,sparse,scalar_indirect,1024,165,17875,0
3,sparse,scalar_indirect,1024,166,17875,0
3,sparse,scalar_indirect,1024,167,17875,0
3,sparse,scalar_indirect,1024,168,17875,0
3,sparse,scalar_indirect,1024,169,17875,0
3,sparse,scalar_indirect,1024,170,17875,0
3,sparse,scalar_indirect,1024,171,17875,0
3,sparse,scalar_indirect,1024,172,17875,0
3,sparse,scalar_indirect,1024,173,17875,0
3,sparse,scalar_indirect,1024,174,17875,0
3,sparse,scalar_indirect,1024,175,17875,0
3,sparse,scalar_indirect,1024,176,17875,0
3,sparse,scalar_indirect,1024,177,17833,0
3,sparse,scalar_indirect,1024,178,17917,0
3,sparse,scalar_indirect,1024,179,17875,0
3,sparse,scalar_indirect,1024,180,17833,0
3,sparse,scalar_indirect,1024,181,17833,0
3,sparse,scalar_indirect,1024,182,17875,0
3,sparse,scalar_indirect,1024,183,17875,0
3,sparse,scalar_indirect,1024,184,17875,0
3,sparse,scalar_indirect,1024,185,17875,0
3,sparse,scalar_indirect,1024,186,17875,0
3,sparse,scalar_indirect,1024,187,17875,0
3,sparse,scalar_indirect,1024,188,18000,0
3,sparse,scalar_indirect,1024,189,17958,0
3,sparse,scalar_indirect,1024,190,17917,0
3,sparse,scalar_indirect,1024,191,17875,0
3,sparse,scalar_indirect,1024,192,17875,0
3,sparse,scalar_indirect,1024,193,17875,0
3,sparse,scalar_indirect,1024,194,17875,0
3,sparse,scalar_indirect,1024,195,17875,0
3,sparse,scalar_indirect,1024,196,17875,0
3,sparse,scalar_indirect,1024,197,18000,0
3,sparse,scalar_indirect,1024,198,17958,0
3,sparse,scalar_indirect,1024,199,17875,0
3,sparse,scalar_indirect,1024,200,17875,0
3,sparse,scalar_indirect,1024,201,17875,0
3,sparse,scalar_indirect,1024,202,17917,0
3,sparse,scalar_indirect,1024,203,17917,0
3,sparse,scalar_indirect,1024,204,17875,0
3,sparse,scalar_indirect,1024,205,17917,0
3,sparse,scalar_indirect,1024,206,17916,0
3,sparse,scalar_indirect,1024,207,17875,0
3,sparse,scalar_indirect,1024,208,17917,0
3,sparse,scalar_indirect,1024,209,17792,0
3,sparse,scalar_indirect,1024,210,17875,0
3,sparse,scalar_indirect,1024,211,17959,0
3,sparse,scalar_indirect,1024,212,17833,0
3,sparse,scalar_indirect,1024,213,17875,0
3,sparse,scalar_indirect,1024,214,17958,0
3,sparse,scalar_indirect,1024,215,17875,0
3,sparse,scalar_indirect,1024,216,17875,0
3,sparse,scalar_indirect,1024,217,17917,0
3,sparse,scalar_indirect,1024,218,17875,0
3,sparse,scalar_indirect,1024,219,17875,0
3,sparse,scalar_indirect,1024,220,17875,0
3,sparse,scalar_indirect,1024,221,17833,0
3,sparse,scalar_indirect,1024,222,17917,0
3,sparse,scalar_indirect,1024,223,18041,0
3,sparse,scalar_indirect,1024,224,17875,0
3,sparse,scalar_indirect,1024,225,17875,0
3,sparse,scalar_indirect,1024,226,17875,0
3,sparse,scalar_indirect,1024,227,17875,0
3,sparse,scalar_indirect,1024,228,17917,0
3,sparse,scalar_indirect,1024,229,17916,0
3,sparse,scalar_indirect,1024,230,17875,0
3,sparse,scalar_indirect,1024,231,17875,0
3,sparse,scalar_indirect,1024,232,17917,0
3,sparse,scalar_indirect,1024,233,17833,0
3,sparse,scalar_indirect,1024,234,17875,0
3,sparse,scalar_indirect,1024,235,17917,0
3,sparse,scalar_indirect,1024,236,17875,0
3,sparse,scalar_indirect,1024,237,17917,0
3,sparse,scalar_indirect,1024,238,17958,0
3,sparse,scalar_indirect,1024,239,17875,0
3,sparse,scalar_indirect,1024,240,17875,0
3,sparse,scalar_indirect,1024,241,17875,0
3,sparse,scalar_indirect,1024,242,17958,0
3,sparse,scalar_indirect,1024,243,17958,0
3,sparse,scalar_indirect,1024,244,21375,0
3,sparse,scalar_indirect,1024,245,19208,0
3,sparse,scalar_indirect,1024,246,18167,0
3,sparse,scalar_indirect,1024,247,18166,0
3,sparse,scalar_indirect,1024,248,17917,0
3,sparse,scalar_indirect,1024,249,17875,0
3,sparse,scalar_indirect,1024,250,17917,0
3,sparse,scalar_indirect,1024,251,17875,0
3,sparse,scalar_indirect,1024,252,17875,0
3,sparse,scalar_indirect,1024,253,17875,0
3,sparse,scalar_indirect,1024,254,17917,0
3,sparse,scalar_indirect,1024,255,17958,0
3,sparse,scalar_indirect,1024,256,18000,0
3,sparse,scalar_indirect,1024,257,17875,0
3,sparse,scalar_indirect,1024,258,17875,0
3,sparse,scalar_indirect,1024,259,17875,0
3,sparse,scalar_indirect,1024,260,18000,0
3,sparse,scalar_indirect,1024,261,17959,0
3,sparse,scalar_indirect,1024,262,18041,0
3,sparse,scalar_indirect,1024,263,17959,0
3,sparse,scalar_indirect,1024,264,17916,0
3,sparse,scalar_indirect,1024,265,17917,0
3,sparse,scalar_indirect,1024,266,17917,0
3,sparse,scalar_indirect,1024,267,17916,0
3,sparse,scalar_indirect,1024,268,17833,0
3,sparse,scalar_indirect,1024,269,17917,0
3,sparse,scalar_indirect,1024,270,17958,0
3,sparse,scalar_indirect,1024,271,17875,0
3,sparse,scalar_indirect,1024,272,17875,0
3,sparse,scalar_indirect,1024,273,17875,0
3,sparse,scalar_indirect,1024,274,17917,0
3,sparse,scalar_indirect,1024,275,17917,0
3,sparse,scalar_indirect,1024,276,17916,0
3,sparse,scalar_indirect,1024,277,17875,0
3,sparse,scalar_indirect,1024,278,17917,0
3,sparse,scalar_indirect,1024,279,17917,0
3,sparse,scalar_indirect,1024,280,17834,0
3,sparse,scalar_indirect,1024,281,17959,0
3,sparse,scalar_indirect,1024,282,17958,0
3,sparse,scalar_indirect,1024,283,17917,0
3,sparse,scalar_indirect,1024,284,17916,0
3,sparse,scalar_indirect,1024,285,17875,0
3,sparse,scalar_indirect,1024,286,17917,0
3,sparse,scalar_indirect,1024,287,17916,0
3,sparse,scalar_indirect,1024,288,17917,0
3,sparse,scalar_indirect,1024,289,17875,0
3,sparse,scalar_indirect,1024,290,17958,0
3,sparse,scalar_indirect,1024,291,17917,0
3,sparse,scalar_indirect,1024,292,17917,0
3,sparse,scalar_indirect,1024,293,17916,0
3,sparse,scalar_indirect,1024,294,17959,0
3,sparse,scalar_indirect,1024,295,17916,0
3,sparse,scalar_indirect,1024,296,17917,0
3,sparse,scalar_indirect,1024,297,17875,0
3,sparse,scalar_indirect,1024,298,17917,0
3,sparse,scalar_indirect,1024,299,17916,0
3,sparse,scalar_packed,1024,0,12708,0
3,sparse,scalar_packed,1024,1,12458,0
3,sparse,scalar_packed,1024,2,12500,0
3,sparse,scalar_packed,1024,3,12500,0
3,sparse,scalar_packed,1024,4,12583,0
3,sparse,scalar_packed,1024,5,12542,0
3,sparse,scalar_packed,1024,6,12542,0
3,sparse,scalar_packed,1024,7,12541,0
3,sparse,scalar_packed,1024,8,12500,0
3,sparse,scalar_packed,1024,9,12584,0
3,sparse,scalar_packed,1024,10,12500,0
3,sparse,scalar_packed,1024,11,12500,0
3,sparse,scalar_packed,1024,12,12459,0
3,sparse,scalar_packed,1024,13,12500,0
3,sparse,scalar_packed,1024,14,12500,0
3,sparse,scalar_packed,1024,15,12542,0
3,sparse,scalar_packed,1024,16,12542,0
3,sparse,scalar_packed,1024,17,12542,0
3,sparse,scalar_packed,1024,18,12584,0
3,sparse,scalar_packed,1024,19,12500,0
3,sparse,scalar_packed,1024,20,12583,0
3,sparse,scalar_packed,1024,21,12458,0
3,sparse,scalar_packed,1024,22,12459,0
3,sparse,scalar_packed,1024,23,12458,0
3,sparse,scalar_packed,1024,24,12500,0
3,sparse,scalar_packed,1024,25,12500,0
3,sparse,scalar_packed,1024,26,12417,0
3,sparse,scalar_packed,1024,27,12542,0
3,sparse,scalar_packed,1024,28,12458,0
3,sparse,scalar_packed,1024,29,12416,0
3,sparse,scalar_packed,1024,30,12417,0
3,sparse,scalar_packed,1024,31,12583,0
3,sparse,scalar_packed,1024,32,12583,0
3,sparse,scalar_packed,1024,33,12500,0
3,sparse,scalar_packed,1024,34,12416,0
3,sparse,scalar_packed,1024,35,12500,0
3,sparse,scalar_packed,1024,36,12458,0
3,sparse,scalar_packed,1024,37,12583,0
3,sparse,scalar_packed,1024,38,12542,0
3,sparse,scalar_packed,1024,39,12458,0
3,sparse,scalar_packed,1024,40,12458,0
3,sparse,scalar_packed,1024,41,12500,0
3,sparse,scalar_packed,1024,42,12583,0
3,sparse,scalar_packed,1024,43,12417,0
3,sparse,scalar_packed,1024,44,12541,0
3,sparse,scalar_packed,1024,45,12417,0
3,sparse,scalar_packed,1024,46,12541,0
3,sparse,scalar_packed,1024,47,12459,0
3,sparse,scalar_packed,1024,48,12542,0
3,sparse,scalar_packed,1024,49,12542,0
3,sparse,scalar_packed,1024,50,12542,0
3,sparse,scalar_packed,1024,51,12500,0
3,sparse,scalar_packed,1024,52,12542,0
3,sparse,scalar_packed,1024,53,12416,0
3,sparse,scalar_packed,1024,54,12625,0
3,sparse,scalar_packed,1024,55,12417,0
3,sparse,scalar_packed,1024,56,12458,0
3,sparse,scalar_packed,1024,57,12458,0
3,sparse,scalar_packed,1024,58,12500,0
3,sparse,scalar_packed,1024,59,12459,0
3,sparse,scalar_packed,1024,60,12458,0
3,sparse,scalar_packed,1024,61,12458,0
3,sparse,scalar_packed,1024,62,12417,0
3,sparse,scalar_packed,1024,63,12542,0
3,sparse,scalar_packed,1024,64,12458,0
3,sparse,scalar_packed,1024,65,12459,0
3,sparse,scalar_packed,1024,66,12458,0
3,sparse,scalar_packed,1024,67,12583,0
3,sparse,scalar_packed,1024,68,12458,0
3,sparse,scalar_packed,1024,69,12417,0
3,sparse,scalar_packed,1024,70,12458,0
3,sparse,scalar_packed,1024,71,12583,0
3,sparse,scalar_packed,1024,72,12542,0
3,sparse,scalar_packed,1024,73,12541,0
3,sparse,scalar_packed,1024,74,12542,0
3,sparse,scalar_packed,1024,75,12500,0
3,sparse,scalar_packed,1024,76,12917,0
3,sparse,scalar_packed,1024,77,14791,0
3,sparse,scalar_packed,1024,78,14000,0
3,sparse,scalar_packed,1024,79,14000,0
3,sparse,scalar_packed,1024,80,12667,0
3,sparse,scalar_packed,1024,81,12584,0
3,sparse,scalar_packed,1024,82,12666,0
3,sparse,scalar_packed,1024,83,12584,0
3,sparse,scalar_packed,1024,84,12542,0
3,sparse,scalar_packed,1024,85,12583,0
3,sparse,scalar_packed,1024,86,14542,0
3,sparse,scalar_packed,1024,87,13291,0
3,sparse,scalar_packed,1024,88,12709,0
3,sparse,scalar_packed,1024,89,12667,0
3,sparse,scalar_packed,1024,90,12583,0
3,sparse,scalar_packed,1024,91,12542,0
3,sparse,scalar_packed,1024,92,12541,0
3,sparse,scalar_packed,1024,93,12500,0
3,sparse,scalar_packed,1024,94,12583,0
3,sparse,scalar_packed,1024,95,12500,0
3,sparse,scalar_packed,1024,96,12500,0
3,sparse,scalar_packed,1024,97,12500,0
3,sparse,scalar_packed,1024,98,12583,0
3,sparse,scalar_packed,1024,99,12542,0
3,sparse,scalar_packed,1024,100,12625,0
3,sparse,scalar_packed,1024,101,12541,0
3,sparse,scalar_packed,1024,102,12417,0
3,sparse,scalar_packed,1024,103,12458,0
3,sparse,scalar_packed,1024,104,12583,0
3,sparse,scalar_packed,1024,105,12584,0
3,sparse,scalar_packed,1024,106,12583,0
3,sparse,scalar_packed,1024,107,12458,0
3,sparse,scalar_packed,1024,108,12583,0
3,sparse,scalar_packed,1024,109,12542,0
3,sparse,scalar_packed,1024,110,12500,0
3,sparse,scalar_packed,1024,111,12541,0
3,sparse,scalar_packed,1024,112,12583,0
3,sparse,scalar_packed,1024,113,12459,0
3,sparse,scalar_packed,1024,114,12500,0
3,sparse,scalar_packed,1024,115,12542,0
3,sparse,scalar_packed,1024,116,12541,0
3,sparse,scalar_packed,1024,117,12584,0
3,sparse,scalar_packed,1024,118,12541,0
3,sparse,scalar_packed,1024,119,12542,0
3,sparse,scalar_packed,1024,120,12500,0
3,sparse,scalar_packed,1024,121,12500,0
3,sparse,scalar_packed,1024,122,12417,0
3,sparse,scalar_packed,1024,123,12458,0
3,sparse,scalar_packed,1024,124,12584,0
3,sparse,scalar_packed,1024,125,12417,0
3,sparse,scalar_packed,1024,126,13833,0
3,sparse,scalar_packed,1024,127,13875,0
3,sparse,scalar_packed,1024,128,12708,0
3,sparse,scalar_packed,1024,129,12750,0
3,sparse,scalar_packed,1024,130,12709,0
3,sparse,scalar_packed,1024,131,12667,0
3,sparse,scalar_packed,1024,132,15208,0
3,sparse,scalar_packed,1024,133,12708,0
3,sparse,scalar_packed,1024,134,14375,0
3,sparse,scalar_packed,1024,135,14541,0
3,sparse,scalar_packed,1024,136,12709,0
3,sparse,scalar_packed,1024,137,12542,0
3,sparse,scalar_packed,1024,138,12500,0
3,sparse,scalar_packed,1024,139,12417,0
3,sparse,scalar_packed,1024,140,12542,0
3,sparse,scalar_packed,1024,141,12500,0
3,sparse,scalar_packed,1024,142,14500,0
3,sparse,scalar_packed,1024,143,12458,0
3,sparse,scalar_packed,1024,144,12500,0
3,sparse,scalar_packed,1024,145,12542,0
3,sparse,scalar_packed,1024,146,12500,0
3,sparse,scalar_packed,1024,147,12500,0
3,sparse,scalar_packed,1024,148,12458,0
3,sparse,scalar_packed,1024,149,12500,0
3,sparse,scalar_packed,1024,150,12458,0
3,sparse,scalar_packed,1024,151,12500,0
3,sparse,scalar_packed,1024,152,12500,0
3,sparse,scalar_packed,1024,153,12542,0
3,sparse,scalar_packed,1024,154,12500,0
3,sparse,scalar_packed,1024,155,12459,0
3,sparse,scalar_packed,1024,156,12500,0
3,sparse,scalar_packed,1024,157,12500,0
3,sparse,scalar_packed,1024,158,12500,0
3,sparse,scalar_packed,1024,159,12459,0
3,sparse,scalar_packed,1024,160,12458,0
3,sparse,scalar_packed,1024,161,12416,0
3,sparse,scalar_packed,1024,162,12542,0
3,sparse,scalar_packed,1024,163,12500,0
3,sparse,scalar_packed,1024,164,12542,0
3,sparse,scalar_packed,1024,165,12458,0
3,sparse,scalar_packed,1024,166,12500,0
3,sparse,scalar_packed,1024,167,12500,0
3,sparse,scalar_packed,1024,168,12541,0
3,sparse,scalar_packed,1024,169,12584,0
3,sparse,scalar_packed,1024,170,12500,0
3,sparse,scalar_packed,1024,171,12500,0
3,sparse,scalar_packed,1024,172,12500,0
3,sparse,scalar_packed,1024,173,12458,0
3,sparse,scalar_packed,1024,174,12542,0
3,sparse,scalar_packed,1024,175,12500,0
3,sparse,scalar_packed,1024,176,12459,0
3,sparse,scalar_packed,1024,177,12500,0
3,sparse,scalar_packed,1024,178,12500,0
3,sparse,scalar_packed,1024,179,12541,0
3,sparse,scalar_packed,1024,180,12458,0
3,sparse,scalar_packed,1024,181,12500,0
3,sparse,scalar_packed,1024,182,12458,0
3,sparse,scalar_packed,1024,183,12459,0
3,sparse,scalar_packed,1024,184,12500,0
3,sparse,scalar_packed,1024,185,12500,0
3,sparse,scalar_packed,1024,186,12500,0
3,sparse,scalar_packed,1024,187,12541,0
3,sparse,scalar_packed,1024,188,12500,0
3,sparse,scalar_packed,1024,189,12542,0
3,sparse,scalar_packed,1024,190,12458,0
3,sparse,scalar_packed,1024,191,12584,0
3,sparse,scalar_packed,1024,192,12500,0
3,sparse,scalar_packed,1024,193,12500,0
3,sparse,scalar_packed,1024,194,12459,0
3,sparse,scalar_packed,1024,195,12500,0
3,sparse,scalar_packed,1024,196,12541,0
3,sparse,scalar_packed,1024,197,12459,0
3,sparse,scalar_packed,1024,198,12542,0
3,sparse,scalar_packed,1024,199,12417,0
3,sparse,scalar_packed,1024,200,12500,0
3,sparse,scalar_packed,1024,201,12500,0
3,sparse,scalar_packed,1024,202,12459,0
3,sparse,scalar_packed,1024,203,12583,0
3,sparse,scalar_packed,1024,204,12583,0
3,sparse,scalar_packed,1024,205,12542,0
3,sparse,scalar_packed,1024,206,12500,0
3,sparse,scalar_packed,1024,207,12542,0
3,sparse,scalar_packed,1024,208,12458,0
3,sparse,scalar_packed,1024,209,12584,0
3,sparse,scalar_packed,1024,210,12583,0
3,sparse,scalar_packed,1024,211,12458,0
3,sparse,scalar_packed,1024,212,12542,0
3,sparse,scalar_packed,1024,213,12583,0
3,sparse,scalar_packed,1024,214,12541,0
3,sparse,scalar_packed,1024,215,12542,0
3,sparse,scalar_packed,1024,216,12458,0
3,sparse,scalar_packed,1024,217,12500,0
3,sparse,scalar_packed,1024,218,12458,0
3,sparse,scalar_packed,1024,219,12458,0
3,sparse,scalar_packed,1024,220,12625,0
3,sparse,scalar_packed,1024,221,12542,0
3,sparse,scalar_packed,1024,222,12583,0
3,sparse,scalar_packed,1024,223,12500,0
3,sparse,scalar_packed,1024,224,12459,0
3,sparse,scalar_packed,1024,225,12542,0
3,sparse,scalar_packed,1024,226,12583,0
3,sparse,scalar_packed,1024,227,12459,0
3,sparse,scalar_packed,1024,228,12500,0
3,sparse,scalar_packed,1024,229,12542,0
3,sparse,scalar_packed,1024,230,12416,0
3,sparse,scalar_packed,1024,231,12583,0
3,sparse,scalar_packed,1024,232,12459,0
3,sparse,scalar_packed,1024,233,12583,0
3,sparse,scalar_packed,1024,234,12500,0
3,sparse,scalar_packed,1024,235,12417,0
3,sparse,scalar_packed,1024,236,12542,0
3,sparse,scalar_packed,1024,237,12541,0
3,sparse,scalar_packed,1024,238,12500,0
3,sparse,scalar_packed,1024,239,12542,0
3,sparse,scalar_packed,1024,240,12500,0
3,sparse,scalar_packed,1024,241,12417,0
3,sparse,scalar_packed,1024,242,12416,0
3,sparse,scalar_packed,1024,243,12583,0
3,sparse,scalar_packed,1024,244,12584,0
3,sparse,scalar_packed,1024,245,12500,0
3,sparse,scalar_packed,1024,246,12459,0
3,sparse,scalar_packed,1024,247,12458,0
3,sparse,scalar_packed,1024,248,12542,0
3,sparse,scalar_packed,1024,249,12459,0
3,sparse,scalar_packed,1024,250,12708,0
3,sparse,scalar_packed,1024,251,12500,0
3,sparse,scalar_packed,1024,252,12417,0
3,sparse,scalar_packed,1024,253,12458,0
3,sparse,scalar_packed,1024,254,12541,0
3,sparse,scalar_packed,1024,255,12500,0
3,sparse,scalar_packed,1024,256,12500,0
3,sparse,scalar_packed,1024,257,12542,0
3,sparse,scalar_packed,1024,258,12500,0
3,sparse,scalar_packed,1024,259,12458,0
3,sparse,scalar_packed,1024,260,12500,0
3,sparse,scalar_packed,1024,261,12458,0
3,sparse,scalar_packed,1024,262,12417,0
3,sparse,scalar_packed,1024,263,12458,0
3,sparse,scalar_packed,1024,264,12583,0
3,sparse,scalar_packed,1024,265,12625,0
3,sparse,scalar_packed,1024,266,12459,0
3,sparse,scalar_packed,1024,267,12459,0
3,sparse,scalar_packed,1024,268,12459,0
3,sparse,scalar_packed,1024,269,12416,0
3,sparse,scalar_packed,1024,270,12459,0
3,sparse,scalar_packed,1024,271,12542,0
3,sparse,scalar_packed,1024,272,12500,0
3,sparse,scalar_packed,1024,273,12500,0
3,sparse,scalar_packed,1024,274,12417,0
3,sparse,scalar_packed,1024,275,12583,0
3,sparse,scalar_packed,1024,276,12542,0
3,sparse,scalar_packed,1024,277,12458,0
3,sparse,scalar_packed,1024,278,12500,0
3,sparse,scalar_packed,1024,279,12458,0
3,sparse,scalar_packed,1024,280,12417,0
3,sparse,scalar_packed,1024,281,12500,0
3,sparse,scalar_packed,1024,282,12500,0
3,sparse,scalar_packed,1024,283,12459,0
3,sparse,scalar_packed,1024,284,12500,0
3,sparse,scalar_packed,1024,285,12458,0
3,sparse,scalar_packed,1024,286,12416,0
3,sparse,scalar_packed,1024,287,12458,0
3,sparse,scalar_packed,1024,288,12417,0
3,sparse,scalar_packed,1024,289,12459,0
3,sparse,scalar_packed,1024,290,12459,0
3,sparse,scalar_packed,1024,291,12416,0
3,sparse,scalar_packed,1024,292,12459,0
3,sparse,scalar_packed,1024,293,12459,0
3,sparse,scalar_packed,1024,294,12458,0
3,sparse,scalar_packed,1024,295,12458,0
3,sparse,scalar_packed,1024,296,12500,0
3,sparse,scalar_packed,1024,297,12417,0
3,sparse,scalar_packed,1024,298,12416,0
3,sparse,scalar_packed,1024,299,12500,0
3,sparse,simd,1024,0,11250,0
3,sparse,simd,1024,1,11209,0
3,sparse,simd,1024,2,11208,0
3,sparse,simd,1024,3,11250,0
3,sparse,simd,1024,4,11250,0
3,sparse,simd,1024,5,11208,0
3,sparse,simd,1024,6,11208,0
3,sparse,simd,1024,7,11250,0
3,sparse,simd,1024,8,11167,0
3,sparse,simd,1024,9,11250,0
3,sparse,simd,1024,10,11209,0
3,sparse,simd,1024,11,11208,0
3,sparse,simd,1024,12,11333,0
3,sparse,simd,1024,13,11208,0
3,sparse,simd,1024,14,11209,0
3,sparse,simd,1024,15,11167,0
3,sparse,simd,1024,16,11208,0
3,sparse,simd,1024,17,11334,0
3,sparse,simd,1024,18,11291,0
3,sparse,simd,1024,19,11209,0
3,sparse,simd,1024,20,11166,0
3,sparse,simd,1024,21,11209,0
3,sparse,simd,1024,22,11167,0
3,sparse,simd,1024,23,11208,0
3,sparse,simd,1024,24,11208,0
3,sparse,simd,1024,25,11209,0
3,sparse,simd,1024,26,11334,0
3,sparse,simd,1024,27,11250,0
3,sparse,simd,1024,28,11167,0
3,sparse,simd,1024,29,11208,0
3,sparse,simd,1024,30,11209,0
3,sparse,simd,1024,31,11291,0
3,sparse,simd,1024,32,11209,0
3,sparse,simd,1024,33,11209,0
3,sparse,simd,1024,34,11166,0
3,sparse,simd,1024,35,11250,0
3,sparse,simd,1024,36,11209,0
3,sparse,simd,1024,37,11167,0
3,sparse,simd,1024,38,11208,0
3,sparse,simd,1024,39,11167,0
3,sparse,simd,1024,40,11209,0
3,sparse,simd,1024,41,11166,0
3,sparse,simd,1024,42,11167,0
3,sparse,simd,1024,43,11167,0
3,sparse,simd,1024,44,11166,0
3,sparse,simd,1024,45,11208,0
3,sparse,simd,1024,46,11167,0
3,sparse,simd,1024,47,11167,0
3,sparse,simd,1024,48,11208,0
3,sparse,simd,1024,49,11209,0
3,sparse,simd,1024,50,11250,0
3,sparse,simd,1024,51,11208,0
3,sparse,simd,1024,52,11208,0
3,sparse,simd,1024,53,11125,0
3,sparse,simd,1024,54,11166,0
3,sparse,simd,1024,55,11167,0
3,sparse,simd,1024,56,11208,0
3,sparse,simd,1024,57,11208,0
3,sparse,simd,1024,58,11167,0
3,sparse,simd,1024,59,11208,0
3,sparse,simd,1024,60,11167,0
3,sparse,simd,1024,61,11167,0
3,sparse,simd,1024,62,11166,0
3,sparse,simd,1024,63,11209,0
3,sparse,simd,1024,64,11250,0
3,sparse,simd,1024,65,11166,0
3,sparse,simd,1024,66,11167,0
3,sparse,simd,1024,67,11208,0
3,sparse,simd,1024,68,11292,0
3,sparse,simd,1024,69,11334,0
3,sparse,simd,1024,70,11333,0
3,sparse,simd,1024,71,11250,0
3,sparse,simd,1024,72,11250,0
3,sparse,simd,1024,73,11291,0
3,sparse,simd,1024,74,11250,0
3,sparse,simd,1024,75,11167,0
3,sparse,simd,1024,76,11250,0
3,sparse,simd,1024,77,11375,0
3,sparse,simd,1024,78,11250,0
3,sparse,simd,1024,79,11292,0
3,sparse,simd,1024,80,11292,0
3,sparse,simd,1024,81,11167,0
3,sparse,simd,1024,82,11166,0
3,sparse,simd,1024,83,11333,0
3,sparse,simd,1024,84,11250,0
3,sparse,simd,1024,85,11125,0
3,sparse,simd,1024,86,11208,0
3,sparse,simd,1024,87,11208,0
3,sparse,simd,1024,88,11209,0
3,sparse,simd,1024,89,11208,0
3,sparse,simd,1024,90,11208,0
3,sparse,simd,1024,91,11208,0
3,sparse,simd,1024,92,11209,0
3,sparse,simd,1024,93,11208,0
3,sparse,simd,1024,94,11166,0
3,sparse,simd,1024,95,11167,0
3,sparse,simd,1024,96,11209,0
3,sparse,simd,1024,97,11209,0
3,sparse,simd,1024,98,11208,0
3,sparse,simd,1024,99,11167,0
3,sparse,simd,1024,100,11167,0
3,sparse,simd,1024,101,11166,0
3,sparse,simd,1024,102,11208,0
3,sparse,simd,1024,103,11167,0
3,sparse,simd,1024,104,11125,0
3,sparse,simd,1024,105,11167,0
3,sparse,simd,1024,106,11208,0
3,sparse,simd,1024,107,11208,0
3,sparse,simd,1024,108,11209,0
3,sparse,simd,1024,109,11167,0
3,sparse,simd,1024,110,11250,0
3,sparse,simd,1024,111,11167,0
3,sparse,simd,1024,112,11208,0
3,sparse,simd,1024,113,11208,0
3,sparse,simd,1024,114,11292,0
3,sparse,simd,1024,115,11250,0
3,sparse,simd,1024,116,11333,0
3,sparse,simd,1024,117,11292,0
3,sparse,simd,1024,118,11209,0
3,sparse,simd,1024,119,11250,0
3,sparse,simd,1024,120,11250,0
3,sparse,simd,1024,121,11334,0
3,sparse,simd,1024,122,11291,0
3,sparse,simd,1024,123,11167,0
3,sparse,simd,1024,124,11208,0
3,sparse,simd,1024,125,11292,0
3,sparse,simd,1024,126,11208,0
3,sparse,simd,1024,127,11333,0
3,sparse,simd,1024,128,11292,0
3,sparse,simd,1024,129,11250,0
3,sparse,simd,1024,130,11292,0
3,sparse,simd,1024,131,11333,0
3,sparse,simd,1024,132,11250,0
3,sparse,simd,1024,133,11291,0
3,sparse,simd,1024,134,11250,0
3,sparse,simd,1024,135,11292,0
3,sparse,simd,1024,136,11166,0
3,sparse,simd,1024,137,11125,0
3,sparse,simd,1024,138,11208,0
3,sparse,simd,1024,139,11208,0
3,sparse,simd,1024,140,11209,0
3,sparse,simd,1024,141,11208,0
3,sparse,simd,1024,142,11250,0
3,sparse,simd,1024,143,11166,0
3,sparse,simd,1024,144,11208,0
3,sparse,simd,1024,145,11209,0
3,sparse,simd,1024,146,11250,0
3,sparse,simd,1024,147,11166,0
3,sparse,simd,1024,148,11208,0
3,sparse,simd,1024,149,11209,0
3,sparse,simd,1024,150,11209,0
3,sparse,simd,1024,151,11208,0
3,sparse,simd,1024,152,11208,0
3,sparse,simd,1024,153,11250,0
3,sparse,simd,1024,154,11209,0
3,sparse,simd,1024,155,11208,0
3,sparse,simd,1024,156,11125,0
3,sparse,simd,1024,157,11166,0
3,sparse,simd,1024,158,11250,0
3,sparse,simd,1024,159,11209,0
3,sparse,simd,1024,160,11208,0
3,sparse,simd,1024,161,11292,0
3,sparse,simd,1024,162,11250,0
3,sparse,simd,1024,163,11167,0
3,sparse,simd,1024,164,11166,0
3,sparse,simd,1024,165,11208,0
3,sparse,simd,1024,166,11167,0
3,sparse,simd,1024,167,11208,0
3,sparse,simd,1024,168,11208,0
3,sparse,simd,1024,169,11292,0
3,sparse,simd,1024,170,11333,0
3,sparse,simd,1024,171,11292,0
3,sparse,simd,1024,172,11292,0
3,sparse,simd,1024,173,11208,0
3,sparse,simd,1024,174,11208,0
3,sparse,simd,1024,175,11167,0
3,sparse,simd,1024,176,11208,0
3,sparse,simd,1024,177,11209,0
3,sparse,simd,1024,178,11291,0
3,sparse,simd,1024,179,11292,0
3,sparse,simd,1024,180,11208,0
3,sparse,simd,1024,181,11208,0
3,sparse,simd,1024,182,11167,0
3,sparse,simd,1024,183,11166,0
3,sparse,simd,1024,184,11167,0
3,sparse,simd,1024,185,11208,0
3,sparse,simd,1024,186,11250,0
3,sparse,simd,1024,187,11167,0
3,sparse,simd,1024,188,11250,0
3,sparse,simd,1024,189,11209,0
3,sparse,simd,1024,190,11208,0
3,sparse,simd,1024,191,11208,0
3,sparse,simd,1024,192,11166,0
3,sparse,simd,1024,193,11292,0
3,sparse,simd,1024,194,11166,0
3,sparse,simd,1024,195,11167,0
3,sparse,simd,1024,196,11250,0
3,sparse,simd,1024,197,11291,0
3,sparse,simd,1024,198,11292,0
3,sparse,simd,1024,199,11250,0
3,sparse,simd,1024,200,11291,0
3,sparse,simd,1024,201,11167,0
3,sparse,simd,1024,202,11166,0
3,sparse,simd,1024,203,11209,0
3,sparse,simd,1024,204,11208,0
3,sparse,simd,1024,205,11250,0
3,sparse,simd,1024,206,11167,0
3,sparse,simd,1024,207,11167,0
3,sparse,simd,1024,208,11167,0
3,sparse,simd,1024,209,11208,0
3,sparse,simd,1024,210,11208,0
3,sparse,simd,1024,211,11209,0
3,sparse,simd,1024,212,11208,0
3,sparse,simd,1024,213,11208,0
3,sparse,simd,1024,214,11167,0
3,sparse,simd,1024,215,11166,0
3,sparse,simd,1024,216,11209,0
3,sparse,simd,1024,217,11208,0
3,sparse,simd,1024,218,11166,0
3,sparse,simd,1024,219,11208,0
3,sparse,simd,1024,220,11208,0
3,sparse,simd,1024,221,11209,0
3,sparse,simd,1024,222,11166,0
3,sparse,simd,1024,223,11167,0
3,sparse,simd,1024,224,11209,0
3,sparse,simd,1024,225,11209,0
3,sparse,simd,1024,226,11208,0
3,sparse,simd,1024,227,11125,0
3,sparse,simd,1024,228,11167,0
3,sparse,simd,1024,229,11167,0
3,sparse,simd,1024,230,11167,0
3,sparse,simd,1024,231,11166,0
3,sparse,simd,1024,232,11209,0
3,sparse,simd,1024,233,11208,0
3,sparse,simd,1024,234,11208,0
3,sparse,simd,1024,235,11209,0
3,sparse,simd,1024,236,11209,0
3,sparse,simd,1024,237,11208,0
3,sparse,simd,1024,238,11208,0
3,sparse,simd,1024,239,11209,0
3,sparse,simd,1024,240,11208,0
3,sparse,simd,1024,241,11208,0
3,sparse,simd,1024,242,11209,0
3,sparse,simd,1024,243,11209,0
3,sparse,simd,1024,244,11208,0
3,sparse,simd,1024,245,11208,0
3,sparse,simd,1024,246,11209,0
3,sparse,simd,1024,247,11209,0
3,sparse,simd,1024,248,11208,0
3,sparse,simd,1024,249,11166,0
3,sparse,simd,1024,250,11250,0
3,sparse,simd,1024,251,11208,0
3,sparse,simd,1024,252,11208,0
3,sparse,simd,1024,253,11209,0
3,sparse,simd,1024,254,11167,0
3,sparse,simd,1024,255,11208,0
3,sparse,simd,1024,256,11209,0
3,sparse,simd,1024,257,11167,0
3,sparse,simd,1024,258,11208,0
3,sparse,simd,1024,259,11167,0
3,sparse,simd,1024,260,11166,0
3,sparse,simd,1024,261,11167,0
3,sparse,simd,1024,262,11209,0
3,sparse,simd,1024,263,11208,0
3,sparse,simd,1024,264,11208,0
3,sparse,simd,1024,265,11167,0
3,sparse,simd,1024,266,11208,0
3,sparse,simd,1024,267,11166,0
3,sparse,simd,1024,268,11208,0
3,sparse,simd,1024,269,11167,0
3,sparse,simd,1024,270,11208,0
3,sparse,simd,1024,271,11250,0
3,sparse,simd,1024,272,11333,0
3,sparse,simd,1024,273,11167,0
3,sparse,simd,1024,274,11166,0
3,sparse,simd,1024,275,11250,0
3,sparse,simd,1024,276,11292,0
3,sparse,simd,1024,277,11208,0
3,sparse,simd,1024,278,11167,0
3,sparse,simd,1024,279,11167,0
3,sparse,simd,1024,280,11208,0
3,sparse,simd,1024,281,11250,0
3,sparse,simd,1024,282,11209,0
3,sparse,simd,1024,283,11208,0
3,sparse,simd,1024,284,11292,0
3,sparse,simd,1024,285,11250,0
3,sparse,simd,1024,286,11167,0
3,sparse,simd,1024,287,11292,0
3,sparse,simd,1024,288,11333,0
3,sparse,simd,1024,289,11250,0
3,sparse,simd,1024,290,11250,0
3,sparse,simd,1024,291,11208,0
3,sparse,simd,1024,292,11209,0
3,sparse,simd,1024,293,11208,0
3,sparse,simd,1024,294,11208,0
3,sparse,simd,1024,295,11208,0
3,sparse,simd,1024,296,11209,0
3,sparse,simd,1024,297,11208,0
3,sparse,simd,1024,298,11166,0
3,sparse,simd,1024,299,11292,0
3,dense,scalar_indirect,1024,0,76833,3858
3,dense,scalar_indirect,1024,1,76792,3858
3,dense,scalar_indirect,1024,2,76708,3858
3,dense,scalar_indirect,1024,3,76625,3858
3,dense,scalar_indirect,1024,4,76666,3858
3,dense,scalar_indirect,1024,5,76667,3858
3,dense,scalar_indirect,1024,6,76708,3858
3,dense,scalar_indirect,1024,7,76625,3858
3,dense,scalar_indirect,1024,8,76708,3858
3,dense,scalar_indirect,1024,9,76667,3858
3,dense,scalar_indirect,1024,10,76708,3858
3,dense,scalar_indirect,1024,11,76750,3858
3,dense,scalar_indirect,1024,12,76708,3858
3,dense,scalar_indirect,1024,13,76667,3858
3,dense,scalar_indirect,1024,14,76666,3858
3,dense,scalar_indirect,1024,15,76792,3858
3,dense,scalar_indirect,1024,16,76708,3858
3,dense,scalar_indirect,1024,17,76708,3858
3,dense,scalar_indirect,1024,18,76750,3858
3,dense,scalar_indirect,1024,19,76708,3858
3,dense,scalar_indirect,1024,20,76833,3858
3,dense,scalar_indirect,1024,21,76792,3858
3,dense,scalar_indirect,1024,22,76708,3858
3,dense,scalar_indirect,1024,23,76667,3858
3,dense,scalar_indirect,1024,24,76709,3858
3,dense,scalar_indirect,1024,25,76667,3858
3,dense,scalar_indirect,1024,26,76792,3858
3,dense,scalar_indirect,1024,27,76667,3858
3,dense,scalar_indirect,1024,28,76625,3858
3,dense,scalar_indirect,1024,29,76667,3858
3,dense,scalar_indirect,1024,30,76709,3858
3,dense,scalar_indirect,1024,31,76750,3858
3,dense,scalar_indirect,1024,32,76584,3858
3,dense,scalar_indirect,1024,33,76625,3858
3,dense,scalar_indirect,1024,34,76708,3858
3,dense,scalar_indirect,1024,35,76625,3858
3,dense,scalar_indirect,1024,36,76792,3858
3,dense,scalar_indirect,1024,37,76625,3858
3,dense,scalar_indirect,1024,38,76750,3858
3,dense,scalar_indirect,1024,39,76625,3858
3,dense,scalar_indirect,1024,40,76667,3858
3,dense,scalar_indirect,1024,41,76750,3858
3,dense,scalar_indirect,1024,42,76667,3858
3,dense,scalar_indirect,1024,43,76708,3858
3,dense,scalar_indirect,1024,44,76792,3858
3,dense,scalar_indirect,1024,45,76583,3858
3,dense,scalar_indirect,1024,46,76875,3858
3,dense,scalar_indirect,1024,47,76708,3858
3,dense,scalar_indirect,1024,48,76583,3858
3,dense,scalar_indirect,1024,49,76625,3858
3,dense,scalar_indirect,1024,50,76666,3858
3,dense,scalar_indirect,1024,51,76834,3858
3,dense,scalar_indirect,1024,52,76709,3858
3,dense,scalar_indirect,1024,53,76750,3858
3,dense,scalar_indirect,1024,54,76750,3858
3,dense,scalar_indirect,1024,55,76750,3858
3,dense,scalar_indirect,1024,56,76750,3858
3,dense,scalar_indirect,1024,57,76750,3858
3,dense,scalar_indirect,1024,58,76750,3858
3,dense,scalar_indirect,1024,59,81750,3858
3,dense,scalar_indirect,1024,60,78750,3858
3,dense,scalar_indirect,1024,61,76875,3858
3,dense,scalar_indirect,1024,62,76750,3858
3,dense,scalar_indirect,1024,63,76667,3858
3,dense,scalar_indirect,1024,64,76709,3858
3,dense,scalar_indirect,1024,65,76667,3858
3,dense,scalar_indirect,1024,66,76792,3858
3,dense,scalar_indirect,1024,67,76709,3858
3,dense,scalar_indirect,1024,68,76791,3858
3,dense,scalar_indirect,1024,69,76667,3858
3,dense,scalar_indirect,1024,70,76750,3858
3,dense,scalar_indirect,1024,71,76750,3858
3,dense,scalar_indirect,1024,72,76708,3858
3,dense,scalar_indirect,1024,73,76708,3858
3,dense,scalar_indirect,1024,74,76750,3858
3,dense,scalar_indirect,1024,75,76708,3858
3,dense,scalar_indirect,1024,76,79709,3858
3,dense,scalar_indirect,1024,77,76792,3858
3,dense,scalar_indirect,1024,78,76667,3858
3,dense,scalar_indirect,1024,79,76750,3858
3,dense,scalar_indirect,1024,80,76667,3858
3,dense,scalar_indirect,1024,81,76708,3858
3,dense,scalar_indirect,1024,82,79750,3858
3,dense,scalar_indirect,1024,83,76667,3858
3,dense,scalar_indirect,1024,84,76625,3858
3,dense,scalar_indirect,1024,85,76583,3858
3,dense,scalar_indirect,1024,86,76708,3858
3,dense,scalar_indirect,1024,87,76709,3858
3,dense,scalar_indirect,1024,88,76625,3858
3,dense,scalar_indirect,1024,89,76625,3858
3,dense,scalar_indirect,1024,90,76667,3858
3,dense,scalar_indirect,1024,91,76667,3858
3,dense,scalar_indirect,1024,92,76750,3858
3,dense,scalar_indirect,1024,93,76750,3858
3,dense,scalar_indirect,1024,94,76708,3858
3,dense,scalar_indirect,1024,95,76750,3858
3,dense,scalar_indirect,1024,96,76667,3858
3,dense,scalar_indirect,1024,97,76708,3858
3,dense,scalar_indirect,1024,98,76750,3858
3,dense,scalar_indirect,1024,99,76583,3858
3,dense,scalar_indirect,1024,100,76667,3858
3,dense,scalar_indirect,1024,101,76750,3858
3,dense,scalar_indirect,1024,102,76750,3858
3,dense,scalar_indirect,1024,103,76667,3858
3,dense,scalar_indirect,1024,104,76625,3858
3,dense,scalar_indirect,1024,105,76584,3858
3,dense,scalar_indirect,1024,106,76667,3858
3,dense,scalar_indirect,1024,107,76667,3858
3,dense,scalar_indirect,1024,108,76667,3858
3,dense,scalar_indirect,1024,109,76583,3858
3,dense,scalar_indirect,1024,110,76667,3858
3,dense,scalar_indirect,1024,111,76667,3858
3,dense,scalar_indirect,1024,112,76791,3858
3,dense,scalar_indirect,1024,113,76709,3858
3,dense,scalar_indirect,1024,114,76667,3858
3,dense,scalar_indirect,1024,115,76625,3858
3,dense,scalar_indirect,1024,116,76750,3858
3,dense,scalar_indirect,1024,117,76791,3858
3,dense,scalar_indirect,1024,118,76583,3858
3,dense,scalar_indirect,1024,119,76667,3858
3,dense,scalar_indirect,1024,120,76625,3858
3,dense,scalar_indirect,1024,121,76709,3858
3,dense,scalar_indirect,1024,122,76708,3858
3,dense,scalar_indirect,1024,123,76625,3858
3,dense,scalar_indirect,1024,124,76666,3858
3,dense,scalar_indirect,1024,125,76625,3858
3,dense,scalar_indirect,1024,126,76709,3858
3,dense,scalar_indirect,1024,127,76625,3858
3,dense,scalar_indirect,1024,128,78125,3858
3,dense,scalar_indirect,1024,129,76584,3858
3,dense,scalar_indirect,1024,130,76583,3858
3,dense,scalar_indirect,1024,131,76625,3858
3,dense,scalar_indirect,1024,132,76666,3858
3,dense,scalar_indirect,1024,133,76667,3858
3,dense,scalar_indirect,1024,134,76625,3858
3,dense,scalar_indirect,1024,135,76584,3858
3,dense,scalar_indirect,1024,136,76583,3858
3,dense,scalar_indirect,1024,137,76625,3858
3,dense,scalar_indirect,1024,138,76625,3858
3,dense,scalar_indirect,1024,139,76541,3858
3,dense,scalar_indirect,1024,140,76625,3858
3,dense,scalar_indirect,1024,141,76584,3858
3,dense,scalar_indirect,1024,142,76709,3858
3,dense,scalar_indirect,1024,143,76625,3858
3,dense,scalar_indirect,1024,144,76541,3858
3,dense,scalar_indirect,1024,145,76625,3858
3,dense,scalar_indirect,1024,146,76583,3858
3,dense,scalar_indirect,1024,147,76625,3858
3,dense,scalar_indirect,1024,148,76583,3858
3,dense,scalar_indirect,1024,149,76583,3858
3,dense,scalar_indirect,1024,150,76583,3858
3,dense,scalar_indirect,1024,151,76584,3858
3,dense,scalar_indirect,1024,152,76625,3858
3,dense,scalar_indirect,1024,153,76625,3858
3,dense,scalar_indirect,1024,154,76583,3858
3,dense,scalar_indirect,1024,155,76500,3858
3,dense,scalar_indirect,1024,156,76542,3858
3,dense,scalar_indirect,1024,157,76541,3858
3,dense,scalar_indirect,1024,158,76667,3858
3,dense,scalar_indirect,1024,159,76667,3858
3,dense,scalar_indirect,1024,160,76625,3858
3,dense,scalar_indirect,1024,161,76541,3858
3,dense,scalar_indirect,1024,162,76583,3858
3,dense,scalar_indirect,1024,163,76667,3858
3,dense,scalar_indirect,1024,164,76583,3858
3,dense,scalar_indirect,1024,165,76542,3858
3,dense,scalar_indirect,1024,166,76667,3858
3,dense,scalar_indirect,1024,167,76625,3858
3,dense,scalar_indirect,1024,168,76792,3858
3,dense,scalar_indirect,1024,169,76583,3858
3,dense,scalar_indirect,1024,170,76500,3858
3,dense,scalar_indirect,1024,171,76584,3858
3,dense,scalar_indirect,1024,172,76583,3858
3,dense,scalar_indirect,1024,173,76625,3858
3,dense,scalar_indirect,1024,174,76708,3858
3,dense,scalar_indirect,1024,175,76583,3858
3,dense,scalar_indirect,1024,176,76667,3858
3,dense,scalar_indirect,1024,177,76667,3858
3,dense,scalar_indirect,1024,178,76666,3858
3,dense,scalar_indirect,1024,179,76583,3858
3,dense,scalar_indirect,1024,180,76584,3858
3,dense,scalar_indirect,1024,181,76708,3858
3,dense,scalar_indirect,1024,182,76667,3858
3,dense,scalar_indirect,1024,183,76666,3858
3,dense,scalar_indirect,1024,184,76625,3858
3,dense,scalar_indirect,1024,185,76625,3858
3,dense,scalar_indirect,1024,186,76583,3858
3,dense,scalar_indirect,1024,187,76667,3858
3,dense,scalar_indirect,1024,188,76666,3858
3,dense,scalar_indirect,1024,189,76667,3858
3,dense,scalar_indirect,1024,190,76583,3858
3,dense,scalar_indirect,1024,191,76542,3858
3,dense,scalar_indirect,1024,192,76709,3858
3,dense,scalar_indirect,1024,193,76708,3858
3,dense,scalar_indirect,1024,194,76750,3858
3,dense,scalar_indirect,1024,195,76625,3858
3,dense,scalar_indirect,1024,196,76708,3858
3,dense,scalar_indirect,1024,197,76792,3858
3,dense,scalar_indirect,1024,198,76625,3858
3,dense,scalar_indirect,1024,199,76666,3858
3,dense,scalar_indirect,1024,200,76584,3858
3,dense,scalar_indirect,1024,201,76584,3858
3,dense,scalar_indirect,1024,202,76666,3858
3,dense,scalar_indirect,1024,203,76584,3858
3,dense,scalar_indirect,1024,204,76666,3858
3,dense,scalar_indirect,1024,205,76667,3858
3,dense,scalar_indirect,1024,206,76708,3858
3,dense,scalar_indirect,1024,207,76667,3858
3,dense,scalar_indirect,1024,208,76667,3858
3,dense,scalar_indirect,1024,209,76625,3858
3,dense,scalar_indirect,1024,210,76625,3858
3,dense,scalar_indirect,1024,211,76583,3858
3,dense,scalar_indirect,1024,212,76666,3858
3,dense,scalar_indirect,1024,213,76667,3858
3,dense,scalar_indirect,1024,214,76625,3858
3,dense,scalar_indirect,1024,215,76500,3858
3,dense,scalar_indirect,1024,216,76709,3858
3,dense,scalar_indirect,1024,217,76625,3858
3,dense,scalar_indirect,1024,218,76791,3858
3,dense,scalar_indirect,1024,219,76667,3858
3,dense,scalar_indirect,1024,220,76708,3858
3,dense,scalar_indirect,1024,221,76667,3858
3,dense,scalar_indirect,1024,222,76750,3858
3,dense,scalar_indirect,1024,223,76750,3858
3,dense,scalar_indirect,1024,224,76708,3858
3,dense,scalar_indirect,1024,225,76709,3858
3,dense,scalar_indirect,1024,226,76500,3858
3,dense,scalar_indirect,1024,227,76583,3858
3,dense,scalar_indirect,1024,228,76667,3858
3,dense,scalar_indirect,1024,229,76583,3858
3,dense,scalar_indirect,1024,230,76625,3858
3,dense,scalar_indirect,1024,231,76583,3858
3,dense,scalar_indirect,1024,232,76666,3858
3,dense,scalar_indirect,1024,233,76667,3858
3,dense,scalar_indirect,1024,234,76750,3858
3,dense,scalar_indirect,1024,235,76542,3858
3,dense,scalar_indirect,1024,236,76625,3858
3,dense,scalar_indirect,1024,237,76625,3858
3,dense,scalar_indirect,1024,238,76667,3858
3,dense,scalar_indirect,1024,239,76625,3858
3,dense,scalar_indirect,1024,240,76708,3858
3,dense,scalar_indirect,1024,241,76542,3858
3,dense,scalar_indirect,1024,242,76625,3858
3,dense,scalar_indirect,1024,243,76666,3858
3,dense,scalar_indirect,1024,244,76625,3858
3,dense,scalar_indirect,1024,245,76542,3858
3,dense,scalar_indirect,1024,246,76500,3858
3,dense,scalar_indirect,1024,247,76625,3858
3,dense,scalar_indirect,1024,248,76667,3858
3,dense,scalar_indirect,1024,249,76666,3858
3,dense,scalar_indirect,1024,250,76584,3858
3,dense,scalar_indirect,1024,251,76584,3858
3,dense,scalar_indirect,1024,252,76625,3858
3,dense,scalar_indirect,1024,253,76750,3858
3,dense,scalar_indirect,1024,254,76666,3858
3,dense,scalar_indirect,1024,255,76584,3858
3,dense,scalar_indirect,1024,256,76666,3858
3,dense,scalar_indirect,1024,257,76542,3858
3,dense,scalar_indirect,1024,258,76666,3858
3,dense,scalar_indirect,1024,259,77917,3858
3,dense,scalar_indirect,1024,260,76666,3858
3,dense,scalar_indirect,1024,261,76584,3858
3,dense,scalar_indirect,1024,262,76542,3858
3,dense,scalar_indirect,1024,263,76708,3858
3,dense,scalar_indirect,1024,264,76583,3858
3,dense,scalar_indirect,1024,265,76667,3858
3,dense,scalar_indirect,1024,266,76583,3858
3,dense,scalar_indirect,1024,267,76584,3858
3,dense,scalar_indirect,1024,268,76625,3858
3,dense,scalar_indirect,1024,269,76625,3858
3,dense,scalar_indirect,1024,270,76584,3858
3,dense,scalar_indirect,1024,271,76500,3858
3,dense,scalar_indirect,1024,272,76583,3858
3,dense,scalar_indirect,1024,273,76542,3858
3,dense,scalar_indirect,1024,274,76750,3858
3,dense,scalar_indirect,1024,275,76625,3858
3,dense,scalar_indirect,1024,276,76792,3858
3,dense,scalar_indirect,1024,277,76542,3858
3,dense,scalar_indirect,1024,278,76709,3858
3,dense,scalar_indirect,1024,279,76708,3858
3,dense,scalar_indirect,1024,280,76542,3858
3,dense,scalar_indirect,1024,281,78375,3858
3,dense,scalar_indirect,1024,282,78625,3858
3,dense,scalar_indirect,1024,283,77042,3858
3,dense,scalar_indirect,1024,284,76583,3858
3,dense,scalar_indirect,1024,285,76625,3858
3,dense,scalar_indirect,1024,286,76583,3858
3,dense,scalar_indirect,1024,287,76584,3858
3,dense,scalar_indirect,1024,288,76625,3858
3,dense,scalar_indirect,1024,289,76625,3858
3,dense,scalar_indirect,1024,290,76584,3858
3,dense,scalar_indirect,1024,291,76500,3858
3,dense,scalar_indirect,1024,292,76583,3858
3,dense,scalar_indirect,1024,293,79625,3858
3,dense,scalar_indirect,1024,294,76666,3858
3,dense,scalar_indirect,1024,295,76709,3858
3,dense,scalar_indirect,1024,296,76541,3858
3,dense,scalar_indirect,1024,297,76542,3858
3,dense,scalar_indirect,1024,298,76666,3858
3,dense,scalar_indirect,1024,299,79459,3858
3,dense,scalar_packed,1024,0,60750,3858
3,dense,scalar_packed,1024,1,60750,3858
3,dense,scalar_packed,1024,2,60750,3858
3,dense,scalar_packed,1024,3,60916,3858
3,dense,scalar_packed,1024,4,60834,3858
3,dense,scalar_packed,1024,5,60709,3858
3,dense,scalar_packed,1024,6,60750,3858
3,dense,scalar_packed,1024,7,61000,3858
3,dense,scalar_packed,1024,8,60792,3858
3,dense,scalar_packed,1024,9,60833,3858
3,dense,scalar_packed,1024,10,60792,3858
3,dense,scalar_packed,1024,11,60709,3858
3,dense,scalar_packed,1024,12,60791,3858
3,dense,scalar_packed,1024,13,60792,3858
3,dense,scalar_packed,1024,14,60791,3858
3,dense,scalar_packed,1024,15,60750,3858
3,dense,scalar_packed,1024,16,60833,3858
3,dense,scalar_packed,1024,17,60917,3858
3,dense,scalar_packed,1024,18,60750,3858
3,dense,scalar_packed,1024,19,60708,3858
3,dense,scalar_packed,1024,20,60875,3858
3,dense,scalar_packed,1024,21,60709,3858
3,dense,scalar_packed,1024,22,60791,3858
3,dense,scalar_packed,1024,23,61000,3858
3,dense,scalar_packed,1024,24,60792,3858
3,dense,scalar_packed,1024,25,60708,3858
3,dense,scalar_packed,1024,26,60667,3858
3,dense,scalar_packed,1024,27,60708,3858
3,dense,scalar_packed,1024,28,60792,3858
3,dense,scalar_packed,1024,29,60750,3858
3,dense,scalar_packed,1024,30,60792,3858
3,dense,scalar_packed,1024,31,60750,3858
3,dense,scalar_packed,1024,32,60750,3858
3,dense,scalar_packed,1024,33,60750,3858
3,dense,scalar_packed,1024,34,60750,3858
3,dense,scalar_packed,1024,35,60958,3858
3,dense,scalar_packed,1024,36,60750,3858
3,dense,scalar_packed,1024,37,60833,3858
3,dense,scalar_packed,1024,38,60709,3858
3,dense,scalar_packed,1024,39,60709,3858
3,dense,scalar_packed,1024,40,60791,3858
3,dense,scalar_packed,1024,41,60709,3858
3,dense,scalar_packed,1024,42,60708,3858
3,dense,scalar_packed,1024,43,60875,3858
3,dense,scalar_packed,1024,44,60750,3858
3,dense,scalar_packed,1024,45,60875,3858
3,dense,scalar_packed,1024,46,60834,3858
3,dense,scalar_packed,1024,47,60917,3858
3,dense,scalar_packed,1024,48,60917,3858
3,dense,scalar_packed,1024,49,60833,3858
3,dense,scalar_packed,1024,50,60625,3858
3,dense,scalar_packed,1024,51,60833,3858
3,dense,scalar_packed,1024,52,60833,3858
3,dense,scalar_packed,1024,53,60917,3858
3,dense,scalar_packed,1024,54,60792,3858
3,dense,scalar_packed,1024,55,60875,3858
3,dense,scalar_packed,1024,56,60875,3858
3,dense,scalar_packed,1024,57,60834,3858
3,dense,scalar_packed,1024,58,60791,3858
3,dense,scalar_packed,1024,59,60833,3858
3,dense,scalar_packed,1024,60,62375,3858
3,dense,scalar_packed,1024,61,60833,3858
3,dense,scalar_packed,1024,62,60917,3858
3,dense,scalar_packed,1024,63,60792,3858
3,dense,scalar_packed,1024,64,60792,3858
3,dense,scalar_packed,1024,65,60833,3858
3,dense,scalar_packed,1024,66,60958,3858
3,dense,scalar_packed,1024,67,60833,3858
3,dense,scalar_packed,1024,68,60959,3858
3,dense,scalar_packed,1024,69,60875,3858
3,dense,scalar_packed,1024,70,60666,3858
3,dense,scalar_packed,1024,71,63750,3858
3,dense,scalar_packed,1024,72,63584,3858
3,dense,scalar_packed,1024,73,69500,3858
3,dense,scalar_packed,1024,74,60916,3858
3,dense,scalar_packed,1024,75,60792,3858
3,dense,scalar_packed,1024,76,60708,3858
3,dense,scalar_packed,1024,77,60875,3858
3,dense,scalar_packed,1024,78,60791,3858
3,dense,scalar_packed,1024,79,60792,3858
3,dense,scalar_packed,1024,80,60792,3858
3,dense,scalar_packed,1024,81,60875,3858
3,dense,scalar_packed,1024,82,60750,3858
3,dense,scalar_packed,1024,83,60792,3858
3,dense,scalar_packed,1024,84,60708,3858
3,dense,scalar_packed,1024,85,60792,3858
3,dense,scalar_packed,1024,86,60750,3858
3,dense,scalar_packed,1024,87,60875,3858
3,dense,scalar_packed,1024,88,60792,3858
3,dense,scalar_packed,1024,89,60667,3858
3,dense,scalar_packed,1024,90,60875,3858
3,dense,scalar_packed,1024,91,60792,3858
3,dense,scalar_packed,1024,92,63791,3858
3,dense,scalar_packed,1024,93,62708,3858
3,dense,scalar_packed,1024,94,65167,3858
3,dense,scalar_packed,1024,95,60875,3858
3,dense,scalar_packed,1024,96,60875,3858
3,dense,scalar_packed,1024,97,60750,3858
3,dense,scalar_packed,1024,98,60750,3858
3,dense,scalar_packed,1024,99,60750,3858
3,dense,scalar_packed,1024,100,60833,3858
3,dense,scalar_packed,1024,101,60792,3858
3,dense,scalar_packed,1024,102,60750,3858
3,dense,scalar_packed,1024,103,60834,3858
3,dense,scalar_packed,1024,104,60709,3858
3,dense,scalar_packed,1024,105,60750,3858
3,dense,scalar_packed,1024,106,60750,3858
3,dense,scalar_packed,1024,107,60833,3858
3,dense,scalar_packed,1024,108,60667,3858
3,dense,scalar_packed,1024,109,60750,3858
3,dense,scalar_packed,1024,110,60750,3858
3,dense,scalar_packed,1024,111,60792,3858
3,dense,scalar_packed,1024,112,60791,3858
3,dense,scalar_packed,1024,113,60875,3858
3,dense,scalar_packed,1024,114,60792,3858
3,dense,scalar_packed,1024,115,60750,3858
3,dense,scalar_packed,1024,116,60791,3858
3,dense,scalar_packed,1024,117,60792,3858
3,dense,scalar_packed,1024,118,60792,3858
3,dense,scalar_packed,1024,119,60791,3858
3,dense,scalar_packed,1024,120,60792,3858
3,dense,scalar_packed,1024,121,60709,3858
3,dense,scalar_packed,1024,122,60709,3858
3,dense,scalar_packed,1024,123,60708,3858
3,dense,scalar_packed,1024,124,60750,3858
3,dense,scalar_packed,1024,125,60791,3858
3,dense,scalar_packed,1024,126,60834,3858
3,dense,scalar_packed,1024,127,60708,3858
3,dense,scalar_packed,1024,128,60750,3858
3,dense,scalar_packed,1024,129,60792,3858
3,dense,scalar_packed,1024,130,60667,3858
3,dense,scalar_packed,1024,131,60833,3858
3,dense,scalar_packed,1024,132,60833,3858
3,dense,scalar_packed,1024,133,61000,3858
3,dense,scalar_packed,1024,134,60708,3858
3,dense,scalar_packed,1024,135,60792,3858
3,dense,scalar_packed,1024,136,60834,3858
3,dense,scalar_packed,1024,137,60833,3858
3,dense,scalar_packed,1024,138,60750,3858
3,dense,scalar_packed,1024,139,60833,3858
3,dense,scalar_packed,1024,140,60792,3858
3,dense,scalar_packed,1024,141,60750,3858
3,dense,scalar_packed,1024,142,60750,3858
3,dense,scalar_packed,1024,143,60959,3858
3,dense,scalar_packed,1024,144,60875,3858
3,dense,scalar_packed,1024,145,60959,3858
3,dense,scalar_packed,1024,146,60875,3858
3,dense,scalar_packed,1024,147,60791,3858
3,dense,scalar_packed,1024,148,60833,3858
3,dense,scalar_packed,1024,149,60917,3858
3,dense,scalar_packed,1024,150,60875,3858
3,dense,scalar_packed,1024,151,60958,3858
3,dense,scalar_packed,1024,152,60917,3858
3,dense,scalar_packed,1024,153,60875,3858
3,dense,scalar_packed,1024,154,60833,3858
3,dense,scalar_packed,1024,155,60958,3858
3,dense,scalar_packed,1024,156,60792,3858
3,dense,scalar_packed,1024,157,60791,3858
3,dense,scalar_packed,1024,158,60917,3858
3,dense,scalar_packed,1024,159,60875,3858
3,dense,scalar_packed,1024,160,60833,3858
3,dense,scalar_packed,1024,161,60791,3858
3,dense,scalar_packed,1024,162,60792,3858
3,dense,scalar_packed,1024,163,60875,3858
3,dense,scalar_packed,1024,164,60792,3858
3,dense,scalar_packed,1024,165,60875,3858
3,dense,scalar_packed,1024,166,60834,3858
3,dense,scalar_packed,1024,167,60750,3858
3,dense,scalar_packed,1024,168,60750,3858
3,dense,scalar_packed,1024,169,60792,3858
3,dense,scalar_packed,1024,170,60875,3858
3,dense,scalar_packed,1024,171,60916,3858
3,dense,scalar_packed,1024,172,60875,3858
3,dense,scalar_packed,1024,173,60917,3858
3,dense,scalar_packed,1024,174,60917,3858
3,dense,scalar_packed,1024,175,60875,3858
3,dense,scalar_packed,1024,176,60834,3858
3,dense,scalar_packed,1024,177,60958,3858
3,dense,scalar_packed,1024,178,60875,3858
3,dense,scalar_packed,1024,179,60875,3858
3,dense,scalar_packed,1024,180,60834,3858
3,dense,scalar_packed,1024,181,60875,3858
3,dense,scalar_packed,1024,182,60792,3858
3,dense,scalar_packed,1024,183,60875,3858
3,dense,scalar_packed,1024,184,60916,3858
3,dense,scalar_packed,1024,185,60792,3858
3,dense,scalar_packed,1024,186,60833,3858
3,dense,scalar_packed,1024,187,60792,3858
3,dense,scalar_packed,1024,188,60875,3858
3,dense,scalar_packed,1024,189,60875,3858
3,dense,scalar_packed,1024,190,60875,3858
3,dense,scalar_packed,1024,191,60792,3858
3,dense,scalar_packed,1024,192,60791,3858
3,dense,scalar_packed,1024,193,60833,3858
3,dense,scalar_packed,1024,194,60792,3858
3,dense,scalar_packed,1024,195,60791,3858
3,dense,scalar_packed,1024,196,60917,3858
3,dense,scalar_packed,1024,197,60917,3858
3,dense,scalar_packed,1024,198,60750,3858
3,dense,scalar_packed,1024,199,60750,3858
3,dense,scalar_packed,1024,200,60709,3858
3,dense,scalar_packed,1024,201,60834,3858
3,dense,scalar_packed,1024,202,60791,3858
3,dense,scalar_packed,1024,203,60833,3858
3,dense,scalar_packed,1024,204,60667,3858
3,dense,scalar_packed,1024,205,64167,3858
3,dense,scalar_packed,1024,206,61666,3858
3,dense,scalar_packed,1024,207,61000,3858
3,dense,scalar_packed,1024,208,60875,3858
3,dense,scalar_packed,1024,209,60792,3858
3,dense,scalar_packed,1024,210,60667,3858
3,dense,scalar_packed,1024,211,61000,3858
3,dense,scalar_packed,1024,212,60875,3858
3,dense,scalar_packed,1024,213,63875,3858
3,dense,scalar_packed,1024,214,60750,3858
3,dense,scalar_packed,1024,215,60958,3858
3,dense,scalar_packed,1024,216,60875,3858
3,dense,scalar_packed,1024,217,60708,3858
3,dense,scalar_packed,1024,218,60792,3858
3,dense,scalar_packed,1024,219,60791,3858
3,dense,scalar_packed,1024,220,60750,3858
3,dense,scalar_packed,1024,221,64041,3858
3,dense,scalar_packed,1024,222,68292,3858
3,dense,scalar_packed,1024,223,60750,3858
3,dense,scalar_packed,1024,224,62000,3858
3,dense,scalar_packed,1024,225,60750,3858
3,dense,scalar_packed,1024,226,60708,3858
3,dense,scalar_packed,1024,227,60792,3858
3,dense,scalar_packed,1024,228,60708,3858
3,dense,scalar_packed,1024,229,60875,3858
3,dense,scalar_packed,1024,230,60709,3858
3,dense,scalar_packed,1024,231,60666,3858
3,dense,scalar_packed,1024,232,60917,3858
3,dense,scalar_packed,1024,233,60791,3858
3,dense,scalar_packed,1024,234,60750,3858
3,dense,scalar_packed,1024,235,60916,3858
3,dense,scalar_packed,1024,236,60750,3858
3,dense,scalar_packed,1024,237,60750,3858
3,dense,scalar_packed,1024,238,60917,3858
3,dense,scalar_packed,1024,239,60791,3858
3,dense,scalar_packed,1024,240,60709,3858
3,dense,scalar_packed,1024,241,60834,3858
3,dense,scalar_packed,1024,242,60833,3858
3,dense,scalar_packed,1024,243,60750,3858
3,dense,scalar_packed,1024,244,60750,3858
3,dense,scalar_packed,1024,245,60750,3858
3,dense,scalar_packed,1024,246,60708,3858
3,dense,scalar_packed,1024,247,60709,3858
3,dense,scalar_packed,1024,248,61000,3858
3,dense,scalar_packed,1024,249,60833,3858
3,dense,scalar_packed,1024,250,60791,3858
3,dense,scalar_packed,1024,251,60792,3858
3,dense,scalar_packed,1024,252,60875,3858
3,dense,scalar_packed,1024,253,60792,3858
3,dense,scalar_packed,1024,254,60791,3858
3,dense,scalar_packed,1024,255,60792,3858
3,dense,scalar_packed,1024,256,60875,3858
3,dense,scalar_packed,1024,257,60875,3858
3,dense,scalar_packed,1024,258,60834,3858
3,dense,scalar_packed,1024,259,60875,3858
3,dense,scalar_packed,1024,260,60958,3858
3,dense,scalar_packed,1024,261,60917,3858
3,dense,scalar_packed,1024,262,60791,3858
3,dense,scalar_packed,1024,263,60792,3858
3,dense,scalar_packed,1024,264,60750,3858
3,dense,scalar_packed,1024,265,60833,3858
3,dense,scalar_packed,1024,266,60750,3858
3,dense,scalar_packed,1024,267,60792,3858
3,dense,scalar_packed,1024,268,60791,3858
3,dense,scalar_packed,1024,269,60708,3858
3,dense,scalar_packed,1024,270,60875,3858
3,dense,scalar_packed,1024,271,60875,3858
3,dense,scalar_packed,1024,272,60791,3858
3,dense,scalar_packed,1024,273,60834,3858
3,dense,scalar_packed,1024,274,60791,3858
3,dense,scalar_packed,1024,275,60792,3858
3,dense,scalar_packed,1024,276,60833,3858
3,dense,scalar_packed,1024,277,60833,3858
3,dense,scalar_packed,1024,278,60958,3858
3,dense,scalar_packed,1024,279,60834,3858
3,dense,scalar_packed,1024,280,60958,3858
3,dense,scalar_packed,1024,281,60792,3858
3,dense,scalar_packed,1024,282,60791,3858
3,dense,scalar_packed,1024,283,60750,3858
3,dense,scalar_packed,1024,284,60791,3858
3,dense,scalar_packed,1024,285,60792,3858
3,dense,scalar_packed,1024,286,60833,3858
3,dense,scalar_packed,1024,287,60833,3858
3,dense,scalar_packed,1024,288,60792,3858
3,dense,scalar_packed,1024,289,60916,3858
3,dense,scalar_packed,1024,290,60834,3858
3,dense,scalar_packed,1024,291,60958,3858
3,dense,scalar_packed,1024,292,60792,3858
3,dense,scalar_packed,1024,293,60916,3858
3,dense,scalar_packed,1024,294,60834,3858
3,dense,scalar_packed,1024,295,60791,3858
3,dense,scalar_packed,1024,296,60750,3858
3,dense,scalar_packed,1024,297,60917,3858
3,dense,scalar_packed,1024,298,60792,3858
3,dense,scalar_packed,1024,299,60833,3858
3,dense,simd,1024,0,51417,3858
3,dense,simd,1024,1,51459,3858
3,dense,simd,1024,2,51542,3858
3,dense,simd,1024,3,51458,3858
3,dense,simd,1024,4,51417,3858
3,dense,simd,1024,5,51375,3858
3,dense,simd,1024,6,51458,3858
3,dense,simd,1024,7,51417,3858
3,dense,simd,1024,8,51500,3858
3,dense,simd,1024,9,51541,3858
3,dense,simd,1024,10,51500,3858
3,dense,simd,1024,11,51542,3858
3,dense,simd,1024,12,51500,3858
3,dense,simd,1024,13,51500,3858
3,dense,simd,1024,14,51459,3858
3,dense,simd,1024,15,51458,3858
3,dense,simd,1024,16,51541,3858
3,dense,simd,1024,17,51500,3858
3,dense,simd,1024,18,51417,3858
3,dense,simd,1024,19,51458,3858
3,dense,simd,1024,20,51417,3858
3,dense,simd,1024,21,51292,3858
3,dense,simd,1024,22,51334,3858
3,dense,simd,1024,23,51458,3858
3,dense,simd,1024,24,51542,3858
3,dense,simd,1024,25,51459,3858
3,dense,simd,1024,26,51542,3858
3,dense,simd,1024,27,51458,3858
3,dense,simd,1024,28,51333,3858
3,dense,simd,1024,29,51500,3858
3,dense,simd,1024,30,51458,3858
3,dense,simd,1024,31,51500,3858
3,dense,simd,1024,32,51500,3858
3,dense,simd,1024,33,51416,3858
3,dense,simd,1024,34,51458,3858
3,dense,simd,1024,35,51458,3858
3,dense,simd,1024,36,51375,3858
3,dense,simd,1024,37,51416,3858
3,dense,simd,1024,38,51333,3858
3,dense,simd,1024,39,51417,3858
3,dense,simd,1024,40,51416,3858
3,dense,simd,1024,41,51417,3858
3,dense,simd,1024,42,51333,3858
3,dense,simd,1024,43,51333,3858
3,dense,simd,1024,44,51375,3858
3,dense,simd,1024,45,51417,3858
3,dense,simd,1024,46,51375,3858
3,dense,simd,1024,47,51500,3858
3,dense,simd,1024,48,51375,3858
3,dense,simd,1024,49,51458,3858
3,dense,simd,1024,50,51500,3858
3,dense,simd,1024,51,51458,3858
3,dense,simd,1024,52,53000,3858
3,dense,simd,1024,53,51458,3858
3,dense,simd,1024,54,51458,3858
3,dense,simd,1024,55,51542,3858
3,dense,simd,1024,56,51458,3858
3,dense,simd,1024,57,51417,3858
3,dense,simd,1024,58,51458,3858
3,dense,simd,1024,59,51375,3858
3,dense,simd,1024,60,51417,3858
3,dense,simd,1024,61,51375,3858
3,dense,simd,1024,62,51417,3858
3,dense,simd,1024,63,51417,3858
3,dense,simd,1024,64,51333,3858
3,dense,simd,1024,65,51375,3858
3,dense,simd,1024,66,51458,3858
3,dense,simd,1024,67,51375,3858
3,dense,simd,1024,68,51333,3858
3,dense,simd,1024,69,51334,3858
3,dense,simd,1024,70,51417,3858
3,dense,simd,1024,71,51375,3858
3,dense,simd,1024,72,51333,3858
3,dense,simd,1024,73,51250,3858
3,dense,simd,1024,74,51375,3858
3,dense,simd,1024,75,51250,3858
3,dense,simd,1024,76,51417,3858
3,dense,simd,1024,77,51375,3858
3,dense,simd,1024,78,51458,3858
3,dense,simd,1024,79,51292,3858
3,dense,simd,1024,80,51333,3858
3,dense,simd,1024,81,51291,3858
3,dense,simd,1024,82,51292,3858
3,dense,simd,1024,83,51250,3858
3,dense,simd,1024,84,51250,3858
3,dense,simd,1024,85,51291,3858
3,dense,simd,1024,86,51334,3858
3,dense,simd,1024,87,51375,3858
3,dense,simd,1024,88,51417,3858
3,dense,simd,1024,89,51375,3858
3,dense,simd,1024,90,54541,3858
3,dense,simd,1024,91,52084,3858
3,dense,simd,1024,92,52125,3858
3,dense,simd,1024,93,52167,3858
3,dense,simd,1024,94,51708,3858
3,dense,simd,1024,95,51209,3858
3,dense,simd,1024,96,51375,3858
3,dense,simd,1024,97,51333,3858
3,dense,simd,1024,98,51292,3858
3,dense,simd,1024,99,51292,3858
3,dense,simd,1024,100,51292,3858
3,dense,simd,1024,101,51291,3858
3,dense,simd,1024,102,51375,3858
3,dense,simd,1024,103,51209,3858
3,dense,simd,1024,104,51291,3858
3,dense,simd,1024,105,51292,3858
3,dense,simd,1024,106,51292,3858
3,dense,simd,1024,107,51250,3858
3,dense,simd,1024,108,51333,3858
3,dense,simd,1024,109,51458,3858
3,dense,simd,1024,110,51333,3858
3,dense,simd,1024,111,51250,3858
3,dense,simd,1024,112,51375,3858
3,dense,simd,1024,113,51375,3858
3,dense,simd,1024,114,51291,3858
3,dense,simd,1024,115,51334,3858
3,dense,simd,1024,116,51375,3858
3,dense,simd,1024,117,51291,3858
3,dense,simd,1024,118,51292,3858
3,dense,simd,1024,119,51291,3858
3,dense,simd,1024,120,51292,3858
3,dense,simd,1024,121,51250,3858
3,dense,simd,1024,122,51250,3858
3,dense,simd,1024,123,51250,3858
3,dense,simd,1024,124,51333,3858
3,dense,simd,1024,125,51250,3858
3,dense,simd,1024,126,51292,3858
3,dense,simd,1024,127,51292,3858
3,dense,simd,1024,128,51250,3858
3,dense,simd,1024,129,51375,3858
3,dense,simd,1024,130,51333,3858
3,dense,simd,1024,131,51292,3858
3,dense,simd,1024,132,51500,3858
3,dense,simd,1024,133,51375,3858
3,dense,simd,1024,134,51167,3858
3,dense,simd,1024,135,51250,3858
3,dense,simd,1024,136,51334,3858
3,dense,simd,1024,137,51250,3858
3,dense,simd,1024,138,51334,3858
3,dense,simd,1024,139,51458,3858
3,dense,simd,1024,140,51333,3858
3,dense,simd,1024,141,51334,3858
3,dense,simd,1024,142,51250,3858
3,dense,simd,1024,143,51250,3858
3,dense,simd,1024,144,51333,3858
3,dense,simd,1024,145,51208,3858
3,dense,simd,1024,146,51208,3858
3,dense,simd,1024,147,51375,3858
3,dense,simd,1024,148,51417,3858
3,dense,simd,1024,149,51208,3858
3,dense,simd,1024,150,51292,3858
3,dense,simd,1024,151,51292,3858
3,dense,simd,1024,152,51292,3858
3,dense,simd,1024,153,51292,3858
3,dense,simd,1024,154,51208,3858
3,dense,simd,1024,155,51333,3858
3,dense,simd,1024,156,51292,3858
3,dense,simd,1024,157,51250,3858
3,dense,simd,1024,158,51250,3858
3,dense,simd,1024,159,51291,3858
3,dense,simd,1024,160,51292,3858
3,dense,simd,1024,161,51208,3858
3,dense,simd,1024,162,51209,3858
3,dense,simd,1024,163,51209,3858
3,dense,simd,1024,164,51291,3858
3,dense,simd,1024,165,51333,3858
3,dense,simd,1024,166,51334,3858
3,dense,simd,1024,167,54542,3858
3,dense,simd,1024,168,54916,3858
3,dense,simd,1024,169,51750,3858
3,dense,simd,1024,170,51209,3858
3,dense,simd,1024,171,51291,3858
3,dense,simd,1024,172,51375,3858
3,dense,simd,1024,173,51292,3858
3,dense,simd,1024,174,51250,3858
3,dense,simd,1024,175,51333,3858
3,dense,simd,1024,176,51250,3858
3,dense,simd,1024,177,51250,3858
3,dense,simd,1024,178,56458,3858
3,dense,simd,1024,179,52000,3858
3,dense,simd,1024,180,51208,3858
3,dense,simd,1024,181,51375,3858
3,dense,simd,1024,182,51250,3858
3,dense,simd,1024,183,51250,3858
3,dense,simd,1024,184,51250,3858
3,dense,simd,1024,185,54208,3858
3,dense,simd,1024,186,56750,3858
3,dense,simd,1024,187,52166,3858
3,dense,simd,1024,188,54875,3858
3,dense,simd,1024,189,52709,3858
3,dense,simd,1024,190,52833,3858
3,dense,simd,1024,191,52792,3858
3,dense,simd,1024,192,52791,3858
3,dense,simd,1024,193,52667,3858
3,dense,simd,1024,194,52708,3858
3,dense,simd,1024,195,52708,3858
3,dense,simd,1024,196,52834,3858
3,dense,simd,1024,197,52750,3858
3,dense,simd,1024,198,52750,3858
3,dense,simd,1024,199,52709,3858
3,dense,simd,1024,200,52709,3858
3,dense,simd,1024,201,52708,3858
3,dense,simd,1024,202,52750,3858
3,dense,simd,1024,203,52750,3858
3,dense,simd,1024,204,52375,3858
3,dense,simd,1024,205,51834,3858
3,dense,simd,1024,206,51291,3858
3,dense,simd,1024,207,51292,3858
3,dense,simd,1024,208,51375,3858
3,dense,simd,1024,209,51291,3858
3,dense,simd,1024,210,51417,3858
3,dense,simd,1024,211,51291,3858
3,dense,simd,1024,212,51333,3858
3,dense,simd,1024,213,51375,3858
3,dense,simd,1024,214,51334,3858
3,dense,simd,1024,215,55292,3858
3,dense,simd,1024,216,60542,3858
3,dense,simd,1024,217,56833,3858
3,dense,simd,1024,218,51583,3858
3,dense,simd,1024,219,51333,3858
3,dense,simd,1024,220,51292,3858
3,dense,simd,1024,221,51333,3858
3,dense,simd,1024,222,51334,3858
3,dense,simd,1024,223,51416,3858
3,dense,simd,1024,224,51292,3858
3,dense,simd,1024,225,51458,3858
3,dense,simd,1024,226,51416,3858
3,dense,simd,1024,227,51250,3858
3,dense,simd,1024,228,51250,3858
3,dense,simd,1024,229,51250,3858
3,dense,simd,1024,230,51334,3858
3,dense,simd,1024,231,51334,3858
3,dense,simd,1024,232,51250,3858
3,dense,simd,1024,233,51458,3858
3,dense,simd,1024,234,51291,3858
3,dense,simd,1024,235,51333,3858
3,dense,simd,1024,236,51459,3858
3,dense,simd,1024,237,51333,3858
3,dense,simd,1024,238,51292,3858
3,dense,simd,1024,239,54041,3858
3,dense,simd,1024,240,52084,3858
3,dense,simd,1024,241,52167,3858
3,dense,simd,1024,242,52083,3858
3,dense,simd,1024,243,52042,3858
3,dense,simd,1024,244,52042,3858
3,dense,simd,1024,245,52083,3858
3,dense,simd,1024,246,53250,3858
3,dense,simd,1024,247,52000,3858
3,dense,simd,1024,248,52083,3858
3,dense,simd,1024,249,52083,3858
3,dense,simd,1024,250,52084,3858
3,dense,simd,1024,251,52125,3858
3,dense,simd,1024,252,52125,3858
3,dense,simd,1024,253,52209,3858
3,dense,simd,1024,254,52125,3858
3,dense,simd,1024,255,52042,3858
3,dense,simd,1024,256,52083,3858
3,dense,simd,1024,257,52125,3858
3,dense,simd,1024,258,52041,3858
3,dense,simd,1024,259,52125,3858
3,dense,simd,1024,260,53667,3858
3,dense,simd,1024,261,52666,3858
3,dense,simd,1024,262,52084,3858
3,dense,simd,1024,263,52125,3858
3,dense,simd,1024,264,52125,3858
3,dense,simd,1024,265,52084,3858
3,dense,simd,1024,266,52041,3858
3,dense,simd,1024,267,52084,3858
3,dense,simd,1024,268,52084,3858
3,dense,simd,1024,269,52083,3858
3,dense,simd,1024,270,52083,3858
3,dense,simd,1024,271,52000,3858
3,dense,simd,1024,272,52083,3858
3,dense,simd,1024,273,52125,3858
3,dense,simd,1024,274,52084,3858
3,dense,simd,1024,275,52125,3858
3,dense,simd,1024,276,52083,3858
3,dense,simd,1024,277,52167,3858
3,dense,simd,1024,278,52084,3858
3,dense,simd,1024,279,52083,3858
3,dense,simd,1024,280,52125,3858
3,dense,simd,1024,281,51958,3858
3,dense,simd,1024,282,52042,3858
3,dense,simd,1024,283,52000,3858
3,dense,simd,1024,284,52083,3858
3,dense,simd,1024,285,52000,3858
3,dense,simd,1024,286,51333,3858
3,dense,simd,1024,287,54417,3858
3,dense,simd,1024,288,52125,3858
3,dense,simd,1024,289,52041,3858
3,dense,simd,1024,290,52084,3858
3,dense,simd,1024,291,52083,3858
3,dense,simd,1024,292,54917,3858
3,dense,simd,1024,293,52125,3858
3,dense,simd,1024,294,52083,3858
3,dense,simd,1024,295,52167,3858
3,dense,simd,1024,296,52208,3858
3,dense,simd,1024,297,52083,3858
3,dense,simd,1024,298,52125,3858
3,dense,simd,1024,299,52167,3858
3,all_overlapping,scalar_indirect,1024,0,2122875,523776
3,all_overlapping,scalar_indirect,1024,1,2149208,523776
3,all_overlapping,scalar_indirect,1024,2,2104750,523776
3,all_overlapping,scalar_indirect,1024,3,2110709,523776
3,all_overlapping,scalar_indirect,1024,4,2106000,523776
3,all_overlapping,scalar_indirect,1024,5,2107500,523776
3,all_overlapping,scalar_indirect,1024,6,2106209,523776
3,all_overlapping,scalar_indirect,1024,7,2107291,523776
3,all_overlapping,scalar_indirect,1024,8,2103458,523776
3,all_overlapping,scalar_indirect,1024,9,2136334,523776
3,all_overlapping,scalar_indirect,1024,10,2109083,523776
3,all_overlapping,scalar_indirect,1024,11,2123375,523776
3,all_overlapping,scalar_indirect,1024,12,2143875,523776
3,all_overlapping,scalar_indirect,1024,13,2153291,523776
3,all_overlapping,scalar_indirect,1024,14,2144625,523776
3,all_overlapping,scalar_indirect,1024,15,2145250,523776
3,all_overlapping,scalar_indirect,1024,16,2141250,523776
3,all_overlapping,scalar_indirect,1024,17,2158959,523776
3,all_overlapping,scalar_indirect,1024,18,2161667,523776
3,all_overlapping,scalar_indirect,1024,19,2146500,523776
3,all_overlapping,scalar_indirect,1024,20,2145916,523776
3,all_overlapping,scalar_indirect,1024,21,2149542,523776
3,all_overlapping,scalar_indirect,1024,22,2151375,523776
3,all_overlapping,scalar_indirect,1024,23,2142208,523776
3,all_overlapping,scalar_indirect,1024,24,2145500,523776
3,all_overlapping,scalar_indirect,1024,25,2152541,523776
3,all_overlapping,scalar_indirect,1024,26,2143583,523776
3,all_overlapping,scalar_indirect,1024,27,2164625,523776
3,all_overlapping,scalar_indirect,1024,28,2163125,523776
3,all_overlapping,scalar_indirect,1024,29,2144042,523776
3,all_overlapping,scalar_indirect,1024,30,2142833,523776
3,all_overlapping,scalar_indirect,1024,31,2161042,523776
3,all_overlapping,scalar_indirect,1024,32,2150417,523776
3,all_overlapping,scalar_indirect,1024,33,2138625,523776
3,all_overlapping,scalar_indirect,1024,34,2113833,523776
3,all_overlapping,scalar_indirect,1024,35,2113792,523776
3,all_overlapping,scalar_indirect,1024,36,2114416,523776
3,all_overlapping,scalar_indirect,1024,37,2111334,523776
3,all_overlapping,scalar_indirect,1024,38,2108084,523776
3,all_overlapping,scalar_indirect,1024,39,2107291,523776
3,all_overlapping,scalar_indirect,1024,40,2114709,523776
3,all_overlapping,scalar_indirect,1024,41,2153875,523776
3,all_overlapping,scalar_indirect,1024,42,2126000,523776
3,all_overlapping,scalar_indirect,1024,43,2112875,523776
3,all_overlapping,scalar_indirect,1024,44,2112583,523776
3,all_overlapping,scalar_indirect,1024,45,2118458,523776
3,all_overlapping,scalar_indirect,1024,46,2104709,523776
3,all_overlapping,scalar_indirect,1024,47,2119209,523776
3,all_overlapping,scalar_indirect,1024,48,2144584,523776
3,all_overlapping,scalar_indirect,1024,49,2134625,523776
3,all_overlapping,scalar_indirect,1024,50,2108458,523776
3,all_overlapping,scalar_indirect,1024,51,2110916,523776
3,all_overlapping,scalar_indirect,1024,52,2104208,523776
3,all_overlapping,scalar_indirect,1024,53,2109625,523776
3,all_overlapping,scalar_indirect,1024,54,2106959,523776
3,all_overlapping,scalar_indirect,1024,55,2129791,523776
3,all_overlapping,scalar_indirect,1024,56,2108708,523776
3,all_overlapping,scalar_indirect,1024,57,2125000,523776
3,all_overlapping,scalar_indirect,1024,58,2102833,523776
3,all_overlapping,scalar_indirect,1024,59,2106875,523776
3,all_overlapping,scalar_indirect,1024,60,2111167,523776
3,all_overlapping,scalar_indirect,1024,61,2106333,523776
3,all_overlapping,scalar_indirect,1024,62,2104333,523776
3,all_overlapping,scalar_indirect,1024,63,2109500,523776
3,all_overlapping,scalar_indirect,1024,64,2118875,523776
3,all_overlapping,scalar_indirect,1024,65,2125167,523776
3,all_overlapping,scalar_indirect,1024,66,2112625,523776
3,all_overlapping,scalar_indirect,1024,67,2112625,523776
3,all_overlapping,scalar_indirect,1024,68,2102916,523776
3,all_overlapping,scalar_indirect,1024,69,2111084,523776
3,all_overlapping,scalar_indirect,1024,70,2102125,523776
3,all_overlapping,scalar_indirect,1024,71,2109709,523776
3,all_overlapping,scalar_indirect,1024,72,2103666,523776
3,all_overlapping,scalar_indirect,1024,73,2108375,523776
3,all_overlapping,scalar_indirect,1024,74,2104042,523776
3,all_overlapping,scalar_indirect,1024,75,2113000,523776
3,all_overlapping,scalar_indirect,1024,76,2103666,523776
3,all_overlapping,scalar_indirect,1024,77,2105625,523776
3,all_overlapping,scalar_indirect,1024,78,2104917,523776
3,all_overlapping,scalar_indirect,1024,79,2112750,523776
3,all_overlapping,scalar_indirect,1024,80,2102750,523776
3,all_overlapping,scalar_indirect,1024,81,2108292,523776
3,all_overlapping,scalar_indirect,1024,82,2103125,523776
3,all_overlapping,scalar_indirect,1024,83,2107042,523776
3,all_overlapping,scalar_indirect,1024,84,2104792,523776
3,all_overlapping,scalar_indirect,1024,85,2104083,523776
3,all_overlapping,scalar_indirect,1024,86,2103125,523776
3,all_overlapping,scalar_indirect,1024,87,2105875,523776
3,all_overlapping,scalar_indirect,1024,88,2110000,523776
3,all_overlapping,scalar_indirect,1024,89,2138875,523776
3,all_overlapping,scalar_indirect,1024,90,2145667,523776
3,all_overlapping,scalar_indirect,1024,91,2143667,523776
3,all_overlapping,scalar_indirect,1024,92,2143750,523776
3,all_overlapping,scalar_indirect,1024,93,2146666,523776
3,all_overlapping,scalar_indirect,1024,94,2154459,523776
3,all_overlapping,scalar_indirect,1024,95,2145542,523776
3,all_overlapping,scalar_indirect,1024,96,2170333,523776
3,all_overlapping,scalar_indirect,1024,97,2154042,523776
3,all_overlapping,scalar_indirect,1024,98,2141458,523776
3,all_overlapping,scalar_indirect,1024,99,2142875,523776
3,all_overlapping,scalar_indirect,1024,100,2138208,523776
3,all_overlapping,scalar_indirect,1024,101,2139083,523776
3,all_overlapping,scalar_indirect,1024,102,2137500,523776
3,all_overlapping,scalar_indirect,1024,103,2128750,523776
3,all_overlapping,scalar_indirect,1024,104,2125583,523776
3,all_overlapping,scalar_indirect,1024,105,2134750,523776
3,all_overlapping,scalar_indirect,1024,106,2113042,523776
3,all_overlapping,scalar_indirect,1024,107,2112375,523776
3,all_overlapping,scalar_indirect,1024,108,2112958,523776
3,all_overlapping,scalar_indirect,1024,109,2111250,523776
3,all_overlapping,scalar_indirect,1024,110,2111416,523776
3,all_overlapping,scalar_indirect,1024,111,2118292,523776
3,all_overlapping,scalar_indirect,1024,112,2109000,523776
3,all_overlapping,scalar_indirect,1024,113,2125875,523776
3,all_overlapping,scalar_indirect,1024,114,2106000,523776
3,all_overlapping,scalar_indirect,1024,115,2107000,523776
3,all_overlapping,scalar_indirect,1024,116,2106792,523776
3,all_overlapping,scalar_indirect,1024,117,2108917,523776
3,all_overlapping,scalar_indirect,1024,118,2118541,523776
3,all_overlapping,scalar_indirect,1024,119,2116792,523776
3,all_overlapping,scalar_indirect,1024,120,2103500,523776
3,all_overlapping,scalar_indirect,1024,121,2127708,523776
3,all_overlapping,scalar_indirect,1024,122,2109958,523776
3,all_overlapping,scalar_indirect,1024,123,2106208,523776
3,all_overlapping,scalar_indirect,1024,124,2104458,523776
3,all_overlapping,scalar_indirect,1024,125,2106209,523776
3,all_overlapping,scalar_indirect,1024,126,2110333,523776
3,all_overlapping,scalar_indirect,1024,127,2105750,523776
3,all_overlapping,scalar_indirect,1024,128,2105375,523776
3,all_overlapping,scalar_indirect,1024,129,2127375,523776
3,all_overlapping,scalar_indirect,1024,130,2104625,523776
3,all_overlapping,scalar_indirect,1024,131,2104375,523776
3,all_overlapping,scalar_indirect,1024,132,2102125,523776
3,all_overlapping,scalar_indirect,1024,133,2119791,523776
3,all_overlapping,scalar_indirect,1024,134,2144333,523776
3,all_overlapping,scalar_indirect,1024,135,2113042,523776
3,all_overlapping,scalar_indirect,1024,136,2120917,523776
3,all_overlapping,scalar_indirect,1024,137,2132542,523776
3,all_overlapping,scalar_indirect,1024,138,2106416,523776
3,all_overlapping,scalar_indirect,1024,139,2108750,523776
3,all_overlapping,scalar_indirect,1024,140,2112917,523776
3,all_overlapping,scalar_indirect,1024,141,2106458,523776
3,all_overlapping,scalar_indirect,1024,142,2103583,523776
3,all_overlapping,scalar_indirect,1024,143,2106084,523776
3,all_overlapping,scalar_indirect,1024,144,2106958,523776
3,all_overlapping,scalar_indirect,1024,145,2122417,523776
3,all_overlapping,scalar_indirect,1024,146,2105125,523776
3,all_overlapping,scalar_indirect,1024,147,2107208,523776
3,all_overlapping,scalar_indirect,1024,148,2106750,523776
3,all_overlapping,scalar_indirect,1024,149,2111125,523776
3,all_overlapping,scalar_indirect,1024,150,2108917,523776
3,all_overlapping,scalar_indirect,1024,151,2113625,523776
3,all_overlapping,scalar_indirect,1024,152,2112209,523776
3,all_overlapping,scalar_indirect,1024,153,2106125,523776
3,all_overlapping,scalar_indirect,1024,154,2106916,523776
3,all_overlapping,scalar_indirect,1024,155,2120625,523776
3,all_overlapping,scalar_indirect,1024,156,2109917,523776
3,all_overlapping,scalar_indirect,1024,157,2109583,523776
3,all_overlapping,scalar_indirect,1024,158,2105750,523776
3,all_overlapping,scalar_indirect,1024,159,2110000,523776
3,all_overlapping,scalar_indirect,1024,160,2108041,523776
3,all_overlapping,scalar_indirect,1024,161,2115458,523776
3,all_overlapping,scalar_indirect,1024,162,2111333,523776
3,all_overlapping,scalar_indirect,1024,163,2108375,523776
3,all_overlapping,scalar_indirect,1024,164,2108084,523776
3,all_overlapping,scalar_indirect,1024,165,2106625,523776
3,all_overlapping,scalar_indirect,1024,166,2105083,523776
3,all_overlapping,scalar_indirect,1024,167,2105667,523776
3,all_overlapping,scalar_indirect,1024,168,2113792,523776
3,all_overlapping,scalar_indirect,1024,169,2106083,523776
3,all_overlapping,scalar_indirect,1024,170,2106458,523776
3,all_overlapping,scalar_indirect,1024,171,2119875,523776
3,all_overlapping,scalar_indirect,1024,172,2107792,523776
3,all_overlapping,scalar_indirect,1024,173,2108375,523776
3,all_overlapping,scalar_indirect,1024,174,2111041,523776
3,all_overlapping,scalar_indirect,1024,175,2110042,523776
3,all_overlapping,scalar_indirect,1024,176,2114708,523776
3,all_overlapping,scalar_indirect,1024,177,2114583,523776
3,all_overlapping,scalar_indirect,1024,178,2116500,523776
3,all_overlapping,scalar_indirect,1024,179,2107667,523776
3,all_overlapping,scalar_indirect,1024,180,2110750,523776
3,all_overlapping,scalar_indirect,1024,181,2124459,523776
3,all_overlapping,scalar_indirect,1024,182,2144125,523776
3,all_overlapping,scalar_indirect,1024,183,2150792,523776
3,all_overlapping,scalar_indirect,1024,184,2158583,523776
3,all_overlapping,scalar_indirect,1024,185,2183000,523776
3,all_overlapping,scalar_indirect,1024,186,2166209,523776
3,all_overlapping,scalar_indirect,1024,187,2147792,523776
3,all_overlapping,scalar_indirect,1024,188,2143625,523776
3,all_overlapping,scalar_indirect,1024,189,2142625,523776
3,all_overlapping,scalar_indirect,1024,190,2151250,523776
3,all_overlapping,scalar_indirect,1024,191,2151917,523776
3,all_overlapping,scalar_indirect,1024,192,2118500,523776
3,all_overlapping,scalar_indirect,1024,193,2114459,523776
3,all_overlapping,scalar_indirect,1024,194,2114666,523776
3,all_overlapping,scalar_indirect,1024,195,2111209,523776
3,all_overlapping,scalar_indirect,1024,196,2114709,523776
3,all_overlapping,scalar_indirect,1024,197,2126041,523776
3,all_overlapping,scalar_indirect,1024,198,2114542,523776
3,all_overlapping,scalar_indirect,1024,199,2111250,523776
3,all_overlapping,scalar_indirect,1024,200,2124291,523776
3,all_overlapping,scalar_indirect,1024,201,2115959,523776
3,all_overlapping,scalar_indirect,1024,202,2115292,523776
3,all_overlapping,scalar_indirect,1024,203,2118958,523776
3,all_overlapping,scalar_indirect,1024,204,2110292,523776
3,all_overlapping,scalar_indirect,1024,205,2116791,523776
3,all_overlapping,scalar_indirect,1024,206,2112792,523776
3,all_overlapping,scalar_indirect,1024,207,2111291,523776
3,all_overlapping,scalar_indirect,1024,208,2120667,523776
3,all_overlapping,scalar_indirect,1024,209,2112917,523776
3,all_overlapping,scalar_indirect,1024,210,2112792,523776
3,all_overlapping,scalar_indirect,1024,211,2127667,523776
3,all_overlapping,scalar_indirect,1024,212,2107417,523776
3,all_overlapping,scalar_indirect,1024,213,2115166,523776
3,all_overlapping,scalar_indirect,1024,214,2109000,523776
3,all_overlapping,scalar_indirect,1024,215,2112292,523776
3,all_overlapping,scalar_indirect,1024,216,2110083,523776
3,all_overlapping,scalar_indirect,1024,217,2108542,523776
3,all_overlapping,scalar_indirect,1024,218,2105250,523776
3,all_overlapping,scalar_indirect,1024,219,2106959,523776
3,all_overlapping,scalar_indirect,1024,220,2109167,523776
3,all_overlapping,scalar_indirect,1024,221,2111500,523776
3,all_overlapping,scalar_indirect,1024,222,2107125,523776
3,all_overlapping,scalar_indirect,1024,223,2104292,523776
3,all_overlapping,scalar_indirect,1024,224,2109000,523776
3,all_overlapping,scalar_indirect,1024,225,2110000,523776
3,all_overlapping,scalar_indirect,1024,226,2104500,523776
3,all_overlapping,scalar_indirect,1024,227,2106458,523776
3,all_overlapping,scalar_indirect,1024,228,2103125,523776
3,all_overlapping,scalar_indirect,1024,229,2104917,523776
3,all_overlapping,scalar_indirect,1024,230,2105333,523776
3,all_overlapping,scalar_indirect,1024,231,2103083,523776
3,all_overlapping,scalar_indirect,1024,232,2136042,523776
3,all_overlapping,scalar_indirect,1024,233,2113333,523776
3,all_overlapping,scalar_indirect,1024,234,2110375,523776
3,all_overlapping,scalar_indirect,1024,235,2108875,523776
3,all_overlapping,scalar_indirect,1024,236,2106125,523776
3,all_overlapping,scalar_indirect,1024,237,2105333,523776
3,all_overlapping,scalar_indirect,1024,238,2103583,523776
3,all_overlapping,scalar_indirect,1024,239,2104459,523776
3,all_overlapping,scalar_indirect,1024,240,2109500,523776
3,all_overlapping,scalar_indirect,1024,241,2110167,523776
3,all_overlapping,scalar_indirect,1024,242,2108416,523776
3,all_overlapping,scalar_indirect,1024,243,2108959,523776
3,all_overlapping,scalar_indirect,1024,244,2107375,523776
3,all_overlapping,scalar_indirect,1024,245,2109250,523776
3,all_overlapping,scalar_indirect,1024,246,2106542,523776
3,all_overlapping,scalar_indirect,1024,247,2107500,523776
3,all_overlapping,scalar_indirect,1024,248,2118125,523776
3,all_overlapping,scalar_indirect,1024,249,2141000,523776
3,all_overlapping,scalar_indirect,1024,250,2138291,523776
3,all_overlapping,scalar_indirect,1024,251,2148750,523776
3,all_overlapping,scalar_indirect,1024,252,2147292,523776
3,all_overlapping,scalar_indirect,1024,253,2173334,523776
3,all_overlapping,scalar_indirect,1024,254,2139417,523776
3,all_overlapping,scalar_indirect,1024,255,2139958,523776
3,all_overlapping,scalar_indirect,1024,256,2147125,523776
3,all_overlapping,scalar_indirect,1024,257,2140416,523776
3,all_overlapping,scalar_indirect,1024,258,2158250,523776
3,all_overlapping,scalar_indirect,1024,259,2123542,523776
3,all_overlapping,scalar_indirect,1024,260,2114250,523776
3,all_overlapping,scalar_indirect,1024,261,2107208,523776
3,all_overlapping,scalar_indirect,1024,262,2107125,523776
3,all_overlapping,scalar_indirect,1024,263,2122125,523776
3,all_overlapping,scalar_indirect,1024,264,2130625,523776
3,all_overlapping,scalar_indirect,1024,265,2107458,523776
3,all_overlapping,scalar_indirect,1024,266,2120125,523776
3,all_overlapping,scalar_indirect,1024,267,2132334,523776
3,all_overlapping,scalar_indirect,1024,268,2121083,523776
3,all_overlapping,scalar_indirect,1024,269,2110291,523776
3,all_overlapping,scalar_indirect,1024,270,2118208,523776
3,all_overlapping,scalar_indirect,1024,271,2105708,523776
3,all_overlapping,scalar_indirect,1024,272,2130042,523776
3,all_overlapping,scalar_indirect,1024,273,2104375,523776
3,all_overlapping,scalar_indirect,1024,274,2106250,523776
3,all_overlapping,scalar_indirect,1024,275,2106167,523776
3,all_overlapping,scalar_indirect,1024,276,2113834,523776
3,all_overlapping,scalar_indirect,1024,277,2104000,523776
3,all_overlapping,scalar_indirect,1024,278,2102625,523776
3,all_overlapping,scalar_indirect,1024,279,2104750,523776
3,all_overlapping,scalar_indirect,1024,280,2157542,523776
3,all_overlapping,scalar_indirect,1024,281,2105875,523776
3,all_overlapping,scalar_indirect,1024,282,2105708,523776
3,all_overlapping,scalar_indirect,1024,283,2104875,523776
3,all_overlapping,scalar_indirect,1024,284,2111458,523776
3,all_overlapping,scalar_indirect,1024,285,2103208,523776
3,all_overlapping,scalar_indirect,1024,286,2107125,523776
3,all_overlapping,scalar_indirect,1024,287,2105833,523776
3,all_overlapping,scalar_indirect,1024,288,2126083,523776
3,all_overlapping,scalar_indirect,1024,289,2104459,523776
3,all_overlapping,scalar_indirect,1024,290,2121334,523776
3,all_overlapping,scalar_indirect,1024,291,2117333,523776
3,all_overlapping,scalar_indirect,1024,292,2144208,523776
3,all_overlapping,scalar_indirect,1024,293,2141875,523776
3,all_overlapping,scalar_indirect,1024,294,2138417,523776
3,all_overlapping,scalar_indirect,1024,295,2136041,523776
3,all_overlapping,scalar_indirect,1024,296,2156750,523776
3,all_overlapping,scalar_indirect,1024,297,2148500,523776
3,all_overlapping,scalar_indirect,1024,298,2175000,523776
3,all_overlapping,scalar_indirect,1024,299,2152375,523776
3,all_overlapping,scalar_packed,1024,0,2241333,523776
3,all_overlapping,scalar_packed,1024,1,2255667,523776
3,all_overlapping,scalar_packed,1024,2,2249833,523776
3,all_overlapping,scalar_packed,1024,3,2254291,523776
3,all_overlapping,scalar_packed,1024,4,2252875,523776
3,all_overlapping,scalar_packed,1024,5,2246709,523776
3,all_overlapping,scalar_packed,1024,6,2256833,523776
3,all_overlapping,scalar_packed,1024,7,2266292,523776
3,all_overlapping,scalar_packed,1024,8,2280583,523776
3,all_overlapping,scalar_packed,1024,9,2289708,523776
3,all_overlapping,scalar_packed,1024,10,2296958,523776
3,all_overlapping,scalar_packed,1024,11,2296459,523776
3,all_overlapping,scalar_packed,1024,12,2290833,523776
3,all_overlapping,scalar_packed,1024,13,2298208,523776
3,all_overlapping,scalar_packed,1024,14,2285416,523776
3,all_overlapping,scalar_packed,1024,15,2265792,523776
3,all_overlapping,scalar_packed,1024,16,2302041,523776
3,all_overlapping,scalar_packed,1024,17,2303167,523776
3,all_overlapping,scalar_packed,1024,18,2247750,523776
3,all_overlapping,scalar_packed,1024,19,2247917,523776
3,all_overlapping,scalar_packed,1024,20,2284375,523776
3,all_overlapping,scalar_packed,1024,21,2244959,523776
3,all_overlapping,scalar_packed,1024,22,2246833,523776
3,all_overlapping,scalar_packed,1024,23,2263000,523776
3,all_overlapping,scalar_packed,1024,24,2251875,523776
3,all_overlapping,scalar_packed,1024,25,2249291,523776
3,all_overlapping,scalar_packed,1024,26,2241167,523776
3,all_overlapping,scalar_packed,1024,27,2239291,523776
3,all_overlapping,scalar_packed,1024,28,2245625,523776
3,all_overlapping,scalar_packed,1024,29,2247875,523776
3,all_overlapping,scalar_packed,1024,30,2238375,523776
3,all_overlapping,scalar_packed,1024,31,2246916,523776
3,all_overlapping,scalar_packed,1024,32,2246084,523776
3,all_overlapping,scalar_packed,1024,33,2251875,523776
3,all_overlapping,scalar_packed,1024,34,2274750,523776
3,all_overlapping,scalar_packed,1024,35,2271208,523776
3,all_overlapping,scalar_packed,1024,36,2284542,523776
3,all_overlapping,scalar_packed,1024,37,2277166,523776
3,all_overlapping,scalar_packed,1024,38,2289334,523776
3,all_overlapping,scalar_packed,1024,39,2269708,523776
3,all_overlapping,scalar_packed,1024,40,2295583,523776
3,all_overlapping,scalar_packed,1024,41,2275250,523776
3,all_overlapping,scalar_packed,1024,42,2266167,523776
3,all_overlapping,scalar_packed,1024,43,2283250,523776
3,all_overlapping,scalar_packed,1024,44,2280791,523776
3,all_overlapping,scalar_packed,1024,45,2264208,523776
3,all_overlapping,scalar_packed,1024,46,2288583,523776
3,all_overlapping,scalar_packed,1024,47,2247959,523776
3,all_overlapping,scalar_packed,1024,48,2238792,523776
3,all_overlapping,scalar_packed,1024,49,2248500,523776
3,all_overlapping,scalar_packed,1024,50,2230417,523776
3,all_overlapping,scalar_packed,1024,51,2235833,523776
3,all_overlapping,scalar_packed,1024,52,2252250,523776
3,all_overlapping,scalar_packed,1024,53,2240292,523776
3,all_overlapping,scalar_packed,1024,54,2240250,523776
3,all_overlapping,scalar_packed,1024,55,2242333,523776
3,all_overlapping,scalar_packed,1024,56,2249083,523776
3,all_overlapping,scalar_packed,1024,57,2244042,523776
3,all_overlapping,scalar_packed,1024,58,2248458,523776
3,all_overlapping,scalar_packed,1024,59,2249125,523776
3,all_overlapping,scalar_packed,1024,60,2248208,523776
3,all_overlapping,scalar_packed,1024,61,2243375,523776
3,all_overlapping,scalar_packed,1024,62,2238625,523776
3,all_overlapping,scalar_packed,1024,63,2245041,523776
3,all_overlapping,scalar_packed,1024,64,2240250,523776
3,all_overlapping,scalar_packed,1024,65,2266500,523776
3,all_overlapping,scalar_packed,1024,66,2251375,523776
3,all_overlapping,scalar_packed,1024,67,2260958,523776
3,all_overlapping,scalar_packed,1024,68,2238042,523776
3,all_overlapping,scalar_packed,1024,69,2251542,523776
3,all_overlapping,scalar_packed,1024,70,2238625,523776
3,all_overlapping,scalar_packed,1024,71,2242791,523776
3,all_overlapping,scalar_packed,1024,72,2231834,523776
3,all_overlapping,scalar_packed,1024,73,2241750,523776
3,all_overlapping,scalar_packed,1024,74,2269291,523776
3,all_overlapping,scalar_packed,1024,75,2259000,523776
3,all_overlapping,scalar_packed,1024,76,2261625,523776
3,all_overlapping,scalar_packed,1024,77,2235250,523776
3,all_overlapping,scalar_packed,1024,78,2243833,523776
3,all_overlapping,scalar_packed,1024,79,2237833,523776
3,all_overlapping,scalar_packed,1024,80,2234500,523776
3,all_overlapping,scalar_packed,1024,81,2260209,523776
3,all_overlapping,scalar_packed,1024,82,2282541,523776
3,all_overlapping,scalar_packed,1024,83,2239458,523776
3,all_overlapping,scalar_packed,1024,84,2245209,523776
3,all_overlapping,scalar_packed,1024,85,2237542,523776
3,all_overlapping,scalar_packed,1024,86,2250000,523776
3,all_overlapping,scalar_packed,1024,87,2248583,523776
3,all_overlapping,scalar_packed,1024,88,2242792,523776
3,all_overlapping,scalar_packed,1024,89,2269208,523776
3,all_overlapping,scalar_packed,1024,90,2244417,523776
3,all_overlapping,scalar_packed,1024,91,2243709,523776
3,all_overlapping,scalar_packed,1024,92,2246875,523776
3,all_overlapping,scalar_packed,1024,93,2237625,523776
3,all_overlapping,scalar_packed,1024,94,2240667,523776
3,all_overlapping,scalar_packed,1024,95,2235292,523776
3,all_overlapping,scalar_packed,1024,96,2239375,523776
3,all_overlapping,scalar_packed,1024,97,2250500,523776
3,all_overlapping,scalar_packed,1024,98,2235209,523776
3,all_overlapping,scalar_packed,1024,99,2236042,523776
3,all_overlapping,scalar_packed,1024,100,2246708,523776
3,all_overlapping,scalar_packed,1024,101,2242500,523776
3,all_overlapping,scalar_packed,1024,102,2244000,523776
3,all_overlapping,scalar_packed,1024,103,2239375,523776
3,all_overlapping,scalar_packed,1024,104,2240375,523776
3,all_overlapping,scalar_packed,1024,105,2263875,523776
3,all_overlapping,scalar_packed,1024,106,2247625,523776
3,all_overlapping,scalar_packed,1024,107,2242125,523776
3,all_overlapping,scalar_packed,1024,108,2242458,523776
3,all_overlapping,scalar_packed,1024,109,2240000,523776
3,all_overlapping,scalar_packed,1024,110,2264958,523776
3,all_overlapping,scalar_packed,1024,111,2245333,523776
3,all_overlapping,scalar_packed,1024,112,2257042,523776
3,all_overlapping,scalar_packed,1024,113,2235750,523776
3,all_overlapping,scalar_packed,1024,114,2246500,523776
3,all_overlapping,scalar_packed,1024,115,2244791,523776
3,all_overlapping,scalar_packed,1024,116,2241959,523776
3,all_overlapping,scalar_packed,1024,117,2233458,523776
3,all_overlapping,scalar_packed,1024,118,2250083,523776
3,all_overlapping,scalar_packed,1024,119,2244667,523776
3,all_overlapping,scalar_packed,1024,120,2259917,523776
3,all_overlapping,scalar_packed,1024,121,2241541,523776
3,all_overlapping,scalar_packed,1024,122,2239167,523776
3,all_overlapping,scalar_packed,1024,123,2242750,523776
3,all_overlapping,scalar_packed,1024,124,2237792,523776
3,all_overlapping,scalar_packed,1024,125,2235209,523776
3,all_overlapping,scalar_packed,1024,126,2247916,523776
3,all_overlapping,scalar_packed,1024,127,2248625,523776
3,all_overlapping,scalar_packed,1024,128,2245875,523776
3,all_overlapping,scalar_packed,1024,129,2235833,523776
3,all_overlapping,scalar_packed,1024,130,2244708,523776
3,all_overlapping,scalar_packed,1024,131,2240958,523776
3,all_overlapping,scalar_packed,1024,132,2272375,523776
3,all_overlapping,scalar_packed,1024,133,2272875,523776
3,all_overlapping,scalar_packed,1024,134,2266833,523776
3,all_overlapping,scalar_packed,1024,135,2287000,523776
3,all_overlapping,scalar_packed,1024,136,2277500,523776
3,all_overlapping,scalar_packed,1024,137,2272167,523776
3,all_overlapping,scalar_packed,1024,138,2275292,523776
3,all_overlapping,scalar_packed,1024,139,2279625,523776
3,all_overlapping,scalar_packed,1024,140,2277208,523776
3,all_overlapping,scalar_packed,1024,141,2275666,523776
3,all_overlapping,scalar_packed,1024,142,2275000,523776
3,all_overlapping,scalar_packed,1024,143,2277209,523776
3,all_overlapping,scalar_packed,1024,144,2290625,523776
3,all_overlapping,scalar_packed,1024,145,2272209,523776
3,all_overlapping,scalar_packed,1024,146,2284875,523776
3,all_overlapping,scalar_packed,1024,147,2273750,523776
3,all_overlapping,scalar_packed,1024,148,2269959,523776
3,all_overlapping,scalar_packed,1024,149,2288708,523776
3,all_overlapping,scalar_packed,1024,150,2250792,523776
3,all_overlapping,scalar_packed,1024,151,2244750,523776
3,all_overlapping,scalar_packed,1024,152,2245042,523776
3,all_overlapping,scalar_packed,1024,153,2241042,523776
3,all_overlapping,scalar_packed,1024,154,2256834,523776
3,all_overlapping,scalar_packed,1024,155,2254583,523776
3,all_overlapping,scalar_packed,1024,156,2252375,523776
3,all_overlapping,scalar_packed,1024,157,2255125,523776
3,all_overlapping,scalar_packed,1024,158,2250500,523776
3,all_overlapping,scalar_packed,1024,159,2240709,523776
3,all_overlapping,scalar_packed,1024,160,2244250,523776
3,all_overlapping,scalar_packed,1024,161,2237167,523776
3,all_overlapping,scalar_packed,1024,162,2264625,523776
3,all_overlapping,scalar_packed,1024,163,2266542,523776
3,all_overlapping,scalar_packed,1024,164,2294667,523776
3,all_overlapping,scalar_packed,1024,165,2269583,523776
3,all_overlapping,scalar_packed,1024,166,2272125,523776
3,all_overlapping,scalar_packed,1024,167,2273292,523776
3,all_overlapping,scalar_packed,1024,168,2284042,523776
3,all_overlapping,scalar_packed,1024,169,2267958,523776
3,all_overlapping,scalar_packed,1024,170,2284542,523776
3,all_overlapping,scalar_packed,1024,171,2288625,523776
3,all_overlapping,scalar_packed,1024,172,2278916,523776
3,all_overlapping,scalar_packed,1024,173,2274792,523776
3,all_overlapping,scalar_packed,1024,174,2276125,523776
3,all_overlapping,scalar_packed,1024,175,2275333,523776
3,all_overlapping,scalar_packed,1024,176,2288958,523776
3,all_overlapping,scalar_packed,1024,177,2244958,523776
3,all_overlapping,scalar_packed,1024,178,2252000,523776
3,all_overlapping,scalar_packed,1024,179,2244291,523776
3,all_overlapping,scalar_packed,1024,180,2257458,523776
3,all_overlapping,scalar_packed,1024,181,2235709,523776
3,all_overlapping,scalar_packed,1024,182,2247708,523776
3,all_overlapping,scalar_packed,1024,183,2246750,523776
3,all_overlapping,scalar_packed,1024,184,2241958,523776
3,all_overlapping,scalar_packed,1024,185,2254791,523776
3,all_overlapping,scalar_packed,1024,186,2242167,523776
3,all_overlapping,scalar_packed,1024,187,2242875,523776
3,all_overlapping,scalar_packed,1024,188,2243041,523776
3,all_overlapping,scalar_packed,1024,189,2248417,523776
3,all_overlapping,scalar_packed,1024,190,2249125,523776
3,all_overlapping,scalar_packed,1024,191,2268167,523776
3,all_overlapping,scalar_packed,1024,192,2283458,523776
3,all_overlapping,scalar_packed,1024,193,2277625,523776
3,all_overlapping,scalar_packed,1024,194,2274333,523776
3,all_overlapping,scalar_packed,1024,195,2290209,523776
3,all_overlapping,scalar_packed,1024,196,2279500,523776
3,all_overlapping,scalar_packed,1024,197,2289416,523776
3,all_overlapping,scalar_packed,1024,198,2292625,523776
3,all_overlapping,scalar_packed,1024,199,2291208,523776
3,all_overlapping,scalar_packed,1024,200,2283208,523776
3,all_overlapping,scalar_packed,1024,201,2274584,523776
3,all_overlapping,scalar_packed,1024,202,2298250,523776
3,all_overlapping,scalar_packed,1024,203,2267833,523776
3,all_overlapping,scalar_packed,1024,204,2236541,523776
3,all_overlapping,scalar_packed,1024,205,2247792,523776
3,all_overlapping,scalar_packed,1024,206,2241542,523776
3,all_overlapping,scalar_packed,1024,207,2236333,523776
3,all_overlapping,scalar_packed,1024,208,2255791,523776
3,all_overlapping,scalar_packed,1024,209,2244542,523776
3,all_overlapping,scalar_packed,1024,210,2241375,523776
3,all_overlapping,scalar_packed,1024,211,2250167,523776
3,all_overlapping,scalar_packed,1024,212,2251375,523776
3,all_overlapping,scalar_packed,1024,213,2255917,523776
3,all_overlapping,scalar_packed,1024,214,2273958,523776
3,all_overlapping,scalar_packed,1024,215,2278666,523776
3,all_overlapping,scalar_packed,1024,216,2274750,523776
3,all_overlapping,scalar_packed,1024,217,2280792,523776
3,all_overlapping,scalar_packed,1024,218,2289417,523776
3,all_overlapping,scalar_packed,1024,219,2276166,523776
3,all_overlapping,scalar_packed,1024,220,2293792,523776
3,all_overlapping,scalar_packed,1024,221,2282333,523776
3,all_overlapping,scalar_packed,1024,222,2291042,523776
3,all_overlapping,scalar_packed,1024,223,2279875,523776
3,all_overlapping,scalar_packed,1024,224,2275334,523776
3,all_overlapping,scalar_packed,1024,225,2294416,523776
3,all_overlapping,scalar_packed,1024,226,2271167,523776
3,all_overlapping,scalar_packed,1024,227,2238250,523776
3,all_overlapping,scalar_packed,1024,228,2240875,523776
3,all_overlapping,scalar_packed,1024,229,2242750,523776
3,all_overlapping,scalar_packed,1024,230,2256875,523776
3,all_overlapping,scalar_packed,1024,231,2246708,523776
3,all_overlapping,scalar_packed,1024,232,2250167,523776
3,all_overlapping,scalar_packed,1024,233,2241000,523776
3,all_overlapping,scalar_packed,1024,234,2250583,523776
3,all_overlapping,scalar_packed,1024,235,2250500,523776
3,all_overlapping,scalar_packed,1024,236,2248791,523776
3,all_overlapping,scalar_packed,1024,237,2253792,523776
3,all_overlapping,scalar_packed,1024,238,2254459,523776
3,all_overlapping,scalar_packed,1024,239,2258583,523776
3,all_overlapping,scalar_packed,1024,240,2252958,523776
3,all_overlapping,scalar_packed,1024,241,2284459,523776
3,all_overlapping,scalar_packed,1024,242,2250916,523776
3,all_overlapping,scalar_packed,1024,243,2279875,523776
3,all_overlapping,scalar_packed,1024,244,2265459,523776
3,all_overlapping,scalar_packed,1024,245,2271625,523776
3,all_overlapping,scalar_packed,1024,246,2260584,523776
3,all_overlapping,scalar_packed,1024,247,2259334,523776
3,all_overlapping,scalar_packed,1024,248,2253708,523776
3,all_overlapping,scalar_packed,1024,249,2252875,523776
3,all_overlapping,scalar_packed,1024,250,2251833,523776
3,all_overlapping,scalar_packed,1024,251,2254542,523776
3,all_overlapping,scalar_packed,1024,252,2263584,523776
3,all_overlapping,scalar_packed,1024,253,2239500,523776
3,all_overlapping,scalar_packed,1024,254,2256750,523776
3,all_overlapping,scalar_packed,1024,255,2262625,523776
3,all_overlapping,scalar_packed,1024,256,2253125,523776
3,all_overlapping,scalar_packed,1024,257,2253000,523776
3,all_overlapping,scalar_packed,1024,258,2248166,523776
3,all_overlapping,scalar_packed,1024,259,2260375,523776
3,all_overlapping,scalar_packed,1024,260,2255042,523776
3,all_overlapping,scalar_packed,1024,261,2249666,523776
3,all_overlapping,scalar_packed,1024,262,2258042,523776
3,all_overlapping,scalar_packed,1024,263,2240667,523776
3,all_overlapping,scalar_packed,1024,264,2261792,523776
3,all_overlapping,scalar_packed,1024,265,2243375,523776
3,all_overlapping,scalar_packed,1024,266,2247166,523776
3,all_overlapping,scalar_packed,1024,267,2266167,523776
3,all_overlapping,scalar_packed,1024,268,2250417,523776
3,all_overlapping,scalar_packed,1024,269,2279125,523776
3,all_overlapping,scalar_packed,1024,270,2274583,523776
3,all_overlapping,scalar_packed,1024,271,2289875,523776
3,all_overlapping,scalar_packed,1024,272,2286250,523776
3,all_overlapping,scalar_packed,1024,273,2291333,523776
3,all_overlapping,scalar_packed,1024,274,2282625,523776
3,all_overlapping,scalar_packed,1024,275,2288917,523776
3,all_overlapping,scalar_packed,1024,276,2300375,523776
3,all_overlapping,scalar_packed,1024,277,2297750,523776
3,all_overlapping,scalar_packed,1024,278,2293125,523776
3,all_overlapping,scalar_packed,1024,279,2282250,523776
3,all_overlapping,scalar_packed,1024,280,2282625,523776
3,all_overlapping,scalar_packed,1024,281,2293334,523776
3,all_overlapping,scalar_packed,1024,282,2259292,523776
3,all_overlapping,scalar_packed,1024,283,2250208,523776
3,all_overlapping,scalar_packed,1024,284,2245750,523776
3,all_overlapping,scalar_packed,1024,285,2251833,523776
3,all_overlapping,scalar_packed,1024,286,2246917,523776
3,all_overlapping,scalar_packed,1024,287,2248375,523776
3,all_overlapping,scalar_packed,1024,288,2291667,523776
3,all_overlapping,scalar_packed,1024,289,2269166,523776
3,all_overlapping,scalar_packed,1024,290,2247959,523776
3,all_overlapping,scalar_packed,1024,291,2251209,523776
3,all_overlapping,scalar_packed,1024,292,2290708,523776
3,all_overlapping,scalar_packed,1024,293,2290833,523776
3,all_overlapping,scalar_packed,1024,294,2274417,523776
3,all_overlapping,scalar_packed,1024,295,2288917,523776
3,all_overlapping,scalar_packed,1024,296,2284333,523776
3,all_overlapping,scalar_packed,1024,297,2270250,523776
3,all_overlapping,scalar_packed,1024,298,2284709,523776
3,all_overlapping,scalar_packed,1024,299,2303292,523776
3,all_overlapping,simd,1024,0,1827375,523776
3,all_overlapping,simd,1024,1,1825583,523776
3,all_overlapping,simd,1024,2,1830083,523776
3,all_overlapping,simd,1024,3,1827917,523776
3,all_overlapping,simd,1024,4,1838708,523776
3,all_overlapping,simd,1024,5,1825875,523776
3,all_overlapping,simd,1024,6,1826541,523776
3,all_overlapping,simd,1024,7,1833125,523776
3,all_overlapping,simd,1024,8,1847709,523776
3,all_overlapping,simd,1024,9,1833292,523776
3,all_overlapping,simd,1024,10,1826958,523776
3,all_overlapping,simd,1024,11,1827250,523776
3,all_overlapping,simd,1024,12,1825542,523776
3,all_overlapping,simd,1024,13,1834000,523776
3,all_overlapping,simd,1024,14,1828375,523776
3,all_overlapping,simd,1024,15,1832292,523776
3,all_overlapping,simd,1024,16,1828375,523776
3,all_overlapping,simd,1024,17,1835000,523776
3,all_overlapping,simd,1024,18,1832708,523776
3,all_overlapping,simd,1024,19,1824750,523776
3,all_overlapping,simd,1024,20,1826917,523776
3,all_overlapping,simd,1024,21,1825750,523776
3,all_overlapping,simd,1024,22,1834125,523776
3,all_overlapping,simd,1024,23,1826458,523776
3,all_overlapping,simd,1024,24,1825042,523776
3,all_overlapping,simd,1024,25,1825000,523776
3,all_overlapping,simd,1024,26,1830000,523776
3,all_overlapping,simd,1024,27,1827750,523776
3,all_overlapping,simd,1024,28,1832500,523776
3,all_overlapping,simd,1024,29,1827542,523776
3,all_overlapping,simd,1024,30,1826167,523776
3,all_overlapping,simd,1024,31,1828750,523776
3,all_overlapping,simd,1024,32,1830500,523776
3,all_overlapping,simd,1024,33,1827000,523776
3,all_overlapping,simd,1024,34,1828083,523776
3,all_overlapping,simd,1024,35,1829334,523776
3,all_overlapping,simd,1024,36,1829459,523776
3,all_overlapping,simd,1024,37,1829667,523776
3,all_overlapping,simd,1024,38,1827833,523776
3,all_overlapping,simd,1024,39,1833541,523776
3,all_overlapping,simd,1024,40,1827917,523776
3,all_overlapping,simd,1024,41,1829166,523776
3,all_overlapping,simd,1024,42,1848959,523776
3,all_overlapping,simd,1024,43,1855125,523776
3,all_overlapping,simd,1024,44,1853584,523776
3,all_overlapping,simd,1024,45,1883541,523776
3,all_overlapping,simd,1024,46,1862875,523776
3,all_overlapping,simd,1024,47,1853583,523776
3,all_overlapping,simd,1024,48,1907500,523776
3,all_overlapping,simd,1024,49,1873208,523776
3,all_overlapping,simd,1024,50,1881208,523776
3,all_overlapping,simd,1024,51,1871000,523776
3,all_overlapping,simd,1024,52,1916834,523776
3,all_overlapping,simd,1024,53,1968834,523776
3,all_overlapping,simd,1024,54,1897125,523776
3,all_overlapping,simd,1024,55,2069417,523776
3,all_overlapping,simd,1024,56,1939208,523776
3,all_overlapping,simd,1024,57,1889500,523776
3,all_overlapping,simd,1024,58,1881250,523776
3,all_overlapping,simd,1024,59,1879666,523776
3,all_overlapping,simd,1024,60,1878375,523776
3,all_overlapping,simd,1024,61,1931209,523776
3,all_overlapping,simd,1024,62,1904958,523776
3,all_overlapping,simd,1024,63,2376167,523776
3,all_overlapping,simd,1024,64,1895250,523776
3,all_overlapping,simd,1024,65,1879709,523776
3,all_overlapping,simd,1024,66,1897250,523776
3,all_overlapping,simd,1024,67,1873250,523776
3,all_overlapping,simd,1024,68,1891875,523776
3,all_overlapping,simd,1024,69,1889333,523776
3,all_overlapping,simd,1024,70,1935292,523776
3,all_overlapping,simd,1024,71,1877625,523776
3,all_overlapping,simd,1024,72,1866625,523776
3,all_overlapping,simd,1024,73,1889625,523776
3,all_overlapping,simd,1024,74,1918208,523776
3,all_overlapping,simd,1024,75,1916084,523776
3,all_overlapping,simd,1024,76,1877083,523776
3,all_overlapping,simd,1024,77,1882750,523776
3,all_overlapping,simd,1024,78,1880291,523776
3,all_overlapping,simd,1024,79,2333917,523776
3,all_overlapping,simd,1024,80,2325875,523776
3,all_overlapping,simd,1024,81,2084750,523776
3,all_overlapping,simd,1024,82,1994708,523776
3,all_overlapping,simd,1024,83,1898750,523776
3,all_overlapping,simd,1024,84,1920500,523776
3,all_overlapping,simd,1024,85,1918625,523776
3,all_overlapping,simd,1024,86,1897792,523776
3,all_overlapping,simd,1024,87,1886708,523776
3,all_overlapping,simd,1024,88,1966709,523776
3,all_overlapping,simd,1024,89,1892208,523776
3,all_overlapping,simd,1024,90,1871583,523776
3,all_overlapping,simd,1024,91,2171833,523776
3,all_overlapping,simd,1024,92,1860958,523776
3,all_overlapping,simd,1024,93,1906542,523776
3,all_overlapping,simd,1024,94,1900708,523776
3,all_overlapping,simd,1024,95,1838584,523776
3,all_overlapping,simd,1024,96,1843333,523776
3,all_overlapping,simd,1024,97,1878625,523776
3,all_overlapping,simd,1024,98,1883125,523776
3,all_overlapping,simd,1024,99,1881334,523776
3,all_overlapping,simd,1024,100,1872083,523776
3,all_overlapping,simd,1024,101,1849333,523776
3,all_overlapping,simd,1024,102,1861667,523776
3,all_overlapping,simd,1024,103,1840916,523776
3,all_overlapping,simd,1024,104,1834000,523776
3,all_overlapping,simd,1024,105,1837417,523776
3,all_overlapping,simd,1024,106,1856000,523776
3,all_overlapping,simd,1024,107,1839125,523776
3,all_overlapping,simd,1024,108,1851667,523776
3,all_overlapping,simd,1024,109,1852791,523776
3,all_overlapping,simd,1024,110,1854667,523776
3,all_overlapping,simd,1024,111,1833000,523776
3,all_overlapping,simd,1024,112,1861208,523776
3,all_overlapping,simd,1024,113,1841167,523776
3,all_overlapping,simd,1024,114,1865250,523776
3,all_overlapping,simd,1024,115,1853167,523776
3,all_overlapping,simd,1024,116,1846541,523776
3,all_overlapping,simd,1024,117,1854542,523776
3,all_overlapping,simd,1024,118,1861083,523776
3,all_overlapping,simd,1024,119,1848375,523776
3,all_overlapping,simd,1024,120,1832042,523776
3,all_overlapping,simd,1024,121,1859458,523776
3,all_overlapping,simd,1024,122,1833708,523776
3,all_overlapping,simd,1024,123,1849375,523776
3,all_overlapping,simd,1024,124,1862750,523776
3,all_overlapping,simd,1024,125,1832500,523776
3,all_overlapping,simd,1024,126,1839375,523776
3,all_overlapping,simd,1024,127,1837292,523776
3,all_overlapping,simd,1024,128,1833750,523776
3,all_overlapping,simd,1024,129,1827125,523776
3,all_overlapping,simd,1024,130,1845917,523776
3,all_overlapping,simd,1024,131,1826750,523776
3,all_overlapping,simd,1024,132,1844500,523776
3,all_overlapping,simd,1024,133,1840375,523776
3,all_overlapping,simd,1024,134,1830458,523776
3,all_overlapping,simd,1024,135,1840500,523776
3,all_overlapping,simd,1024,136,1872125,523776
3,all_overlapping,simd,1024,137,1878708,523776
3,all_overlapping,simd,1024,138,1894125,523776
3,all_overlapping,simd,1024,139,1857500,523776
3,all_overlapping,simd,1024,140,1943125,523776
3,all_overlapping,simd,1024,141,1903750,523776
3,all_overlapping,simd,1024,142,1866917,523776
3,all_overlapping,simd,1024,143,1861333,523776
3,all_overlapping,simd,1024,144,1887333,523776
3,all_overlapping,simd,1024,145,1876750,523776
3,all_overlapping,simd,1024,146,1843250,523776
3,all_overlapping,simd,1024,147,1832917,523776
3,all_overlapping,simd,1024,148,1855708,523776
3,all_overlapping,simd,1024,149,1837125,523776
3,all_overlapping,simd,1024,150,1842458,523776
3,all_overlapping,simd,1024,151,1854458,523776
3,all_overlapping,simd,1024,152,1871208,523776
3,all_overlapping,simd,1024,153,1832000,523776
3,all_overlapping,simd,1024,154,1950750,523776
3,all_overlapping,simd,1024,155,1858084,523776
3,all_overlapping,simd,1024,156,1833458,523776
3,all_overlapping,simd,1024,157,1828792,523776
3,all_overlapping,simd,1024,158,1832334,523776
3,all_overlapping,simd,1024,159,1849750,523776
3,all_overlapping,simd,1024,160,1842375,523776
3,all_overlapping,simd,1024,161,1841542,523776
3,all_overlapping,simd,1024,162,1838750,523776
3,all_overlapping,simd,1024,163,1848916,523776
3,all_overlapping,simd,1024,164,1842292,523776
3,all_overlapping,simd,1024,165,1835083,523776
3,all_overlapping,simd,1024,166,1836416,523776
3,all_overlapping,simd,1024,167,1828792,523776
3,all_overlapping,simd,1024,168,1836125,523776
3,all_overlapping,simd,1024,169,1858250,523776
3,all_overlapping,simd,1024,170,1838041,523776
3,all_overlapping,simd,1024,171,1833959,523776
3,all_overlapping,simd,1024,172,1835500,523776
3,all_overlapping,simd,1024,173,1851459,523776
3,all_overlapping,simd,1024,174,1835500,523776
3,all_overlapping,simd,1024,175,1831375,523776
3,all_overlapping,simd,1024,176,1833625,523776
3,all_overlapping,simd,1024,177,1834000,523776
3,all_overlapping,simd,1024,178,1841042,523776
3,all_overlapping,simd,1024,179,1833917,523776
3,all_overlapping,simd,1024,180,1833625,523776
3,all_overlapping,simd,1024,181,1834875,523776
3,all_overlapping,simd,1024,182,1841583,523776
3,all_overlapping,simd,1024,183,1831250,523776
3,all_overlapping,simd,1024,184,1831000,523776
3,all_overlapping,simd,1024,185,1833167,523776
3,all_overlapping,simd,1024,186,1836000,523776
3,all_overlapping,simd,1024,187,1839417,523776
3,all_overlapping,simd,1024,188,1834250,523776
3,all_overlapping,simd,1024,189,1834333,523776
3,all_overlapping,simd,1024,190,1838125,523776
3,all_overlapping,simd,1024,191,1837417,523776
3,all_overlapping,simd,1024,192,1835750,523776
3,all_overlapping,simd,1024,193,1830541,523776
3,all_overlapping,simd,1024,194,1834542,523776
3,all_overlapping,simd,1024,195,1828166,523776
3,all_overlapping,simd,1024,196,1849083,523776
3,all_overlapping,simd,1024,197,1845875,523776
3,all_overlapping,simd,1024,198,1837583,523776
3,all_overlapping,simd,1024,199,1836042,523776
3,all_overlapping,simd,1024,200,1835958,523776
3,all_overlapping,simd,1024,201,1830750,523776
3,all_overlapping,simd,1024,202,1829667,523776
3,all_overlapping,simd,1024,203,1834375,523776
3,all_overlapping,simd,1024,204,1829666,523776
3,all_overlapping,simd,1024,205,1830250,523776
3,all_overlapping,simd,1024,206,1836125,523776
3,all_overlapping,simd,1024,207,1881833,523776
3,all_overlapping,simd,1024,208,1840250,523776
3,all_overlapping,simd,1024,209,1830625,523776
3,all_overlapping,simd,1024,210,1833750,523776
3,all_overlapping,simd,1024,211,1832208,523776
3,all_overlapping,simd,1024,212,1830667,523776
3,all_overlapping,simd,1024,213,1833250,523776
3,all_overlapping,simd,1024,214,1835416,523776
3,all_overlapping,simd,1024,215,1833208,523776
3,all_overlapping,simd,1024,216,1834125,523776
3,all_overlapping,simd,1024,217,1842250,523776
3,all_overlapping,simd,1024,218,1831208,523776
3,all_overlapping,simd,1024,219,1833542,523776
3,all_overlapping,simd,1024,220,1832292,523776
3,all_overlapping,simd,1024,221,1836916,523776
3,all_overlapping,simd,1024,222,1837292,523776
3,all_overlapping,simd,1024,223,1833250,523776
3,all_overlapping,simd,1024,224,1847625,523776
3,all_overlapping,simd,1024,225,1830875,523776
3,all_overlapping,simd,1024,226,1836333,523776
3,all_overlapping,simd,1024,227,1836291,523776
3,all_overlapping,simd,1024,228,1834375,523776
3,all_overlapping,simd,1024,229,1832625,523776
3,all_overlapping,simd,1024,230,1830583,523776
3,all_overlapping,simd,1024,231,1834791,523776
3,all_overlapping,simd,1024,232,1833250,523776
3,all_overlapping,simd,1024,233,1832375,523776
3,all_overlapping,simd,1024,234,1830458,523776
3,all_overlapping,simd,1024,235,1836292,523776
3,all_overlapping,simd,1024,236,1846375,523776
3,all_overlapping,simd,1024,237,1841792,523776
3,all_overlapping,simd,1024,238,1833583,523776
3,all_overlapping,simd,1024,239,1831834,523776
3,all_overlapping,simd,1024,240,1835666,523776
3,all_overlapping,simd,1024,241,1836334,523776
3,all_overlapping,simd,1024,242,1833041,523776
3,all_overlapping,simd,1024,243,1828459,523776
3,all_overlapping,simd,1024,244,1829000,523776
3,all_overlapping,simd,1024,245,1828917,523776
3,all_overlapping,simd,1024,246,1829042,523776
3,all_overlapping,simd,1024,247,1838083,523776
3,all_overlapping,simd,1024,248,1830333,523776
3,all_overlapping,simd,1024,249,1829208,523776
3,all_overlapping,simd,1024,250,1833583,523776
3,all_overlapping,simd,1024,251,1828917,523776
3,all_overlapping,simd,1024,252,1829166,523776
3,all_overlapping,simd,1024,253,1827125,523776
3,all_overlapping,simd,1024,254,1829583,523776
3,all_overlapping,simd,1024,255,1829625,523776
3,all_overlapping,simd,1024,256,1831084,523776
3,all_overlapping,simd,1024,257,1830500,523776
3,all_overlapping,simd,1024,258,1826917,523776
3,all_overlapping,simd,1024,259,1828916,523776
3,all_overlapping,simd,1024,260,1825750,523776
3,all_overlapping,simd,1024,261,1828042,523776
3,all_overlapping,simd,1024,262,1846958,523776
3,all_overlapping,simd,1024,263,1840250,523776
3,all_overlapping,simd,1024,264,1829250,523776
3,all_overlapping,simd,1024,265,1828000,523776
3,all_overlapping,simd,1024,266,1826083,523776
3,all_overlapping,simd,1024,267,1828375,523776
3,all_overlapping,simd,1024,268,1838916,523776
3,all_overlapping,simd,1024,269,1828083,523776
3,all_overlapping,simd,1024,270,1827959,523776
3,all_overlapping,simd,1024,271,1833041,523776
3,all_overlapping,simd,1024,272,1825834,523776
3,all_overlapping,simd,1024,273,1826417,523776
3,all_overlapping,simd,1024,274,1829833,523776
3,all_overlapping,simd,1024,275,1832459,523776
3,all_overlapping,simd,1024,276,1831583,523776
3,all_overlapping,simd,1024,277,1829292,523776
3,all_overlapping,simd,1024,278,1822791,523776
3,all_overlapping,simd,1024,279,1832750,523776
3,all_overlapping,simd,1024,280,1825917,523776
3,all_overlapping,simd,1024,281,1825583,523776
3,all_overlapping,simd,1024,282,1828500,523776
3,all_overlapping,simd,1024,283,1826834,523776
3,all_overlapping,simd,1024,284,1824083,523776
3,all_overlapping,simd,1024,285,1826208,523776
3,all_overlapping,simd,1024,286,1828417,523776
3,all_overlapping,simd,1024,287,1824750,523776
3,all_overlapping,simd,1024,288,1827125,523776
3,all_overlapping,simd,1024,289,1827709,523776
3,all_overlapping,simd,1024,290,1825583,523776
3,all_overlapping,simd,1024,291,1825375,523776
3,all_overlapping,simd,1024,292,1825000,523776
3,all_overlapping,simd,1024,293,1825125,523776
3,all_overlapping,simd,1024,294,1826375,523776
3,all_overlapping,simd,1024,295,1825542,523776
3,all_overlapping,simd,1024,296,1834083,523776
3,all_overlapping,simd,1024,297,1826583,523776
3,all_overlapping,simd,1024,298,1824791,523776
3,all_overlapping,simd,1024,299,1824292,523776
4,sparse,scalar_indirect,1024,0,20417,0
4,sparse,scalar_indirect,1024,1,20375,0
4,sparse,scalar_indirect,1024,2,20333,0
4,sparse,scalar_indirect,1024,3,20291,0
4,sparse,scalar_indirect,1024,4,20333,0
4,sparse,scalar_indirect,1024,5,20292,0
4,sparse,scalar_indirect,1024,6,20291,0
4,sparse,scalar_indirect,1024,7,20375,0
4,sparse,scalar_indirect,1024,8,20292,0
4,sparse,scalar_indirect,1024,9,20333,0
4,sparse,scalar_indirect,1024,10,20292,0
4,sparse,scalar_indirect,1024,11,20375,0
4,sparse,scalar_indirect,1024,12,20291,0
4,sparse,scalar_indirect,1024,13,20250,0
4,sparse,scalar_indirect,1024,14,20375,0
4,sparse,scalar_indirect,1024,15,20333,0
4,sparse,scalar_indirect,1024,16,20334,0
4,sparse,scalar_indirect,1024,17,20250,0
4,sparse,scalar_indirect,1024,18,20375,0
4,sparse,scalar_indirect,1024,19,20333,0
4,sparse,scalar_indirect,1024,20,20250,0
4,sparse,scalar_indirect,1024,21,20292,0
4,sparse,scalar_indirect,1024,22,20333,0
4,sparse,scalar_indirect,1024,23,20250,0
4,sparse,scalar_indirect,1024,24,20292,0
4,sparse,scalar_indirect,1024,25,20333,0
4,sparse,scalar_indirect,1024,26,20291,0
4,sparse,scalar_indirect,1024,27,20292,0
4,sparse,scalar_indirect,1024,28,20250,0
4,sparse,scalar_indirect,1024,29,20375,0
4,sparse,scalar_indirect,1024,30,20292,0
4,sparse,scalar_indirect,1024,31,20292,0
4,sparse,scalar_indirect,1024,32,20375,0
4,sparse,scalar_indirect,1024,33,20291,0
4,sparse,scalar_indirect,1024,34,20292,0
4,sparse,scalar_indirect,1024,35,20333,0
4,sparse,scalar_indirect,1024,36,20292,0
4,sparse,scalar_indirect,1024,37,20291,0
4,sparse,scalar_indirect,1024,38,20250,0
4,sparse,scalar_indirect,1024,39,20292,0
4,sparse,scalar_indirect,1024,40,20375,0
4,sparse,scalar_indirect,1024,41,20292,0
4,sparse,scalar_indirect,1024,42,20250,0
4,sparse,scalar_indirect,1024,43,20334,0
4,sparse,scalar_indirect,1024,44,20291,0
4,sparse,scalar_indirect,1024,45,20292,0
4,sparse,scalar_indirect,1024,46,20250,0
4,sparse,scalar_indirect,1024,47,20333,0
4,sparse,scalar_indirect,1024,48,20291,0
4,sparse,scalar_indirect,1024,49,20292,0
4,sparse,scalar_indirect,1024,50,20375,0
4,sparse,scalar_indirect,1024,51,20416,0
4,sparse,scalar_indirect,1024,52,20250,0
4,sparse,scalar_indirect,1024,53,20333,0
4,sparse,scalar_indirect,1024,54,20417,0
4,sparse,scalar_indirect,1024,55,20292,0
4,sparse,scalar_indirect,1024,56,20250,0
4,sparse,scalar_indirect,1024,57,20334,0
4,sparse,scalar_indirect,1024,58,20333,0
4,sparse,scalar_indirect,1024,59,20292,0
4,sparse,scalar_indirect,1024,60,20291,0
4,sparse,scalar_indirect,1024,61,20375,0
4,sparse,scalar_indirect,1024,62,20250,0
4,sparse,scalar_indirect,1024,63,20292,0
4,sparse,scalar_indirect,1024,64,20333,0
4,sparse,scalar_indirect,1024,65,20292,0
4,sparse,scalar_indirect,1024,66,20292,0
4,sparse,scalar_indirect,1024,67,20250,0
4,sparse,scalar_indirect,1024,68,20333,0
4,sparse,scalar_indirect,1024,69,20375,0
4,sparse,scalar_indirect,1024,70,20250,0
4,sparse,scalar_indirect,1024,71,20375,0
4,sparse,scalar_indirect,1024,72,20292,0
4,sparse,scalar_indirect,1024,73,20292,0
4,sparse,scalar_indirect,1024,74,20292,0
4,sparse,scalar_indirect,1024,75,20292,0
4,sparse,scalar_indirect,1024,76,20292,0
4,sparse,scalar_indirect,1024,77,20209,0
4,sparse,scalar_indirect,1024,78,20292,0
4,sparse,scalar_indirect,1024,79,20333,0
4,sparse,scalar_indirect,1024,80,20250,0
4,sparse,scalar_indirect,1024,81,20250,0
4,sparse,scalar_indirect,1024,82,20334,0
4,sparse,scalar_indirect,1024,83,20291,0
4,sparse,scalar_indirect,1024,84,20250,0
4,sparse,scalar_indirect,1024,85,20250,0
4,sparse,scalar_indirect,1024,86,20333,0
4,sparse,scalar_indirect,1024,87,20292,0
4,sparse,scalar_indirect,1024,88,20250,0
4,sparse,scalar_indirect,1024,89,20500,0
4,sparse,scalar_indirect,1024,90,20292,0
4,sparse,scalar_indirect,1024,91,20333,0
4,sparse,scalar_indirect,1024,92,20334,0
4,sparse,scalar_indirect,1024,93,20292,0
4,sparse,scalar_indirect,1024,94,20291,0
4,sparse,scalar_indirect,1024,95,20375,0
4,sparse,scalar_indirect,1024,96,20417,0
4,sparse,scalar_indirect,1024,97,20417,0
4,sparse,scalar_indirect,1024,98,20334,0
4,sparse,scalar_indirect,1024,99,20291,0
4,sparse,scalar_indirect,1024,100,20333,0
4,sparse,scalar_indirect,1024,101,20250,0
4,sparse,scalar_indirect,1024,102,20334,0
4,sparse,scalar_indirect,1024,103,20416,0
4,sparse,scalar_indirect,1024,104,20334,0
4,sparse,scalar_indirect,1024,105,20291,0
4,sparse,scalar_indirect,1024,106,20250,0
4,sparse,scalar_indirect,1024,107,20333,0
4,sparse,scalar_indirect,1024,108,20417,0
4,sparse,scalar_indirect,1024,109,20334,0
4,sparse,scalar_indirect,1024,110,20334,0
4,sparse,scalar_indirect,1024,111,20292,0
4,sparse,scalar_indirect,1024,112,20291,0
4,sparse,scalar_indirect,1024,113,20292,0
4,sparse,scalar_indirect,1024,114,20291,0
4,sparse,scalar_indirect,1024,115,20333,0
4,sparse,scalar_indirect,1024,116,20250,0
4,sparse,scalar_indirect,1024,117,20292,0
4,sparse,scalar_indirect,1024,118,20333,0
4,sparse,scalar_indirect,1024,119,20250,0
4,sparse,scalar_indirect,1024,120,20291,0
4,sparse,scalar_indirect,1024,121,20334,0
4,sparse,scalar_indirect,1024,122,20250,0
4,sparse,scalar_indirect,1024,123,20292,0
4,sparse,scalar_indirect,1024,124,20333,0
4,sparse,scalar_indirect,1024,125,20334,0
4,sparse,scalar_indirect,1024,126,20291,0
4,sparse,scalar_indirect,1024,127,20208,0
4,sparse,scalar_indirect,1024,128,20375,0
4,sparse,scalar_indirect,1024,129,20292,0
4,sparse,scalar_indirect,1024,130,20250,0
4,sparse,scalar_indirect,1024,131,20375,0
4,sparse,scalar_indirect,1024,132,20291,0
4,sparse,scalar_indirect,1024,133,20292,0
4,sparse,scalar_indirect,1024,134,20291,0
4,sparse,scalar_indirect,1024,135,20292,0
4,sparse,scalar_indirect,1024,136,20417,0
4,sparse,scalar_indirect,1024,137,20333,0
4,sparse,scalar_indirect,1024,138,20375,0
4,sparse,scalar_indirect,1024,139,20375,0
4,sparse,scalar_indirect,1024,140,20250,0
4,sparse,scalar_indirect,1024,141,20334,0
4,sparse,scalar_indirect,1024,142,20292,0
4,sparse,scalar_indirect,1024,143,20333,0
4,sparse,scalar_indirect,1024,144,20375,0
4,sparse,scalar_indirect,1024,145,20333,0
4,sparse,scalar_indirect,1024,146,20334,0
4,sparse,scalar_indirect,1024,147,20292,0
4,sparse,scalar_indirect,1024,148,20333,0
4,sparse,scalar_indirect,1024,149,20459,0
4,sparse,scalar_indirect,1024,150,20291,0
4,sparse,scalar_indirect,1024,151,20250,0
4,sparse,scalar_indirect,1024,152,20292,0
4,sparse,scalar_indirect,1024,153,20333,0
4,sparse,scalar_indirect,1024,154,20375,0
4,sparse,scalar_indirect,1024,155,20292,0
4,sparse,scalar_indirect,1024,156,20291,0
4,sparse,scalar_indirect,1024,157,20333,0
4,sparse,scalar_indirect,1024,158,20250,0
4,sparse,scalar_indirect,1024,159,20334,0
4,sparse,scalar_indirect,1024,160,20333,0
4,sparse,scalar_indirect,1024,161,20250,0
4,sparse,scalar_indirect,1024,162,20291,0
4,sparse,scalar_indirect,1024,163,20292,0
4,sparse,scalar_indirect,1024,164,20333,0
4,sparse,scalar_indirect,1024,165,20292,0
4,sparse,scalar_indirect,1024,166,20375,0
4,sparse,scalar_indirect,1024,167,20458,0
4,sparse,scalar_indirect,1024,168,20333,0
4,sparse,scalar_indirect,1024,169,22459,0
4,sparse,scalar_indirect,1024,170,22750,0
4,sparse,scalar_indirect,1024,171,20542,0
4,sparse,scalar_indirect,1024,172,20583,0
4,sparse,scalar_indirect,1024,173,20500,0
4,sparse,scalar_indirect,1024,174,20417,0
4,sparse,scalar_indirect,1024,175,20375,0
4,sparse,scalar_indirect,1024,176,20334,0
4,sparse,scalar_indirect,1024,177,20375,0
4,sparse,scalar_indirect,1024,178,20334,0
4,sparse,scalar_indirect,1024,179,20250,0
4,sparse,scalar_indirect,1024,180,20292,0
4,sparse,scalar_indirect,1024,181,20375,0
4,sparse,scalar_indirect,1024,182,20333,0
4,sparse,scalar_indirect,1024,183,20250,0
4,sparse,scalar_indirect,1024,184,20250,0
4,sparse,scalar_indirect,1024,185,20334,0
4,sparse,scalar_indirect,1024,186,20250,0
4,sparse,scalar_indirect,1024,187,20292,0
4,sparse,scalar_indirect,1024,188,20417,0
4,sparse,scalar_indirect,1024,189,20291,0
4,sparse,scalar_indirect,1024,190,20292,0
4,sparse,scalar_indirect,1024,191,20291,0
4,sparse,scalar_indirect,1024,192,20375,0
4,sparse,scalar_indirect,1024,193,20375,0
4,sparse,scalar_indirect,1024,194,20417,0
4,sparse,scalar_indirect,1024,195,20375,0
4,sparse,scalar_indirect,1024,196,20333,0
4,sparse,scalar_indirect,1024,197,20375,0
4,sparse,scalar_indirect,1024,198,20417,0
4,sparse,scalar_indirect,1024,199,20417,0
4,sparse,scalar_indirect,1024,200,20250,0
4,sparse,scalar_indirect,1024,201,20292,0
4,sparse,scalar_indirect,1024,202,20291,0
4,sparse,scalar_indirect,1024,203,20334,0
4,sparse,scalar_indirect,1024,204,20250,0
4,sparse,scalar_indirect,1024,205,20292,0
4,sparse,scalar_indirect,1024,206,20375,0
4,sparse,scalar_indirect,1024,207,20334,0
4,sparse,scalar_indirect,1024,208,20375,0
4,sparse,scalar_indirect,1024,209,20375,0
4,sparse,scalar_indirect,1024,210,20459,0
4,sparse,scalar_indirect,1024,211,20333,0
4,sparse,scalar_indirect,1024,212,20333,0
4,sparse,scalar_indirect,1024,213,20333,0
4,sparse,scalar_indirect,1024,214,20292,0
4,sparse,scalar_indirect,1024,215,20208,0
4,sparse,scalar_indirect,1024,216,20333,0
4,sparse,scalar_indirect,1024,217,20292,0
4,sparse,scalar_indirect,1024,218,20250,0
4,sparse,scalar_indirect,1024,219,20250,0
4,sparse,scalar_indirect,1024,220,20292,0
4,sparse,scalar_indirect,1024,221,20333,0
4,sparse,scalar_indirect,1024,222,20250,0
4,sparse,scalar_indirect,1024,223,20292,0
4,sparse,scalar_indirect,1024,224,20375,0
4,sparse,scalar_indirect,1024,225,20250,0
4,sparse,scalar_indirect,1024,226,20291,0
4,sparse,scalar_indirect,1024,227,20417,0
4,sparse,scalar_indirect,1024,228,20292,0
4,sparse,scalar_indirect,1024,229,20292,0
4,sparse,scalar_indirect,1024,230,20333,0
4,sparse,scalar_indirect,1024,231,20417,0
4,sparse,scalar_indirect,1024,232,20291,0
4,sparse,scalar_indirect,1024,233,20375,0
4,sparse,scalar_indirect,1024,234,20375,0
4,sparse,scalar_indirect,1024,235,20375,0
4,sparse,scalar_indirect,1024,236,20333,0
4,sparse,scalar_indirect,1024,237,20375,0
4,sparse,scalar_indirect,1024,238,20291,0
4,sparse,scalar_indirect,1024,239,20500,0
4,sparse,scalar_indirect,1024,240,20375,0
4,sparse,scalar_indirect,1024,241,20375,0
4,sparse,scalar_indirect,1024,242,20375,0
4,sparse,scalar_indirect,1024,243,20333,0
4,sparse,scalar_indirect,1024,244,20375,0
4,sparse,scalar_indirect,1024,245,20333,0
4,sparse,scalar_indirect,1024,246,20250,0
4,sparse,scalar_indirect,1024,247,20333,0
4,sparse,scalar_indirect,1024,248,20250,0
4,sparse,scalar_indirect,1024,249,20291,0
4,sparse,scalar_indirect,1024,250,20334,0
4,sparse,scalar_indirect,1024,251,20291,0
4,sparse,scalar_indirect,1024,252,20333,0
4,sparse,scalar_indirect,1024,253,20292,0
4,sparse,scalar_indirect,1024,254,20292,0
4,sparse,scalar_indirect,1024,255,20333,0
4,sparse,scalar_indirect,1024,256,20375,0
4,sparse,scalar_indirect,1024,257,20250,0
4,sparse,scalar_indirect,1024,258,20375,0
4,sparse,scalar_indirect,1024,259,20333,0
4,sparse,scalar_indirect,1024,260,20375,0
4,sparse,scalar_indirect,1024,261,20375,0
4,sparse,scalar_indirect,1024,262,20416,0
4,sparse,scalar_indirect,1024,263,20334,0
4,sparse,scalar_indirect,1024,264,20333,0
4,sparse,scalar_indirect,1024,265,20333,0
4,sparse,scalar_indirect,1024,266,20458,0
4,sparse,scalar_indirect,1024,267,20417,0
4,sparse,scalar_indirect,1024,268,20291,0
4,sparse,scalar_indirect,1024,269,20417,0
4,sparse,scalar_indirect,1024,270,20375,0
4,sparse,scalar_indirect,1024,271,20292,0
4,sparse,scalar_indirect,1024,272,20250,0
4,sparse,scalar_indirect,1024,273,20334,0
4,sparse,scalar_indirect,1024,274,20292,0
4,sparse,scalar_indirect,1024,275,20250,0
4,sparse,scalar_indirect,1024,276,20291,0
4,sparse,scalar_indirect,1024,277,20292,0
4,sparse,scalar_indirect,1024,278,20291,0
4,sparse,scalar_indirect,1024,279,20292,0
4,sparse,scalar_indirect,1024,280,20291,0
4,sparse,scalar_indirect,1024,281,20334,0
4,sparse,scalar_indirect,1024,282,20250,0
4,sparse,scalar_indirect,1024,283,20334,0
4,sparse,scalar_indirect,1024,284,20333,0
4,sparse,scalar_indirect,1024,285,20250,0
4,sparse,scalar_indirect,1024,286,20458,0
4,sparse,scalar_indirect,1024,287,20292,0
4,sparse,scalar_indirect,1024,288,20375,0
4,sparse,scalar_indirect,1024,289,20375,0
4,sparse,scalar_indirect,1024,290,20417,0
4,sparse,scalar_indirect,1024,291,20417,0
4,sparse,scalar_indirect,1024,292,20375,0
4,sparse,scalar_indirect,1024,293,20250,0
4,sparse,scalar_indirect,1024,294,20458,0
4,sparse,scalar_indirect,1024,295,20375,0
4,sparse,scalar_indirect,1024,296,20333,0
4,sparse,scalar_indirect,1024,297,20375,0
4,sparse,scalar_indirect,1024,298,20375,0
4,sparse,scalar_indirect,1024,299,20416,0
4,sparse,scalar_packed,1024,0,12459,0
4,sparse,scalar_packed,1024,1,12333,0
4,sparse,scalar_packed,1024,2,12333,0
4,sparse,scalar_packed,1024,3,12333,0
4,sparse,scalar_packed,1024,4,12375,0
4,sparse,scalar_packed,1024,5,12375,0
4,sparse,scalar_packed,1024,6,12333,0
4,sparse,scalar_packed,1024,7,12458,0
4,sparse,scalar_packed,1024,8,12375,0
4,sparse,scalar_packed,1024,9,12375,0
4,sparse,scalar_packed,1024,10,12333,0
4,sparse,scalar_packed,1024,11,12292,0
4,sparse,scalar_packed,1024,12,12333,0
4,sparse,scalar_packed,1024,13,12334,0
4,sparse,scalar_packed,1024,14,12334,0
4,sparse,scalar_packed,1024,15,12333,0
4,sparse,scalar_packed,1024,16,12458,0
4,sparse,scalar_packed,1024,17,12375,0
4,sparse,scalar_packed,1024,18,12417,0
4,sparse,scalar_packed,1024,19,12333,0
4,sparse,scalar_packed,1024,20,12417,0
4,sparse,scalar_packed,1024,21,12333,0
4,sparse,scalar_packed,1024,22,12417,0
4,sparse,scalar_packed,1024,23,12375,0
4,sparse,scalar_packed,1024,24,12291,0
4,sparse,scalar_packed,1024,25,12333,0
4,sparse,scalar_packed,1024,26,12375,0
4,sparse,scalar_packed,1024,27,12334,0
4,sparse,scalar_packed,1024,28,12333,0
4,sparse,scalar_packed,1024,29,12375,0
4,sparse,scalar_packed,1024,30,12417,0
4,sparse,scalar_packed,1024,31,12375,0
4,sparse,scalar_packed,1024,32,12375,0
4,sparse,scalar_packed,1024,33,12417,0
4,sparse,scalar_packed,1024,34,12375,0
4,sparse,scalar_packed,1024,35,12458,0
4,sparse,scalar_packed,1024,36,12334,0
4,sparse,scalar_packed,1024,37,12375,0
4,sparse,scalar_packed,1024,38,12375,0
4,sparse,scalar_packed,1024,39,12333,0
4,sparse,scalar_packed,1024,40,12291,0
4,sparse,scalar_packed,1024,41,12375,0
4,sparse,scalar_packed,1024,42,12334,0
4,sparse,scalar_packed,1024,43,12416,0
4,sparse,scalar_packed,1024,44,12334,0
4,sparse,scalar_packed,1024,45,12375,0
4,sparse,scalar_packed,1024,46,12292,0
4,sparse,scalar_packed,1024,47,12292,0
4,sparse,scalar_packed,1024,48,12333,0
4,sparse,scalar_packed,1024,49,12333,0
4,sparse,scalar_packed,1024,50,12333,0
4,sparse,scalar_packed,1024,51,12334,0
4,sparse,scalar_packed,1024,52,12333,0
4,sparse,scalar_packed,1024,53,12333,0
4,sparse,scalar_packed,1024,54,12334,0
4,sparse,scalar_packed,1024,55,12416,0
4,sparse,scalar_packed,1024,56,12292,0
4,sparse,scalar_packed,1024,57,12334,0
4,sparse,scalar_packed,1024,58,12416,0
4,sparse,scalar_packed,1024,59,12375,0
4,sparse,scalar_packed,1024,60,12500,0
4,sparse,scalar_packed,1024,61,12417,0
4,sparse,scalar_packed,1024,62,12458,0
4,sparse,scalar_packed,1024,63,12333,0
4,sparse,scalar_packed,1024,64,12333,0
4,sparse,scalar_packed,1024,65,12417,0
4,sparse,scalar_packed,1024,66,12375,0
4,sparse,scalar_packed,1024,67,12416,0
4,sparse,scalar_packed,1024,68,12417,0
4,sparse,scalar_packed,1024,69,12333,0
4,sparse,scalar_packed,1024,70,12292,0
4,sparse,scalar_packed,1024,71,12416,0
4,sparse,scalar_packed,1024,72,12375,0
4,sparse,scalar_packed,1024,73,12417,0
4,sparse,scalar_packed,1024,74,12291,0
4,sparse,scalar_packed,1024,75,12375,0
4,sparse,scalar_packed,1024,76,12375,0
4,sparse,scalar_packed,1024,77,12416,0
4,sparse,scalar_packed,1024,78,12334,0
4,sparse,scalar_packed,1024,79,12333,0
4,sparse,scalar_packed,1024,80,14166,0
4,sparse,scalar_packed,1024,81,12417,0
4,sparse,scalar_packed,1024,82,12375,0
4,sparse,scalar_packed,1024,83,12333,0
4,sparse,scalar_packed,1024,84,12334,0
4,sparse,scalar_packed,1024,85,12334,0
4,sparse,scalar_packed,1024,86,12416,0
4,sparse,scalar_packed,1024,87,12334,0
4,sparse,scalar_packed,1024,88,12375,0
4,sparse,scalar_packed,1024,89,12333,0
4,sparse,scalar_packed,1024,90,12375,0
4,sparse,scalar_packed,1024,91,12375,0
4,sparse,scalar_packed,1024,92,12334,0
4,sparse,scalar_packed,1024,93,12333,0
4,sparse,scalar_packed,1024,94,12375,0
4,sparse,scalar_packed,1024,95,12333,0
4,sparse,scalar_packed,1024,96,12416,0
4,sparse,scalar_packed,1024,97,12500,0
4,sparse,scalar_packed,1024,98,12417,0
4,sparse,scalar_packed,1024,99,12416,0
4,sparse,scalar_packed,1024,100,12334,0
4,sparse,scalar_packed,1024,101,12416,0
4,sparse,scalar_packed,1024,102,12334,0
4,sparse,scalar_packed,1024,103,12416,0
4,sparse,scalar_packed,1024,104,12292,0
4,sparse,scalar_packed,1024,105,12375,0
4,sparse,scalar_packed,1024,106,12333,0
4,sparse,scalar_packed,1024,107,12375,0
4,sparse,scalar_packed,1024,108,12333,0
4,sparse,scalar_packed,1024,109,12375,0
4,sparse,scalar_packed,1024,110,12292,0
4,sparse,scalar_packed,1024,111,12333,0
4,sparse,scalar_packed,1024,112,12333,0
4,sparse,scalar_packed,1024,113,12333,0
4,sparse,scalar_packed,1024,114,12333,0
4,sparse,scalar_packed,1024,115,12334,0
4,sparse,scalar_packed,1024,116,12500,0
4,sparse,scalar_packed,1024,117,12416,0
4,sparse,scalar_packed,1024,118,12375,0
4,sparse,scalar_packed,1024,119,12333,0
4,sparse,scalar_packed,1024,120,12375,0
4,sparse,scalar_packed,1024,121,12375,0
4,sparse,scalar_packed,1024,122,12417,0
4,sparse,scalar_packed,1024,123,12375,0
4,sparse,scalar_packed,1024,124,12333,0
4,sparse,scalar_packed,1024,125,12333,0
4,sparse,scalar_packed,1024,126,12333,0
4,sparse,scalar_packed,1024,127,12375,0
4,sparse,scalar_packed,1024,128,12333,0
4,sparse,scalar_packed,1024,129,12333,0
4,sparse,scalar_packed,1024,130,12334,0
4,sparse,scalar_packed,1024,131,12334,0
4,sparse,scalar_packed,1024,132,12333,0
4,sparse,scalar_packed,1024,133,12333,0
4,sparse,scalar_packed,1024,134,12375,0
4,sparse,scalar_packed,1024,135,12333,0
4,sparse,scalar_packed,1024,136,12292,0
4,sparse,scalar_packed,1024,137,12458,0
4,sparse,scalar_packed,1024,138,12375,0
4,sparse,scalar_packed,1024,139,12292,0
4,sparse,scalar_packed,1024,140,12333,0
4,sparse,scalar_packed,1024,141,12417,0
4,sparse,scalar_packed,1024,142,12333,0
4,sparse,scalar_packed,1024,143,12333,0
4,sparse,scalar_packed,1024,144,12458,0
4,sparse,scalar_packed,1024,145,12333,0
4,sparse,scalar_packed,1024,146,12334,0
4,sparse,scalar_packed,1024,147,12375,0
4,sparse,scalar_packed,1024,148,12333,0
4,sparse,scalar_packed,1024,149,12333,0
4,sparse,scalar_packed,1024,150,12417,0
4,sparse,scalar_packed,1024,151,12333,0
4,sparse,scalar_packed,1024,152,12333,0
4,sparse,scalar_packed,1024,153,12459,0
4,sparse,scalar_packed,1024,154,12375,0
4,sparse,scalar_packed,1024,155,12416,0
4,sparse,scalar_packed,1024,156,12334,0
4,sparse,scalar_packed,1024,157,12375,0
4,sparse,scalar_packed,1024,158,12333,0
4,sparse,scalar_packed,1024,159,12333,0
4,sparse,scalar_packed,1024,160,12333,0
4,sparse,scalar_packed,1024,161,12334,0
4,sparse,scalar_packed,1024,162,12375,0
4,sparse,scalar_packed,1024,163,12416,0
4,sparse,scalar_packed,1024,164,12417,0
4,sparse,scalar_packed,1024,165,12417,0
4,sparse,scalar_packed,1024,166,12375,0
4,sparse,scalar_packed,1024,167,12416,0
4,sparse,scalar_packed,1024,168,12334,0
4,sparse,scalar_packed,1024,169,12333,0
4,sparse,scalar_packed,1024,170,12416,0
4,sparse,scalar_packed,1024,171,12334,0
4,sparse,scalar_packed,1024,172,12375,0
4,sparse,scalar_packed,1024,173,12375,0
4,sparse,scalar_packed,1024,174,12333,0
4,sparse,scalar_packed,1024,175,12291,0
4,sparse,scalar_packed,1024,176,12333,0
4,sparse,scalar_packed,1024,177,12334,0
4,sparse,scalar_packed,1024,178,12334,0
4,sparse,scalar_packed,1024,179,12333,0
4,sparse,scalar_packed,1024,180,12333,0
4,sparse,scalar_packed,1024,181,12459,0
4,sparse,scalar_packed,1024,182,12375,0
4,sparse,scalar_packed,1024,183,12375,0
4,sparse,scalar_packed,1024,184,12333,0
4,sparse,scalar_packed,1024,185,12333,0
4,sparse,scalar_packed,1024,186,12333,0
4,sparse,scalar_packed,1024,187,12334,0
4,sparse,scalar_packed,1024,188,12375,0
4,sparse,scalar_packed,1024,189,12334,0
4,sparse,scalar_packed,1024,190,12291,0
4,sparse,scalar_packed,1024,191,12458,0
4,sparse,scalar_packed,1024,192,12375,0
4,sparse,scalar_packed,1024,193,12375,0
4,sparse,scalar_packed,1024,194,12334,0
4,sparse,scalar_packed,1024,195,12416,0
4,sparse,scalar_packed,1024,196,12334,0
4,sparse,scalar_packed,1024,197,12416,0
4,sparse,scalar_packed,1024,198,12417,0
4,sparse,scalar_packed,1024,199,12416,0
4,sparse,scalar_packed,1024,200,12375,0
4,sparse,scalar_packed,1024,201,12459,0
4,sparse,scalar_packed,1024,202,12458,0
4,sparse,scalar_packed,1024,203,12333,0
4,sparse,scalar_packed,1024,204,12375,0
4,sparse,scalar_packed,1024,205,12333,0
4,sparse,scalar_packed,1024,206,12334,0
4,sparse,scalar_packed,1024,207,12375,0
4,sparse,scalar_packed,1024,208,12333,0
4,sparse,scalar_packed,1024,209,12333,0
4,sparse,scalar_packed,1024,210,12417,0
4,sparse,scalar_packed,1024,211,12416,0
4,sparse,scalar_packed,1024,212,12334,0
4,sparse,scalar_packed,1024,213,12375,0
4,sparse,scalar_packed,1024,214,12458,0
4,sparse,scalar_packed,1024,215,12417,0
4,sparse,scalar_packed,1024,216,12334,0
4,sparse,scalar_packed,1024,217,12500,0
4,sparse,scalar_packed,1024,218,12375,0
4,sparse,scalar_packed,1024,219,12416,0
4,sparse,scalar_packed,1024,220,12375,0
4,sparse,scalar_packed,1024,221,12375,0
4,sparse,scalar_packed,1024,222,12333,0
4,sparse,scalar_packed,1024,223,12333,0
4,sparse,scalar_packed,1024,224,12334,0
4,sparse,scalar_packed,1024,225,12334,0
4,sparse,scalar_packed,1024,226,12375,0
4,sparse,scalar_packed,1024,227,12416,0
4,sparse,scalar_packed,1024,228,12417,0
4,sparse,scalar_packed,1024,229,12333,0
4,sparse,scalar_packed,1024,230,12291,0
4,sparse,scalar_packed,1024,231,12333,0
4,sparse,scalar_packed,1024,232,12459,0
4,sparse,scalar_packed,1024,233,12416,0
4,sparse,scalar_packed,1024,234,12334,0
4,sparse,scalar_packed,1024,235,12333,0
4,sparse,scalar_packed,1024,236,12333,0
4,sparse,scalar_packed,1024,237,12334,0
4,sparse,scalar_packed,1024,238,12292,0
4,sparse,scalar_packed,1024,239,12333,0
4,sparse,scalar_packed,1024,240,12333,0
4,sparse,scalar_packed,1024,241,12375,0
4,sparse,scalar_packed,1024,242,12334,0
4,sparse,scalar_packed,1024,243,12375,0
4,sparse,scalar_packed,1024,244,12375,0
4,sparse,scalar_packed,1024,245,12334,0
4,sparse,scalar_packed,1024,246,12333,0
4,sparse,scalar_packed,1024,247,12375,0
4,sparse,scalar_packed,1024,248,12333,0
4,sparse,scalar_packed,1024,249,12417,0
4,sparse,scalar_packed,1024,250,12291,0
4,sparse,scalar_packed,1024,251,12333,0
4,sparse,scalar_packed,1024,252,12417,0
4,sparse,scalar_packed,1024,253,12333,0
4,sparse,scalar_packed,1024,254,12375,0
4,sparse,scalar_packed,1024,255,12375,0
4,sparse,scalar_packed,1024,256,12333,0
4,sparse,scalar_packed,1024,257,12417,0
4,sparse,scalar_packed,1024,258,12458,0
4,sparse,scalar_packed,1024,259,12333,0
4,sparse,scalar_packed,1024,260,12375,0
4,sparse,scalar_packed,1024,261,12417,0
4,sparse,scalar_packed,1024,262,12334,0
4,sparse,scalar_packed,1024,263,12416,0
4,sparse,scalar_packed,1024,264,12292,0
4,sparse,scalar_packed,1024,265,12292,0
4,sparse,scalar_packed,1024,266,12333,0
4,sparse,scalar_packed,1024,267,12334,0
4,sparse,scalar_packed,1024,268,12375,0
4,sparse,scalar_packed,1024,269,12334,0
4,sparse,scalar_packed,1024,270,12333,0
4,sparse,scalar_packed,1024,271,12417,0
4,sparse,scalar_packed,1024,272,12375,0
4,sparse,scalar_packed,1024,273,12333,0
4,sparse,scalar_packed,1024,274,12333,0
4,sparse,scalar_packed,1024,275,12417,0
4,sparse,scalar_packed,1024,276,12375,0
4,sparse,scalar_packed,1024,277,12333,0
4,sparse,scalar_packed,1024,278,12333,0
4,sparse,scalar_packed,1024,279,12292,0
4,sparse,scalar_packed,1024,280,12292,0
4,sparse,scalar_packed,1024,281,12375,0
4,sparse,scalar_packed,1024,282,12292,0
4,sparse,scalar_packed,1024,283,12375,0
4,sparse,scalar_packed,1024,284,12333,0
4,sparse,scalar_packed,1024,285,12417,0
4,sparse,scalar_packed,1024,286,12333,0
4,sparse,scalar_packed,1024,287,12333,0
4,sparse,scalar_packed,1024,288,12417,0
4,sparse,scalar_packed,1024,289,12375,0
4,sparse,scalar_packed,1024,290,12334,0
4,sparse,scalar_packed,1024,291,12334,0
4,sparse,scalar_packed,1024,292,12333,0
4,sparse,scalar_packed,1024,293,12458,0
4,sparse,scalar_packed,1024,294,12334,0
4,sparse,scalar_packed,1024,295,12333,0
4,sparse,scalar_packed,1024,296,12416,0
4,sparse,scalar_packed,1024,297,12333,0
4,sparse,scalar_packed,1024,298,12417,0
4,sparse,scalar_packed,1024,299,12375,0
4,sparse,simd,1024,0,11166,0
4,sparse,simd,1024,1,11125,0
4,sparse,simd,1024,2,11167,0
4,sparse,simd,1024,3,11166,0
4,sparse,simd,1024,4,11125,0
4,sparse,simd,1024,5,11041,0
4,sparse,simd,1024,6,11125,0
4,sparse,simd,1024,7,11084,0
4,sparse,simd,1024,8,11083,0
4,sparse,simd,1024,9,11083,0
4,sparse,simd,1024,10,11084,0
4,sparse,simd,1024,11,11041,0
4,sparse,simd,1024,12,11084,0
4,sparse,simd,1024,13,11125,0
4,sparse,simd,1024,14,11167,0
4,sparse,simd,1024,15,11083,0
4,sparse,simd,1024,16,11083,0
4,sparse,simd,1024,17,11083,0
4,sparse,simd,1024,18,11167,0
4,sparse,simd,1024,19,11083,0
4,sparse,simd,1024,20,11167,0
4,sparse,simd,1024,21,11083,0
4,sparse,simd,1024,22,11083,0
4,sparse,simd,1024,23,11084,0
4,sparse,simd,1024,24,11084,0
4,sparse,simd,1024,25,11083,0
4,sparse,simd,1024,26,11083,0
4,sparse,simd,1024,27,11125,0
4,sparse,simd,1024,28,11042,0
4,sparse,simd,1024,29,11042,0
4,sparse,simd,1024,30,11041,0
4,sparse,simd,1024,31,11042,0
4,sparse,simd,1024,32,11042,0
4,sparse,simd,1024,33,11083,0
4,sparse,simd,1024,34,11084,0
4,sparse,simd,1024,35,11042,0
4,sparse,simd,1024,36,11041,0
4,sparse,simd,1024,37,11083,0
4,sparse,simd,1024,38,11084,0
4,sparse,simd,1024,39,11042,0
4,sparse,simd,1024,40,11083,0
4,sparse,simd,1024,41,11083,0
4,sparse,simd,1024,42,11084,0
4,sparse,simd,1024,43,11042,0
4,sparse,simd,1024,44,11042,0
4,sparse,simd,1024,45,11125,0
4,sparse,simd,1024,46,11166,0
4,sparse,simd,1024,47,11125,0
4,sparse,simd,1024,48,11167,0
4,sparse,simd,1024,49,11083,0
4,sparse,simd,1024,50,11083,0
4,sparse,simd,1024,51,11125,0
4,sparse,simd,1024,52,11083,0
4,sparse,simd,1024,53,11084,0
4,sparse,simd,1024,54,11083,0
4,sparse,simd,1024,55,11083,0
4,sparse,simd,1024,56,11042,0
4,sparse,simd,1024,57,11042,0
4,sparse,simd,1024,58,11042,0
4,sparse,simd,1024,59,11042,0
4,sparse,simd,1024,60,11083,0
4,sparse,simd,1024,61,11042,0
4,sparse,simd,1024,62,11042,0
4,sparse,simd,1024,63,11041,0
4,sparse,simd,1024,64,11084,0
4,sparse,simd,1024,65,11083,0
4,sparse,simd,1024,66,11125,0
4,sparse,simd,1024,67,11083,0
4,sparse,simd,1024,68,11084,0
4,sparse,simd,1024,69,11041,0
4,sparse,simd,1024,70,11042,0
4,sparse,simd,1024,71,11083,0
4,sparse,simd,1024,72,11083,0
4,sparse,simd,1024,73,11084,0
4,sparse,simd,1024,74,11083,0
4,sparse,simd,1024,75,11167,0
4,sparse,simd,1024,76,11083,0
4,sparse,simd,1024,77,11042,0
4,sparse,simd,1024,78,11125,0
4,sparse,simd,1024,79,11083,0
4,sparse,simd,1024,80,11125,0
4,sparse,simd,1024,81,11083,0
4,sparse,simd,1024,82,11000,0
4,sparse,simd,1024,83,11042,0
4,sparse,simd,1024,84,11042,0
4,sparse,simd,1024,85,11125,0
4,sparse,simd,1024,86,11083,0
4,sparse,simd,1024,87,11042,0
4,sparse,simd,1024,88,11041,0
4,sparse,simd,1024,89,11042,0
4,sparse,simd,1024,90,11083,0
4,sparse,simd,1024,91,11042,0
4,sparse,simd,1024,92,11084,0
4,sparse,simd,1024,93,11041,0
4,sparse,simd,1024,94,11083,0
4,sparse,simd,1024,95,11042,0
4,sparse,simd,1024,96,11000,0
4,sparse,simd,1024,97,11042,0
4,sparse,simd,1024,98,11083,0
4,sparse,simd,1024,99,11125,0
4,sparse,simd,1024,100,11042,0
4,sparse,simd,1024,101,11083,0
4,sparse,simd,1024,102,11000,0
4,sparse,simd,1024,103,11041,0
4,sparse,simd,1024,104,11125,0
4,sparse,simd,1024,105,11042,0
4,sparse,simd,1024,106,11125,0
4,sparse,simd,1024,107,11084,0
4,sparse,simd,1024,108,11083,0
4,sparse,simd,1024,109,11083,0
4,sparse,simd,1024,110,11042,0
4,sparse,simd,1024,111,11083,0
4,sparse,simd,1024,112,11083,0
4,sparse,simd,1024,113,11083,0
4,sparse,simd,1024,114,11042,0
4,sparse,simd,1024,115,11000,0
4,sparse,simd,1024,116,11042,0
4,sparse,simd,1024,117,11083,0
4,sparse,simd,1024,118,11084,0
4,sparse,simd,1024,119,11042,0
4,sparse,simd,1024,120,11166,0
4,sparse,simd,1024,121,11084,0
4,sparse,simd,1024,122,11125,0
4,sparse,simd,1024,123,11084,0
4,sparse,simd,1024,124,11083,0
4,sparse,simd,1024,125,11167,0
4,sparse,simd,1024,126,11041,0
4,sparse,simd,1024,127,11042,0
4,sparse,simd,1024,128,11042,0
4,sparse,simd,1024,129,11000,0
4,sparse,simd,1024,130,11041,0
4,sparse,simd,1024,131,11084,0
4,sparse,simd,1024,132,11125,0
4,sparse,simd,1024,133,11166,0
4,sparse,simd,1024,134,11167,0
4,sparse,simd,1024,135,11042,0
4,sparse,simd,1024,136,11041,0
4,sparse,simd,1024,137,11167,0
4,sparse,simd,1024,138,11041,0
4,sparse,simd,1024,139,11042,0
4,sparse,simd,1024,140,11125,0
4,sparse,simd,1024,141,11083,0
4,sparse,simd,1024,142,11042,0
4,sparse,simd,1024,143,11042,0
4,sparse,simd,1024,144,11041,0
4,sparse,simd,1024,145,11084,0
4,sparse,simd,1024,146,11083,0
4,sparse,simd,1024,147,11083,0
4,sparse,simd,1024,148,11042,0
4,sparse,simd,1024,149,11083,0
4,sparse,simd,1024,150,11083,0
4,sparse,simd,1024,151,11125,0
4,sparse,simd,1024,152,11167,0
4,sparse,simd,1024,153,11083,0
4,sparse,simd,1024,154,11000,0
4,sparse,simd,1024,155,11042,0
4,sparse,simd,1024,156,11083,0
4,sparse,simd,1024,157,11083,0
4,sparse,simd,1024,158,11083,0
4,sparse,simd,1024,159,11084,0
4,sparse,simd,1024,160,11083,0
4,sparse,simd,1024,161,11083,0
4,sparse,simd,1024,162,11084,0
4,sparse,simd,1024,163,11083,0
4,sparse,simd,1024,164,11083,0
4,sparse,simd,1024,165,11084,0
4,sparse,simd,1024,166,11083,0
4,sparse,simd,1024,167,11167,0
4,sparse,simd,1024,168,11041,0
4,sparse,simd,1024,169,11084,0
4,sparse,simd,1024,170,11166,0
4,sparse,simd,1024,171,11084,0
4,sparse,simd,1024,172,11083,0
4,sparse,simd,1024,173,11041,0
4,sparse,simd,1024,174,11084,0
4,sparse,simd,1024,175,11083,0
4,sparse,simd,1024,176,11125,0
4,sparse,simd,1024,177,11083,0
4,sparse,simd,1024,178,11083,0
4,sparse,simd,1024,179,11084,0
4,sparse,simd,1024,180,11083,0
4,sparse,simd,1024,181,11042,0
4,sparse,simd,1024,182,11084,0
4,sparse,simd,1024,183,11083,0
4,sparse,simd,1024,184,11167,0
4,sparse,simd,1024,185,11083,0
4,sparse,simd,1024,186,11083,0
4,sparse,simd,1024,187,11042,0
4,sparse,simd,1024,188,11125,0
4,sparse,simd,1024,189,11084,0
4,sparse,simd,1024,190,11125,0
4,sparse,simd,1024,191,11083,0
4,sparse,simd,1024,192,11083,0
4,sparse,simd,1024,193,11084,0
4,sparse,simd,1024,194,11083,0
4,sparse,simd,1024,195,11083,0
4,sparse,simd,1024,196,11042,0
4,sparse,simd,1024,197,11042,0
4,sparse,simd,1024,198,11167,0
4,sparse,simd,1024,199,11083,0
4,sparse,simd,1024,200,11083,0
4,sparse,simd,1024,201,11083,0
4,sparse,simd,1024,202,11042,0
4,sparse,simd,1024,203,11125,0
4,sparse,simd,1024,204,11041,0
4,sparse,simd,1024,205,11083,0
4,sparse,simd,1024,206,11042,0
4,sparse,simd,1024,207,11083,0
4,sparse,simd,1024,208,11084,0
4,sparse,simd,1024,209,11084,0
4,sparse,simd,1024,210,11042,0
4,sparse,simd,1024,211,11083,0
4,sparse,simd,1024,212,11167,0
4,sparse,simd,1024,213,11083,0
4,sparse,simd,1024,214,11083,0
4,sparse,simd,1024,215,11167,0
4,sparse,simd,1024,216,11041,0
4,sparse,simd,1024,217,11042,0
4,sparse,simd,1024,218,11084,0
4,sparse,simd,1024,219,11083,0
4,sparse,simd,1024,220,11042,0
4,sparse,simd,1024,221,11042,0
4,sparse,simd,1024,222,11041,0
4,sparse,simd,1024,223,11083,0
4,sparse,simd,1024,224,11083,0
4,sparse,simd,1024,225,11000,0
4,sparse,simd,1024,226,11125,0
4,sparse,simd,1024,227,11083,0
4,sparse,simd,1024,228,11125,0
4,sparse,simd,1024,229,11125,0
4,sparse,simd,1024,230,11042,0
4,sparse,simd,1024,231,11041,0
4,sparse,simd,1024,232,11083,0
4,sparse,simd,1024,233,11084,0
4,sparse,simd,1024,234,11083,0
4,sparse,simd,1024,235,11083,0
4,sparse,simd,1024,236,11084,0
4,sparse,simd,1024,237,11083,0
4,sparse,simd,1024,238,11083,0
4,sparse,simd,1024,239,11167,0
4,sparse,simd,1024,240,11167,0
4,sparse,simd,1024,241,11166,0
4,sparse,simd,1024,242,11209,0
4,sparse,simd,1024,243,11083,0
4,sparse,simd,1024,244,11083,0
4,sparse,simd,1024,245,11000,0
4,sparse,simd,1024,246,11042,0
4,sparse,simd,1024,247,11084,0
4,sparse,simd,1024,248,11042,0
4,sparse,simd,1024,249,11042,0
4,sparse,simd,1024,250,11042,0
4,sparse,simd,1024,251,11041,0
4,sparse,simd,1024,252,11084,0
4,sparse,simd,1024,253,11042,0
4,sparse,simd,1024,254,11083,0
4,sparse,simd,1024,255,11042,0
4,sparse,simd,1024,256,11125,0
4,sparse,simd,1024,257,11041,0
4,sparse,simd,1024,258,11000,0
4,sparse,simd,1024,259,11042,0
4,sparse,simd,1024,260,11125,0
4,sparse,simd,1024,261,11084,0
4,sparse,simd,1024,262,11042,0
4,sparse,simd,1024,263,11125,0
4,sparse,simd,1024,264,11000,0
4,sparse,simd,1024,265,11083,0
4,sparse,simd,1024,266,11084,0
4,sparse,simd,1024,267,11084,0
4,sparse,simd,1024,268,11083,0
4,sparse,simd,1024,269,11083,0
4,sparse,simd,1024,270,11084,0
4,sparse,simd,1024,271,11042,0
4,sparse,simd,1024,272,11041,0
4,sparse,simd,1024,273,11084,0
4,sparse,simd,1024,274,11041,0
4,sparse,simd,1024,275,11125,0
4,sparse,simd,1024,276,11042,0
4,sparse,simd,1024,277,11042,0
4,sparse,simd,1024,278,11041,0
4,sparse,simd,1024,279,11042,0
4,sparse,simd,1024,280,11083,0
4,sparse,simd,1024,281,11083,0
4,sparse,simd,1024,282,11084,0
4,sparse,simd,1024,283,11125,0
4,sparse,simd,1024,284,11125,0
4,sparse,simd,1024,285,11042,0
4,sparse,simd,1024,286,11084,0
4,sparse,simd,1024,287,11167,0
4,sparse,simd,1024,288,11042,0
4,sparse,simd,1024,289,11084,0
4,sparse,simd,1024,290,11125,0
4,sparse,simd,1024,291,11083,0
4,sparse,simd,1024,292,11083,0
4,sparse,simd,1024,293,11167,0
4,sparse,simd,1024,294,11208,0
4,sparse,simd,1024,295,11042,0
4,sparse,simd,1024,296,11167,0
4,sparse,simd,1024,297,11083,0
4,sparse,simd,1024,298,11167,0
4,sparse,simd,1024,299,11166,0
4,dense,scalar_indirect,1024,0,83709,3858
4,dense,scalar_indirect,1024,1,83583,3858
4,dense,scalar_indirect,1024,2,83667,3858
4,dense,scalar_indirect,1024,3,83709,3858
4,dense,scalar_indirect,1024,4,83667,3858
4,dense,scalar_indirect,1024,5,83667,3858
4,dense,scalar_indirect,1024,6,83625,3858
4,dense,scalar_indirect,1024,7,83834,3858
4,dense,scalar_indirect,1024,8,83666,3858
4,dense,scalar_indirect,1024,9,83625,3858
4,dense,scalar_indirect,1024,10,83667,3858
4,dense,scalar_indirect,1024,11,83667,3858
4,dense,scalar_indirect,1024,12,83750,3858
4,dense,scalar_indirect,1024,13,83583,3858
4,dense,scalar_indirect,1024,14,83625,3858
4,dense,scalar_indirect,1024,15,83667,3858
4,dense,scalar_indirect,1024,16,83625,3858
4,dense,scalar_indirect,1024,17,84584,3858
4,dense,scalar_indirect,1024,18,86583,3858
4,dense,scalar_indirect,1024,19,84416,3858
4,dense,scalar_indirect,1024,20,83583,3858
4,dense,scalar_indirect,1024,21,83583,3858
4,dense,scalar_indirect,1024,22,83584,3858
4,dense,scalar_indirect,1024,23,83625,3858
4,dense,scalar_indirect,1024,24,83625,3858
4,dense,scalar_indirect,1024,25,83583,3858
4,dense,scalar_indirect,1024,26,83625,3858
4,dense,scalar_indirect,1024,27,83625,3858
4,dense,scalar_indirect,1024,28,83750,3858
4,dense,scalar_indirect,1024,29,83625,3858
4,dense,scalar_indirect,1024,30,83583,3858
4,dense,scalar_indirect,1024,31,83709,3858
4,dense,scalar_indirect,1024,32,83584,3858
4,dense,scalar_indirect,1024,33,83709,3858
4,dense,scalar_indirect,1024,34,83584,3858
4,dense,scalar_indirect,1024,35,83541,3858
4,dense,scalar_indirect,1024,36,83500,3858
4,dense,scalar_indirect,1024,37,83625,3858
4,dense,scalar_indirect,1024,38,83625,3858
4,dense,scalar_indirect,1024,39,83708,3858
4,dense,scalar_indirect,1024,40,83542,3858
4,dense,scalar_indirect,1024,41,83625,3858
4,dense,scalar_indirect,1024,42,83542,3858
4,dense,scalar_indirect,1024,43,83666,3858
4,dense,scalar_indirect,1024,44,83709,3858
4,dense,scalar_indirect,1024,45,83709,3858
4,dense,scalar_indirect,1024,46,83583,3858
4,dense,scalar_indirect,1024,47,83625,3858
4,dense,scalar_indirect,1024,48,83625,3858
4,dense,scalar_indirect,1024,49,83625,3858
4,dense,scalar_indirect,1024,50,83625,3858
4,dense,scalar_indirect,1024,51,83583,3858
4,dense,scalar_indirect,1024,52,83583,3858
4,dense,scalar_indirect,1024,53,83667,3858
4,dense,scalar_indirect,1024,54,83666,3858
4,dense,scalar_indirect,1024,55,83625,3858
4,dense,scalar_indirect,1024,56,83667,3858
4,dense,scalar_indirect,1024,57,83708,3858
4,dense,scalar_indirect,1024,58,83708,3858
4,dense,scalar_indirect,1024,59,83750,3858
4,dense,scalar_indirect,1024,60,83667,3858
4,dense,scalar_indirect,1024,61,83625,3858
4,dense,scalar_indirect,1024,62,83583,3858
4,dense,scalar_indirect,1024,63,83792,3858
4,dense,scalar_indirect,1024,64,83666,3858
4,dense,scalar_indirect,1024,65,83792,3858
4,dense,scalar_indirect,1024,66,83625,3858
4,dense,scalar_indirect,1024,67,83750,3858
4,dense,scalar_indirect,1024,68,83666,3858
4,dense,scalar_indirect,1024,69,83583,3858
4,dense,scalar_indirect,1024,70,83708,3858
4,dense,scalar_indirect,1024,71,83584,3858
4,dense,scalar_indirect,1024,72,83542,3858
4,dense,scalar_indirect,1024,73,83750,3858
4,dense,scalar_indirect,1024,74,83709,3858
4,dense,scalar_indirect,1024,75,83708,3858
4,dense,scalar_indirect,1024,76,83666,3858
4,dense,scalar_indirect,1024,77,83625,3858
4,dense,scalar_indirect,1024,78,83708,3858
4,dense,scalar_indirect,1024,79,83750,3858
4,dense,scalar_indirect,1024,80,83625,3858
4,dense,scalar_indirect,1024,81,83709,3858
4,dense,scalar_indirect,1024,82,85625,3858
4,dense,scalar_indirect,1024,83,85667,3858
4,dense,scalar_indirect,1024,84,87750,3858
4,dense,scalar_indirect,1024,85,85916,3858
4,dense,scalar_indirect,1024,86,85917,3858
4,dense,scalar_indirect,1024,87,90458,3858
4,dense,scalar_indirect,1024,88,86042,3858
4,dense,scalar_indirect,1024,89,86000,3858
4,dense,scalar_indirect,1024,90,85958,3858
4,dense,scalar_indirect,1024,91,87417,3858
4,dense,scalar_indirect,1024,92,89833,3858
4,dense,scalar_indirect,1024,93,85916,3858
4,dense,scalar_indirect,1024,94,84125,3858
4,dense,scalar_indirect,1024,95,83625,3858
4,dense,scalar_indirect,1024,96,83666,3858
4,dense,scalar_indirect,1024,97,83750,3858
4,dense,scalar_indirect,1024,98,83667,3858
4,dense,scalar_indirect,1024,99,83666,3858
4,dense,scalar_indirect,1024,100,83709,3858
4,dense,scalar_indirect,1024,101,83666,3858
4,dense,scalar_indirect,1024,102,83625,3858
4,dense,scalar_indirect,1024,103,83708,3858
4,dense,scalar_indirect,1024,104,83708,3858
4,dense,scalar_indirect,1024,105,85709,3858
4,dense,scalar_indirect,1024,106,83791,3858
4,dense,scalar_indirect,1024,107,83667,3858
4,dense,scalar_indirect,1024,108,83625,3858
4,dense,scalar_indirect,1024,109,83791,3858
4,dense,scalar_indirect,1024,110,83750,3858
4,dense,scalar_indirect,1024,111,83709,3858
4,dense,scalar_indirect,1024,112,83584,3858
4,dense,scalar_indirect,1024,113,83833,3858
4,dense,scalar_indirect,1024,114,83708,3858
4,dense,scalar_indirect,1024,115,83750,3858
4,dense,scalar_indirect,1024,116,83708,3858
4,dense,scalar_indirect,1024,117,83667,3858
4,dense,scalar_indirect,1024,118,83667,3858
4,dense,scalar_indirect,1024,119,83750,3858
4,dense,scalar_indirect,1024,120,83709,3858
4,dense,scalar_indirect,1024,121,83667,3858
4,dense,scalar_indirect,1024,122,83625,3858
4,dense,scalar_indirect,1024,123,83667,3858
4,dense,scalar_indirect,1024,124,83666,3858
4,dense,scalar_indirect,1024,125,83750,3858
4,dense,scalar_indirect,1024,126,83709,3858
4,dense,scalar_indirect,1024,127,83625,3858
4,dense,scalar_indirect,1024,128,83708,3858
4,dense,scalar_indirect,1024,129,83708,3858
4,dense,scalar_indirect,1024,130,83833,3858
4,dense,scalar_indirect,1024,131,83625,3858
4,dense,scalar_indirect,1024,132,83667,3858
4,dense,scalar_indirect,1024,133,83625,3858
4,dense,scalar_indirect,1024,134,83625,3858
4,dense,scalar_indirect,1024,135,83708,3858
4,dense,scalar_indirect,1024,136,83667,3858
4,dense,scalar_indirect,1024,137,83583,3858
4,dense,scalar_indirect,1024,138,83583,3858
4,dense,scalar_indirect,1024,139,83625,3858
4,dense,scalar_indirect,1024,140,83666,3858
4,dense,scalar_indirect,1024,141,83542,3858
4,dense,scalar_indirect,1024,142,83667,3858
4,dense,scalar_indirect,1024,143,83500,3858
4,dense,scalar_indirect,1024,144,83666,3858
4,dense,scalar_indirect,1024,145,83542,3858
4,dense,scalar_indirect,1024,146,83625,3858
4,dense,scalar_indirect,1024,147,83667,3858
4,dense,scalar_indirect,1024,148,83542,3858
4,dense,scalar_indirect,1024,149,83666,3858
4,dense,scalar_indirect,1024,150,83625,3858
4,dense,scalar_indirect,1024,151,83625,3858
4,dense,scalar_indirect,1024,152,83542,3858
4,dense,scalar_indirect,1024,153,83542,3858
4,dense,scalar_indirect,1024,154,83625,3858
4,dense,scalar_indirect,1024,155,83625,3858
4,dense,scalar_indirect,1024,156,83708,3858
4,dense,scalar_indirect,1024,157,83583,3858
4,dense,scalar_indirect,1024,158,83625,3858
4,dense,scalar_indirect,1024,159,83583,3858
4,dense,scalar_indirect,1024,160,83667,3858
4,dense,scalar_indirect,1024,161,83791,3858
4,dense,scalar_indirect,1024,162,83584,3858
4,dense,scalar_indirect,1024,163,83625,3858
4,dense,scalar_indirect,1024,164,83708,3858
4,dense,scalar_indirect,1024,165,83625,3858
4,dense,scalar_indirect,1024,166,83791,3858
4,dense,scalar_indirect,1024,167,83625,3858
4,dense,scalar_indirect,1024,168,83750,3858
4,dense,scalar_indirect,1024,169,83625,3858
4,dense,scalar_indirect,1024,170,83833,3858
4,dense,scalar_indirect,1024,171,83750,3858
4,dense,scalar_indirect,1024,172,83708,3858
4,dense,scalar_indirect,1024,173,83625,3858
4,dense,scalar_indirect,1024,174,83584,3858
4,dense,scalar_indirect,1024,175,83667,3858
4,dense,scalar_indirect,1024,176,83666,3858
4,dense,scalar_indirect,1024,177,83625,3858
4,dense,scalar_indirect,1024,178,83708,3858
4,dense,scalar_indirect,1024,179,83625,3858
4,dense,scalar_indirect,1024,180,83708,3858
4,dense,scalar_indirect,1024,181,83792,3858
4,dense,scalar_indirect,1024,182,83791,3858
4,dense,scalar_indirect,1024,183,83667,3858
4,dense,scalar_indirect,1024,184,83792,3858
4,dense,scalar_indirect,1024,185,83666,3858
4,dense,scalar_indirect,1024,186,83792,3858
4,dense,scalar_indirect,1024,187,83708,3858
4,dense,scalar_indirect,1024,188,83625,3858
4,dense,scalar_indirect,1024,189,83625,3858
4,dense,scalar_indirect,1024,190,83750,3858
4,dense,scalar_indirect,1024,191,83750,3858
4,dense,scalar_indirect,1024,192,83708,3858
4,dense,scalar_indirect,1024,193,83708,3858
4,dense,scalar_indirect,1024,194,83625,3858
4,dense,scalar_indirect,1024,195,83542,3858
4,dense,scalar_indirect,1024,196,83666,3858
4,dense,scalar_indirect,1024,197,83667,3858
4,dense,scalar_indirect,1024,198,83583,3858
4,dense,scalar_indirect,1024,199,83584,3858
4,dense,scalar_indirect,1024,200,83666,3858
4,dense,scalar_indirect,1024,201,83542,3858
4,dense,scalar_indirect,1024,202,83625,3858
4,dense,scalar_indirect,1024,203,83667,3858
4,dense,scalar_indirect,1024,204,83583,3858
4,dense,scalar_indirect,1024,205,83625,3858
4,dense,scalar_indirect,1024,206,83667,3858
4,dense,scalar_indirect,1024,207,83708,3858
4,dense,scalar_indirect,1024,208,83750,3858
4,dense,scalar_indirect,1024,209,83709,3858
4,dense,scalar_indirect,1024,210,83625,3858
4,dense,scalar_indirect,1024,211,83667,3858
4,dense,scalar_indirect,1024,212,83625,3858
4,dense,scalar_indirect,1024,213,83667,3858
4,dense,scalar_indirect,1024,214,83709,3858
4,dense,scalar_indirect,1024,215,83666,3858
4,dense,scalar_indirect,1024,216,83709,3858
4,dense,scalar_indirect,1024,217,83708,3858
4,dense,scalar_indirect,1024,218,83667,3858
4,dense,scalar_indirect,1024,219,83667,3858
4,dense,scalar_indirect,1024,220,83708,3858
4,dense,scalar_indirect,1024,221,86917,3858
4,dense,scalar_indirect,1024,222,84833,3858
4,dense,scalar_indirect,1024,223,83750,3858
4,dense,scalar_indirect,1024,224,85125,3858
4,dense,scalar_indirect,1024,225,83792,3858
4,dense,scalar_indirect,1024,226,83792,3858
4,dense,scalar_indirect,1024,227,83833,3858
4,dense,scalar_indirect,1024,228,83625,3858
4,dense,scalar_indirect,1024,229,83708,3858
4,dense,scalar_indirect,1024,230,83709,3858
4,dense,scalar_indirect,1024,231,83791,3858
4,dense,scalar_indirect,1024,232,83834,3858
4,dense,scalar_indirect,1024,233,83750,3858
4,dense,scalar_indirect,1024,234,83750,3858
4,dense,scalar_indirect,1024,235,83750,3858
4,dense,scalar_indirect,1024,236,83709,3858
4,dense,scalar_indirect,1024,237,83916,3858
4,dense,scalar_indirect,1024,238,83750,3858
4,dense,scalar_indirect,1024,239,83708,3858
4,dense,scalar_indirect,1024,240,83708,3858
4,dense,scalar_indirect,1024,241,83708,3858
4,dense,scalar_indirect,1024,242,83917,3858
4,dense,scalar_indirect,1024,243,83708,3858
4,dense,scalar_indirect,1024,244,83750,3858
4,dense,scalar_indirect,1024,245,83709,3858
4,dense,scalar_indirect,1024,246,83708,3858
4,dense,scalar_indirect,1024,247,83833,3858
4,dense,scalar_indirect,1024,248,83750,3858
4,dense,scalar_indirect,1024,249,83833,3858
4,dense,scalar_indirect,1024,250,83750,3858
4,dense,scalar_indirect,1024,251,83750,3858
4,dense,scalar_indirect,1024,252,83875,3858
4,dense,scalar_indirect,1024,253,84042,3858
4,dense,scalar_indirect,1024,254,83792,3858
4,dense,scalar_indirect,1024,255,83750,3858
4,dense,scalar_indirect,1024,256,83833,3858
4,dense,scalar_indirect,1024,257,83792,3858
4,dense,scalar_indirect,1024,258,83791,3858
4,dense,scalar_indirect,1024,259,83709,3858
4,dense,scalar_indirect,1024,260,83750,3858
4,dense,scalar_indirect,1024,261,83750,3858
4,dense,scalar_indirect,1024,262,83708,3858
4,dense,scalar_indirect,1024,263,83875,3858
4,dense,scalar_indirect,1024,264,83708,3858
4,dense,scalar_indirect,1024,265,83709,3858
4,dense,scalar_indirect,1024,266,83750,3858
4,dense,scalar_indirect,1024,267,83750,3858
4,dense,scalar_indirect,1024,268,83833,3858
4,dense,scalar_indirect,1024,269,83708,3858
4,dense,scalar_indirect,1024,270,83834,3858
4,dense,scalar_indirect,1024,271,83750,3858
4,dense,scalar_indirect,1024,272,83750,3858
4,dense,scalar_indirect,1024,273,83625,3858
4,dense,scalar_indirect,1024,274,83666,3858
4,dense,scalar_indirect,1024,275,83583,3858
4,dense,scalar_indirect,1024,276,83667,3858
4,dense,scalar_indirect,1024,277,83583,3858
4,dense,scalar_indirect,1024,278,83708,3858
4,dense,scalar_indirect,1024,279,83542,3858
4,dense,scalar_indirect,1024,280,83583,3858
4,dense,scalar_indirect,1024,281,83625,3858
4,dense,scalar_indirect,1024,282,83708,3858
4,dense,scalar_indirect,1024,283,83667,3858
4,dense,scalar_indirect,1024,284,83583,3858
4,dense,scalar_indirect,1024,285,83708,3858
4,dense,scalar_indirect,1024,286,83750,3858
4,dense,scalar_indirect,1024,287,83750,3858
4,dense,scalar_indirect,1024,288,83708,3858
4,dense,scalar_indirect,1024,289,83667,3858
4,dense,scalar_indirect,1024,290,83583,3858
4,dense,scalar_indirect,1024,291,83583,3858
4,dense,scalar_indirect,1024,292,83667,3858
4,dense,scalar_indirect,1024,293,83834,3858
4,dense,scalar_indirect,1024,294,83750,3858
4,dense,scalar_indirect,1024,295,83708,3858
4,dense,scalar_indirect,1024,296,83667,3858
4,dense,scalar_indirect,1024,297,83625,3858
4,dense,scalar_indirect,1024,298,83709,3858
4,dense,scalar_indirect,1024,299,83750,3858
4,dense,scalar_packed,1024,0,60792,3858
4,dense,scalar_packed,1024,1,60834,3858
4,dense,scalar_packed,1024,2,60750,3858
4,dense,scalar_packed,1024,3,60875,3858
4,dense,scalar_packed,1024,4,60750,3858
4,dense,scalar_packed,1024,5,60792,3858
4,dense,scalar_packed,1024,6,60833,3858
4,dense,scalar_packed,1024,7,60833,3858
4,dense,scalar_packed,1024,8,62334,3858
4,dense,scalar_packed,1024,9,60834,3858
4,dense,scalar_packed,1024,10,60833,3858
4,dense,scalar_packed,1024,11,60833,3858
4,dense,scalar_packed,1024,12,60708,3858
4,dense,scalar_packed,1024,13,60667,3858
4,dense,scalar_packed,1024,14,60709,3858
4,dense,scalar_packed,1024,15,60791,3858
4,dense,scalar_packed,1024,16,60833,3858
4,dense,scalar_packed,1024,17,60875,3858
4,dense,scalar_packed,1024,18,60834,3858
4,dense,scalar_packed,1024,19,60750,3858
4,dense,scalar_packed,1024,20,60750,3858
4,dense,scalar_packed,1024,21,60875,3858
4,dense,scalar_packed,1024,22,60750,3858
4,dense,scalar_packed,1024,23,60875,3858
4,dense,scalar_packed,1024,24,60750,3858
4,dense,scalar_packed,1024,25,60750,3858
4,dense,scalar_packed,1024,26,60833,3858
4,dense,scalar_packed,1024,27,60750,3858
4,dense,scalar_packed,1024,28,60750,3858
4,dense,scalar_packed,1024,29,60833,3858
4,dense,scalar_packed,1024,30,60708,3858
4,dense,scalar_packed,1024,31,60834,3858
4,dense,scalar_packed,1024,32,60666,3858
4,dense,scalar_packed,1024,33,60750,3858
4,dense,scalar_packed,1024,34,60750,3858
4,dense,scalar_packed,1024,35,60833,3858
4,dense,scalar_packed,1024,36,60791,3858
4,dense,scalar_packed,1024,37,60792,3858
4,dense,scalar_packed,1024,38,60750,3858
4,dense,scalar_packed,1024,39,60791,3858
4,dense,scalar_packed,1024,40,60667,3858
4,dense,scalar_packed,1024,41,60833,3858
4,dense,scalar_packed,1024,42,60834,3858
4,dense,scalar_packed,1024,43,60750,3858
4,dense,scalar_packed,1024,44,60791,3858
4,dense,scalar_packed,1024,45,60709,3858
4,dense,scalar_packed,1024,46,60792,3858
4,dense,scalar_packed,1024,47,60708,3858
4,dense,scalar_packed,1024,48,60917,3858
4,dense,scalar_packed,1024,49,60750,3858
4,dense,scalar_packed,1024,50,60875,3858
4,dense,scalar_packed,1024,51,60833,3858
4,dense,scalar_packed,1024,52,60792,3858
4,dense,scalar_packed,1024,53,60833,3858
4,dense,scalar_packed,1024,54,60834,3858
4,dense,scalar_packed,1024,55,60875,3858
4,dense,scalar_packed,1024,56,60750,3858
4,dense,scalar_packed,1024,57,60750,3858
4,dense,scalar_packed,1024,58,60750,3858
4,dense,scalar_packed,1024,59,60833,3858
4,dense,scalar_packed,1024,60,60750,3858
4,dense,scalar_packed,1024,61,60708,3858
4,dense,scalar_packed,1024,62,60708,3858
4,dense,scalar_packed,1024,63,60792,3858
4,dense,scalar_packed,1024,64,60750,3858
4,dense,scalar_packed,1024,65,60667,3858
4,dense,scalar_packed,1024,66,60708,3858
4,dense,scalar_packed,1024,67,60916,3858
4,dense,scalar_packed,1024,68,60834,3858
4,dense,scalar_packed,1024,69,60791,3858
4,dense,scalar_packed,1024,70,60792,3858
4,dense,scalar_packed,1024,71,60708,3858
4,dense,scalar_packed,1024,72,60750,3858
4,dense,scalar_packed,1024,73,60875,3858
4,dense,scalar_packed,1024,74,60875,3858
4,dense,scalar_packed,1024,75,60792,3858
4,dense,scalar_packed,1024,76,60708,3858
4,dense,scalar_packed,1024,77,60666,3858
4,dense,scalar_packed,1024,78,60709,3858
4,dense,scalar_packed,1024,79,60667,3858
4,dense,scalar_packed,1024,80,60750,3858
4,dense,scalar_packed,1024,81,60834,3858
4,dense,scalar_packed,1024,82,60709,3858
4,dense,scalar_packed,1024,83,60791,3858
4,dense,scalar_packed,1024,84,60750,3858
4,dense,scalar_packed,1024,85,60667,3858
4,dense,scalar_packed,1024,86,60750,3858
4,dense,scalar_packed,1024,87,63958,3858
4,dense,scalar_packed,1024,88,61667,3858
4,dense,scalar_packed,1024,89,60791,3858
4,dense,scalar_packed,1024,90,60750,3858
4,dense,scalar_packed,1024,91,60708,3858
4,dense,scalar_packed,1024,92,60750,3858
4,dense,scalar_packed,1024,93,60875,3858
4,dense,scalar_packed,1024,94,60750,3858
4,dense,scalar_packed,1024,95,60666,3858
4,dense,scalar_packed,1024,96,60708,3858
4,dense,scalar_packed,1024,97,60709,3858
4,dense,scalar_packed,1024,98,60708,3858
4,dense,scalar_packed,1024,99,60708,3858
4,dense,scalar_packed,1024,100,60875,3858
4,dense,scalar_packed,1024,101,60791,3858
4,dense,scalar_packed,1024,102,60750,3858
4,dense,scalar_packed,1024,103,60708,3858
4,dense,scalar_packed,1024,104,60667,3858
4,dense,scalar_packed,1024,105,60708,3858
4,dense,scalar_packed,1024,106,63875,3858
4,dense,scalar_packed,1024,107,61709,3858
4,dense,scalar_packed,1024,108,61334,3858
4,dense,scalar_packed,1024,109,60666,3858
4,dense,scalar_packed,1024,110,60792,3858
4,dense,scalar_packed,1024,111,60666,3858
4,dense,scalar_packed,1024,112,60708,3858
4,dense,scalar_packed,1024,113,60792,3858
4,dense,scalar_packed,1024,114,60791,3858
4,dense,scalar_packed,1024,115,60917,3858
4,dense,scalar_packed,1024,116,60708,3858
4,dense,scalar_packed,1024,117,60750,3858
4,dense,scalar_packed,1024,118,60750,3858
4,dense,scalar_packed,1024,119,60792,3858
4,dense,scalar_packed,1024,120,60750,3858
4,dense,scalar_packed,1024,121,60750,3858
4,dense,scalar_packed,1024,122,60792,3858
4,dense,scalar_packed,1024,123,61583,3858
4,dense,scalar_packed,1024,124,63417,3858
4,dense,scalar_packed,1024,125,65000,3858
4,dense,scalar_packed,1024,126,64583,3858
4,dense,scalar_packed,1024,127,61084,3858
4,dense,scalar_packed,1024,128,60750,3858
4,dense,scalar_packed,1024,129,60750,3858
4,dense,scalar_packed,1024,130,60792,3858
4,dense,scalar_packed,1024,131,60833,3858
4,dense,scalar_packed,1024,132,60875,3858
4,dense,scalar_packed,1024,133,60875,3858
4,dense,scalar_packed,1024,134,60792,3858
4,dense,scalar_packed,1024,135,60792,3858
4,dense,scalar_packed,1024,136,60791,3858
4,dense,scalar_packed,1024,137,60750,3858
4,dense,scalar_packed,1024,138,60875,3858
4,dense,scalar_packed,1024,139,60792,3858
4,dense,scalar_packed,1024,140,60833,3858
4,dense,scalar_packed,1024,141,60875,3858
4,dense,scalar_packed,1024,142,60750,3858
4,dense,scalar_packed,1024,143,60792,3858
4,dense,scalar_packed,1024,144,60792,3858
4,dense,scalar_packed,1024,145,60875,3858
4,dense,scalar_packed,1024,146,61084,3858
4,dense,scalar_packed,1024,147,66583,3858
4,dense,scalar_packed,1024,148,64417,3858
4,dense,scalar_packed,1024,149,60875,3858
4,dense,scalar_packed,1024,150,60792,3858
4,dense,scalar_packed,1024,151,60833,3858
4,dense,scalar_packed,1024,152,64958,3858
4,dense,scalar_packed,1024,153,60834,3858
4,dense,scalar_packed,1024,154,60791,3858
4,dense,scalar_packed,1024,155,60792,3858
4,dense,scalar_packed,1024,156,60833,3858
4,dense,scalar_packed,1024,157,60833,3858
4,dense,scalar_packed,1024,158,60917,3858
4,dense,scalar_packed,1024,159,60833,3858
4,dense,scalar_packed,1024,160,60791,3858
4,dense,scalar_packed,1024,161,60709,3858
4,dense,scalar_packed,1024,162,60791,3858
4,dense,scalar_packed,1024,163,60833,3858
4,dense,scalar_packed,1024,164,60792,3858
4,dense,scalar_packed,1024,165,60792,3858
4,dense,scalar_packed,1024,166,60833,3858
4,dense,scalar_packed,1024,167,60792,3858
4,dense,scalar_packed,1024,168,60708,3858
4,dense,scalar_packed,1024,169,60750,3858
4,dense,scalar_packed,1024,170,60833,3858
4,dense,scalar_packed,1024,171,60958,3858
4,dense,scalar_packed,1024,172,61833,3858
4,dense,scalar_packed,1024,173,60833,3858
4,dense,scalar_packed,1024,174,60917,3858
4,dense,scalar_packed,1024,175,60833,3858
4,dense,scalar_packed,1024,176,60792,3858
4,dense,scalar_packed,1024,177,60875,3858
4,dense,scalar_packed,1024,178,60875,3858
4,dense,scalar_packed,1024,179,60834,3858
4,dense,scalar_packed,1024,180,60709,3858
4,dense,scalar_packed,1024,181,60750,3858
4,dense,scalar_packed,1024,182,60834,3858
4,dense,scalar_packed,1024,183,60833,3858
4,dense,scalar_packed,1024,184,60833,3858
4,dense,scalar_packed,1024,185,60792,3858
4,dense,scalar_packed,1024,186,60791,3858
4,dense,scalar_packed,1024,187,60750,3858
4,dense,scalar_packed,1024,188,60792,3858
4,dense,scalar_packed,1024,189,60875,3858
4,dense,scalar_packed,1024,190,60833,3858
4,dense,scalar_packed,1024,191,60791,3858
4,dense,scalar_packed,1024,192,60834,3858
4,dense,scalar_packed,1024,193,60875,3858
4,dense,scalar_packed,1024,194,60875,3858
4,dense,scalar_packed,1024,195,60792,3858
4,dense,scalar_packed,1024,196,60875,3858
4,dense,scalar_packed,1024,197,60875,3858
4,dense,scalar_packed,1024,198,60875,3858
4,dense,scalar_packed,1024,199,60792,3858
4,dense,scalar_packed,1024,200,60625,3858
4,dense,scalar_packed,1024,201,60750,3858
4,dense,scalar_packed,1024,202,60750,3858
4,dense,scalar_packed,1024,203,60917,3858
4,dense,scalar_packed,1024,204,60792,3858
4,dense,scalar_packed,1024,205,60792,3858
4,dense,scalar_packed,1024,206,60916,3858
4,dense,scalar_packed,1024,207,60834,3858
4,dense,scalar_packed,1024,208,60834,3858
4,dense,scalar_packed,1024,209,60916,3858
4,dense,scalar_packed,1024,210,69709,3858
4,dense,scalar_packed,1024,211,60875,3858
4,dense,scalar_packed,1024,212,60834,3858
4,dense,scalar_packed,1024,213,66417,3858
4,dense,scalar_packed,1024,214,60875,3858
4,dense,scalar_packed,1024,215,60917,3858
4,dense,scalar_packed,1024,216,60834,3858
4,dense,scalar_packed,1024,217,60708,3858
4,dense,scalar_packed,1024,218,60791,3858
4,dense,scalar_packed,1024,219,60792,3858
4,dense,scalar_packed,1024,220,60833,3858
4,dense,scalar_packed,1024,221,60833,3858
4,dense,scalar_packed,1024,222,60875,3858
4,dense,scalar_packed,1024,223,60875,3858
4,dense,scalar_packed,1024,224,60792,3858
4,dense,scalar_packed,1024,225,60833,3858
4,dense,scalar_packed,1024,226,60792,3858
4,dense,scalar_packed,1024,227,60875,3858
4,dense,scalar_packed,1024,228,60959,3858
4,dense,scalar_packed,1024,229,60875,3858
4,dense,scalar_packed,1024,230,60750,3858
4,dense,scalar_packed,1024,231,60750,3858
4,dense,scalar_packed,1024,232,60708,3858
4,dense,scalar_packed,1024,233,60708,3858
4,dense,scalar_packed,1024,234,60875,3858
4,dense,scalar_packed,1024,235,60834,3858
4,dense,scalar_packed,1024,236,60791,3858
4,dense,scalar_packed,1024,237,60792,3858
4,dense,scalar_packed,1024,238,60875,3858
4,dense,scalar_packed,1024,239,60750,3858
4,dense,scalar_packed,1024,240,60833,3858
4,dense,scalar_packed,1024,241,60917,3858
4,dense,scalar_packed,1024,242,60791,3858
4,dense,scalar_packed,1024,243,60834,3858
4,dense,scalar_packed,1024,244,60750,3858
4,dense,scalar_packed,1024,245,60834,3858
4,dense,scalar_packed,1024,246,60916,3858
4,dense,scalar_packed,1024,247,60833,3858
4,dense,scalar_packed,1024,248,60875,3858
4,dense,scalar_packed,1024,249,60708,3858
4,dense,scalar_packed,1024,250,60833,3858
4,dense,scalar_packed,1024,251,60792,3858
4,dense,scalar_packed,1024,252,60666,3858
4,dense,scalar_packed,1024,253,60875,3858
4,dense,scalar_packed,1024,254,60833,3858
4,dense,scalar_packed,1024,255,60625,3858
4,dense,scalar_packed,1024,256,60833,3858
4,dense,scalar_packed,1024,257,60792,3858
4,dense,scalar_packed,1024,258,60833,3858
4,dense,scalar_packed,1024,259,60791,3858
4,dense,scalar_packed,1024,260,60750,3858
4,dense,scalar_packed,1024,261,60791,3858
4,dense,scalar_packed,1024,262,60792,3858
4,dense,scalar_packed,1024,263,60791,3858
4,dense,scalar_packed,1024,264,60667,3858
4,dense,scalar_packed,1024,265,60834,3858
4,dense,scalar_packed,1024,266,60916,3858
4,dense,scalar_packed,1024,267,60875,3858
4,dense,scalar_packed,1024,268,60834,3858
4,dense,scalar_packed,1024,269,60708,3858
4,dense,scalar_packed,1024,270,60833,3858
4,dense,scalar_packed,1024,271,60792,3858
4,dense,scalar_packed,1024,272,60750,3858
4,dense,scalar_packed,1024,273,60875,3858
4,dense,scalar_packed,1024,274,60791,3858
4,dense,scalar_packed,1024,275,60750,3858
4,dense,scalar_packed,1024,276,60833,3858
4,dense,scalar_packed,1024,277,60667,3858
4,dense,scalar_packed,1024,278,60875,3858
4,dense,scalar_packed,1024,279,60750,3858
4,dense,scalar_packed,1024,280,60875,3858
4,dense,scalar_packed,1024,281,60833,3858
4,dense,scalar_packed,1024,282,60667,3858
4,dense,scalar_packed,1024,283,60833,3858
4,dense,scalar_packed,1024,284,60750,3858
4,dense,scalar_packed,1024,285,60791,3858
4,dense,scalar_packed,1024,286,60917,3858
4,dense,scalar_packed,1024,287,60708,3858
4,dense,scalar_packed,1024,288,60750,3858
4,dense,scalar_packed,1024,289,60708,3858
4,dense,scalar_packed,1024,290,60667,3858
4,dense,scalar_packed,1024,291,60792,3858
4,dense,scalar_packed,1024,292,60708,3858
4,dense,scalar_packed,1024,293,60750,3858
4,dense,scalar_packed,1024,294,60875,3858
4,dense,scalar_packed,1024,295,60792,3858
4,dense,scalar_packed,1024,296,60708,3858
4,dense,scalar_packed,1024,297,60875,3858
4,dense,scalar_packed,1024,298,60792,3858
4,dense,scalar_packed,1024,299,60916,3858
4,dense,simd,1024,0,51500,3858
4,dense,simd,1024,1,51333,3858
4,dense,simd,1024,2,51333,3858
4,dense,simd,1024,3,51292,3858
4,dense,simd,1024,4,51292,3858
4,dense,simd,1024,5,51375,3858
4,dense,simd,1024,6,51375,3858
4,dense,simd,1024,7,51459,3858
4,dense,simd,1024,8,51334,3858
4,dense,simd,1024,9,51416,3858
4,dense,simd,1024,10,51542,3858
4,dense,simd,1024,11,51417,3858
4,dense,simd,1024,12,51250,3858
4,dense,simd,1024,13,51417,3858
4,dense,simd,1024,14,51417,3858
4,dense,simd,1024,15,51500,3858
4,dense,simd,1024,16,51458,3858
4,dense,simd,1024,17,51375,3858
4,dense,simd,1024,18,51375,3858
4,dense,simd,1024,19,51333,3858
4,dense,simd,1024,20,51333,3858
4,dense,simd,1024,21,51417,3858
4,dense,simd,1024,22,51375,3858
4,dense,simd,1024,23,51541,3858
4,dense,simd,1024,24,51375,3858
4,dense,simd,1024,25,51458,3858
4,dense,simd,1024,26,51459,3858
4,dense,simd,1024,27,51458,3858
4,dense,simd,1024,28,51416,3858
4,dense,simd,1024,29,51292,3858
4,dense,simd,1024,30,51375,3858
4,dense,simd,1024,31,51458,3858
4,dense,simd,1024,32,51333,3858
4,dense,simd,1024,33,51375,3858
4,dense,simd,1024,34,51500,3858
4,dense,simd,1024,35,51458,3858
4,dense,simd,1024,36,51542,3858
4,dense,simd,1024,37,51375,3858
4,dense,simd,1024,38,51417,3858
4,dense,simd,1024,39,51458,3858
4,dense,simd,1024,40,51500,3858
4,dense,simd,1024,41,51375,3858
4,dense,simd,1024,42,51333,3858
4,dense,simd,1024,43,51375,3858
4,dense,simd,1024,44,51375,3858
4,dense,simd,1024,45,51417,3858
4,dense,simd,1024,46,51417,3858
4,dense,simd,1024,47,51375,3858
4,dense,simd,1024,48,51375,3858
4,dense,simd,1024,49,51500,3858
4,dense,simd,1024,50,54792,3858
4,dense,simd,1024,51,52292,3858
4,dense,simd,1024,52,51833,3858
4,dense,simd,1024,53,51458,3858
4,dense,simd,1024,54,51542,3858
4,dense,simd,1024,55,51375,3858
4,dense,simd,1024,56,51459,3858
4,dense,simd,1024,57,51375,3858
4,dense,simd,1024,58,51459,3858
4,dense,simd,1024,59,51416,3858
4,dense,simd,1024,60,51292,3858
4,dense,simd,1024,61,51292,3858
4,dense,simd,1024,62,51458,3858
4,dense,simd,1024,63,51375,3858
4,dense,simd,1024,64,51333,3858
4,dense,simd,1024,65,51250,3858
4,dense,simd,1024,66,51333,3858
4,dense,simd,1024,67,51250,3858
4,dense,simd,1024,68,51292,3858
4,dense,simd,1024,69,51375,3858
4,dense,simd,1024,70,51458,3858
4,dense,simd,1024,71,51333,3858
4,dense,simd,1024,72,51250,3858
4,dense,simd,1024,73,51333,3858
4,dense,simd,1024,74,51292,3858
4,dense,simd,1024,75,51250,3858
4,dense,simd,1024,76,51375,3858
4,dense,simd,1024,77,51375,3858
4,dense,simd,1024,78,51458,3858
4,dense,simd,1024,79,51291,3858
4,dense,simd,1024,80,51250,3858
4,dense,simd,1024,81,51333,3858
4,dense,simd,1024,82,51292,3858
4,dense,simd,1024,83,51500,3858
4,dense,simd,1024,84,51375,3858
4,dense,simd,1024,85,51500,3858
4,dense,simd,1024,86,51333,3858
4,dense,simd,1024,87,51291,3858
4,dense,simd,1024,88,51292,3858
4,dense,simd,1024,89,51291,3858
4,dense,simd,1024,90,51333,3858
4,dense,simd,1024,91,51375,3858
4,dense,simd,1024,92,51250,3858
4,dense,simd,1024,93,51333,3858
4,dense,simd,1024,94,51459,3858
4,dense,simd,1024,95,51333,3858
4,dense,simd,1024,96,51375,3858
4,dense,simd,1024,97,51333,3858
4,dense,simd,1024,98,51417,3858
4,dense,simd,1024,99,51292,3858
4,dense,simd,1024,100,51416,3858
4,dense,simd,1024,101,51333,3858
4,dense,simd,1024,102,51292,3858
4,dense,simd,1024,103,51333,3858
4,dense,simd,1024,104,51208,3858
4,dense,simd,1024,105,51417,3858
4,dense,simd,1024,106,51375,3858
4,dense,simd,1024,107,51333,3858
4,dense,simd,1024,108,51375,3858
4,dense,simd,1024,109,51375,3858
4,dense,simd,1024,110,51375,3858
4,dense,simd,1024,111,51375,3858
4,dense,simd,1024,112,51375,3858
4,dense,simd,1024,113,51375,3858
4,dense,simd,1024,114,51291,3858
4,dense,simd,1024,115,51334,3858
4,dense,simd,1024,116,51375,3858
4,dense,simd,1024,117,51375,3858
4,dense,simd,1024,118,51375,3858
4,dense,simd,1024,119,51333,3858
4,dense,simd,1024,120,51375,3858
4,dense,simd,1024,121,51334,3858
4,dense,simd,1024,122,51334,3858
4,dense,simd,1024,123,51333,3858
4,dense,simd,1024,124,51458,3858
4,dense,simd,1024,125,51375,3858
4,dense,simd,1024,126,51334,3858
4,dense,simd,1024,127,51334,3858
4,dense,simd,1024,128,51375,3858
4,dense,simd,1024,129,51416,3858
4,dense,simd,1024,130,51292,3858
4,dense,simd,1024,131,51333,3858
4,dense,simd,1024,132,51333,3858
4,dense,simd,1024,133,51250,3858
4,dense,simd,1024,134,51250,3858
4,dense,simd,1024,135,51334,3858
4,dense,simd,1024,136,51416,3858
4,dense,simd,1024,137,51334,3858
4,dense,simd,1024,138,51291,3858
4,dense,simd,1024,139,51375,3858
4,dense,simd,1024,140,51417,3858
4,dense,simd,1024,141,51291,3858
4,dense,simd,1024,142,51334,3858
4,dense,simd,1024,143,51334,3858
4,dense,simd,1024,144,51291,3858
4,dense,simd,1024,145,51250,3858
4,dense,simd,1024,146,51208,3858
4,dense,simd,1024,147,51375,3858
4,dense,simd,1024,148,51333,3858
4,dense,simd,1024,149,51292,3858
4,dense,simd,1024,150,51208,3858
4,dense,simd,1024,151,51417,3858
4,dense,simd,1024,152,51375,3858
4,dense,simd,1024,153,51292,3858
4,dense,simd,1024,154,51375,3858
4,dense,simd,1024,155,51417,3858
4,dense,simd,1024,156,51333,3858
4,dense,simd,1024,157,51292,3858
4,dense,simd,1024,158,51291,3858
4,dense,simd,1024,159,51250,3858
4,dense,simd,1024,160,51292,3858
4,dense,simd,1024,161,51291,3858
4,dense,simd,1024,162,51334,3858
4,dense,simd,1024,163,51291,3858
4,dense,simd,1024,164,51208,3858
4,dense,simd,1024,165,51292,3858
4,dense,simd,1024,166,51292,3858
4,dense,simd,1024,167,51250,3858
4,dense,simd,1024,168,51333,3858
4,dense,simd,1024,169,51292,3858
4,dense,simd,1024,170,51292,3858
4,dense,simd,1024,171,51292,3858
4,dense,simd,1024,172,51291,3858
4,dense,simd,1024,173,51250,3858
4,dense,simd,1024,174,51250,3858
4,dense,simd,1024,175,51375,3858
4,dense,simd,1024,176,51334,3858
4,dense,simd,1024,177,51334,3858
4,dense,simd,1024,178,51292,3858
4,dense,simd,1024,179,51333,3858
4,dense,simd,1024,180,51292,3858
4,dense,simd,1024,181,51333,3858
4,dense,simd,1024,182,51250,3858
4,dense,simd,1024,183,51250,3858
4,dense,simd,1024,184,51292,3858
4,dense,simd,1024,185,51291,3858
4,dense,simd,1024,186,52792,3858
4,dense,simd,1024,187,51375,3858
4,dense,simd,1024,188,51291,3858
4,dense,simd,1024,189,51334,3858
4,dense,simd,1024,190,51250,3858
4,dense,simd,1024,191,51167,3858
4,dense,simd,1024,192,51292,3858
4,dense,simd,1024,193,51250,3858
4,dense,simd,1024,194,51208,3858
4,dense,simd,1024,195,51166,3858
4,dense,simd,1024,196,51292,3858
4,dense,simd,1024,197,51375,3858
4,dense,simd,1024,198,51250,3858
4,dense,simd,1024,199,51458,3858
4,dense,simd,1024,200,51292,3858
4,dense,simd,1024,201,51375,3858
4,dense,simd,1024,202,51375,3858
4,dense,simd,1024,203,51417,3858
4,dense,simd,1024,204,51333,3858
4,dense,simd,1024,205,51500,3858
4,dense,simd,1024,206,51333,3858
4,dense,simd,1024,207,51417,3858
4,dense,simd,1024,208,51417,3858
4,dense,simd,1024,209,51333,3858
4,dense,simd,1024,210,51375,3858
4,dense,simd,1024,211,51291,3858
4,dense,simd,1024,212,51250,3858
4,dense,simd,1024,213,51333,3858
4,dense,simd,1024,214,51375,3858
4,dense,simd,1024,215,51292,3858
4,dense,simd,1024,216,51250,3858
4,dense,simd,1024,217,51458,3858
4,dense,simd,1024,218,51292,3858
4,dense,simd,1024,219,51292,3858
4,dense,simd,1024,220,51333,3858
4,dense,simd,1024,221,51375,3858
4,dense,simd,1024,222,51375,3858
4,dense,simd,1024,223,51333,3858
4,dense,simd,1024,224,51292,3858
4,dense,simd,1024,225,51291,3858
4,dense,simd,1024,226,51375,3858
4,dense,simd,1024,227,51375,3858
4,dense,simd,1024,228,51333,3858
4,dense,simd,1024,229,51209,3858
4,dense,simd,1024,230,51333,3858
4,dense,simd,1024,231,51292,3858
4,dense,simd,1024,232,51416,3858
4,dense,simd,1024,233,51292,3858
4,dense,simd,1024,234,51334,3858
4,dense,simd,1024,235,51458,3858
4,dense,simd,1024,236,51250,3858
4,dense,simd,1024,237,51291,3858
4,dense,simd,1024,238,51417,3858
4,dense,simd,1024,239,51333,3858
4,dense,simd,1024,240,51375,3858
4,dense,simd,1024,241,51500,3858
4,dense,simd,1024,242,51334,3858
4,dense,simd,1024,243,51250,3858
4,dense,simd,1024,244,51292,3858
4,dense,simd,1024,245,51334,3858
4,dense,simd,1024,246,51291,3858
4,dense,simd,1024,247,51250,3858
4,dense,simd,1024,248,51417,3858
4,dense,simd,1024,249,51416,3858
4,dense,simd,1024,250,51334,3858
4,dense,simd,1024,251,51375,3858
4,dense,simd,1024,252,51334,3858
4,dense,simd,1024,253,51291,3858
4,dense,simd,1024,254,51208,3858
4,dense,simd,1024,255,51417,3858
4,dense,simd,1024,256,51417,3858
4,dense,simd,1024,257,51291,3858
4,dense,simd,1024,258,51250,3858
4,dense,simd,1024,259,51417,3858
4,dense,simd,1024,260,51333,3858
4,dense,simd,1024,261,51417,3858
4,dense,simd,1024,262,51417,3858
4,dense,simd,1024,263,51291,3858
4,dense,simd,1024,264,51375,3858
4,dense,simd,1024,265,51250,3858
4,dense,simd,1024,266,51292,3858
4,dense,simd,1024,267,51209,3858
4,dense,simd,1024,268,51334,3858
4,dense,simd,1024,269,51250,3858
4,dense,simd,1024,270,51250,3858
4,dense,simd,1024,271,51333,3858
4,dense,simd,1024,272,51292,3858
4,dense,simd,1024,273,51291,3858
4,dense,simd,1024,274,51208,3858
4,dense,simd,1024,275,51292,3858
4,dense,simd,1024,276,51250,3858
4,dense,simd,1024,277,51250,3858
4,dense,simd,1024,278,51375,3858
4,dense,simd,1024,279,51500,3858
4,dense,simd,1024,280,51334,3858
4,dense,simd,1024,281,51375,3858
4,dense,simd,1024,282,51250,3858
4,dense,simd,1024,283,51375,3858
4,dense,simd,1024,284,51334,3858
4,dense,simd,1024,285,51166,3858
4,dense,simd,1024,286,51250,3858
4,dense,simd,1024,287,51292,3858
4,dense,simd,1024,288,51167,3858
4,dense,simd,1024,289,51292,3858
4,dense,simd,1024,290,51333,3858
4,dense,simd,1024,291,51167,3858
4,dense,simd,1024,292,51250,3858
4,dense,simd,1024,293,51375,3858
4,dense,simd,1024,294,51458,3858
4,dense,simd,1024,295,51292,3858
4,dense,simd,1024,296,51208,3858
4,dense,simd,1024,297,51208,3858
4,dense,simd,1024,298,51250,3858
4,dense,simd,1024,299,51292,3858
4,all_overlapping,scalar_indirect,1024,0,2107125,523776
4,all_overlapping,scalar_indirect,1024,1,2105375,523776
4,all_overlapping,scalar_indirect,1024,2,2106333,523776
4,all_overlapping,scalar_indirect,1024,3,2109042,523776
4,all_overlapping,scalar_indirect,1024,4,2106417,523776
4,all_overlapping,scalar_indirect,1024,5,2108750,523776
4,all_overlapping,scalar_indirect,1024,6,2110917,523776
4,all_overlapping,scalar_indirect,1024,7,2117208,523776
4,all_overlapping,scalar_indirect,1024,8,2110708,523776
4,all_overlapping,scalar_indirect,1024,9,2108833,523776
4,all_overlapping,scalar_indirect,1024,10,2107792,523776
4,all_overlapping,scalar_indirect,1024,11,2108541,523776
4,all_overlapping,scalar_indirect,1024,12,2110584,523776
4,all_overlapping,scalar_indirect,1024,13,2106875,523776
4,all_overlapping,scalar_indirect,1024,14,2107209,523776
4,all_overlapping,scalar_indirect,1024,15,2124041,523776
4,all_overlapping,scalar_indirect,1024,16,2107292,523776
4,all_overlapping,scalar_indirect,1024,17,2129000,523776
4,all_overlapping,scalar_indirect,1024,18,2119083,523776
4,all_overlapping,scalar_indirect,1024,19,2107667,523776
4,all_overlapping,scalar_indirect,1024,20,2106583,523776
4,all_overlapping,scalar_indirect,1024,21,2107292,523776
4,all_overlapping,scalar_indirect,1024,22,2107209,523776
4,all_overlapping,scalar_indirect,1024,23,2110500,523776
4,all_overlapping,scalar_indirect,1024,24,2104209,523776
4,all_overlapping,scalar_indirect,1024,25,2106125,523776
4,all_overlapping,scalar_indirect,1024,26,2106541,523776
4,all_overlapping,scalar_indirect,1024,27,2114375,523776
4,all_overlapping,scalar_indirect,1024,28,2104208,523776
4,all_overlapping,scalar_indirect,1024,29,2104958,523776
4,all_overlapping,scalar_indirect,1024,30,2107125,523776
4,all_overlapping,scalar_indirect,1024,31,2118209,523776
4,all_overlapping,scalar_indirect,1024,32,2109250,523776
4,all_overlapping,scalar_indirect,1024,33,2108458,523776
4,all_overlapping,scalar_indirect,1024,34,2105334,523776
4,all_overlapping,scalar_indirect,1024,35,2106791,523776
4,all_overlapping,scalar_indirect,1024,36,2106584,523776
4,all_overlapping,scalar_indirect,1024,37,2104625,523776
4,all_overlapping,scalar_indirect,1024,38,2109708,523776
4,all_overlapping,scalar_indirect,1024,39,2106750,523776
4,all_overlapping,scalar_indirect,1024,40,2106375,523776
4,all_overlapping,scalar_indirect,1024,41,2145667,523776
4,all_overlapping,scalar_indirect,1024,42,2228084,523776
4,all_overlapping,scalar_indirect,1024,43,2232958,523776
4,all_overlapping,scalar_indirect,1024,44,2228792,523776
4,all_overlapping,scalar_indirect,1024,45,2233791,523776
4,all_overlapping,scalar_indirect,1024,46,2239584,523776
4,all_overlapping,scalar_indirect,1024,47,2237125,523776
4,all_overlapping,scalar_indirect,1024,48,2233292,523776
4,all_overlapping,scalar_indirect,1024,49,2233667,523776
4,all_overlapping,scalar_indirect,1024,50,2292459,523776
4,all_overlapping,scalar_indirect,1024,51,2283250,523776
4,all_overlapping,scalar_indirect,1024,52,2070458,523776
4,all_overlapping,scalar_indirect,1024,53,2104792,523776
4,all_overlapping,scalar_indirect,1024,54,2203875,523776
4,all_overlapping,scalar_indirect,1024,55,2065125,523776
4,all_overlapping,scalar_indirect,1024,56,2035708,523776
4,all_overlapping,scalar_indirect,1024,57,2029292,523776
4,all_overlapping,scalar_indirect,1024,58,2020833,523776
4,all_overlapping,scalar_indirect,1024,59,2020167,523776
4,all_overlapping,scalar_indirect,1024,60,2041834,523776
4,all_overlapping,scalar_indirect,1024,61,2042375,523776
4,all_overlapping,scalar_indirect,1024,62,2032541,523776
4,all_overlapping,scalar_indirect,1024,63,2023125,523776
4,all_overlapping,scalar_indirect,1024,64,2070125,523776
4,all_overlapping,scalar_indirect,1024,65,2072750,523776
4,all_overlapping,scalar_indirect,1024,66,2025000,523776
4,all_overlapping,scalar_indirect,1024,67,2022875,523776
4,all_overlapping,scalar_indirect,1024,68,2028792,523776
4,all_overlapping,scalar_indirect,1024,69,2029375,523776
4,all_overlapping,scalar_indirect,1024,70,2022875,523776
4,all_overlapping,scalar_indirect,1024,71,2030958,523776
4,all_overlapping,scalar_indirect,1024,72,2029042,523776
4,all_overlapping,scalar_indirect,1024,73,2021792,523776
4,all_overlapping,scalar_indirect,1024,74,2022875,523776
4,all_overlapping,scalar_indirect,1024,75,2018667,523776
4,all_overlapping,scalar_indirect,1024,76,2018625,523776
4,all_overlapping,scalar_indirect,1024,77,2028834,523776
4,all_overlapping,scalar_indirect,1024,78,2036666,523776
4,all_overlapping,scalar_indirect,1024,79,2027750,523776
4,all_overlapping,scalar_indirect,1024,80,2019750,523776
4,all_overlapping,scalar_indirect,1024,81,2020667,523776
4,all_overlapping,scalar_indirect,1024,82,2022208,523776
4,all_overlapping,scalar_indirect,1024,83,2018750,523776
4,all_overlapping,scalar_indirect,1024,84,2022208,523776
4,all_overlapping,scalar_indirect,1024,85,2021292,523776
4,all_overlapping,scalar_indirect,1024,86,2022041,523776
4,all_overlapping,scalar_indirect,1024,87,2024000,523776
4,all_overlapping,scalar_indirect,1024,88,2023792,523776
4,all_overlapping,scalar_indirect,1024,89,2022333,523776
4,all_overlapping,scalar_indirect,1024,90,2021083,523776
4,all_overlapping,scalar_indirect,1024,91,2018166,523776
4,all_overlapping,scalar_indirect,1024,92,2018667,523776
4,all_overlapping,scalar_indirect,1024,93,2016541,523776
4,all_overlapping,scalar_indirect,1024,94,2025709,523776
4,all_overlapping,scalar_indirect,1024,95,2025334,523776
4,all_overlapping,scalar_indirect,1024,96,2026541,523776
4,all_overlapping,scalar_indirect,1024,97,2019375,523776
4,all_overlapping,scalar_indirect,1024,98,2019167,523776
4,all_overlapping,scalar_indirect,1024,99,2019500,523776
4,all_overlapping,scalar_indirect,1024,100,2021750,523776
4,all_overlapping,scalar_indirect,1024,101,2020584,523776
4,all_overlapping,scalar_indirect,1024,102,2022500,523776
4,all_overlapping,scalar_indirect,1024,103,2020625,523776
4,all_overlapping,scalar_indirect,1024,104,2028250,523776
4,all_overlapping,scalar_indirect,1024,105,2017000,523776
4,all_overlapping,scalar_indirect,1024,106,2024084,523776
4,all_overlapping,scalar_indirect,1024,107,2021541,523776
4,all_overlapping,scalar_indirect,1024,108,2018375,523776
4,all_overlapping,scalar_indirect,1024,109,2021041,523776
4,all_overlapping,scalar_indirect,1024,110,2017375,523776
4,all_overlapping,scalar_indirect,1024,111,2025125,523776
4,all_overlapping,scalar_indirect,1024,112,2021500,523776
4,all_overlapping,scalar_indirect,1024,113,2026333,523776
4,all_overlapping,scalar_indirect,1024,114,2023458,523776
4,all_overlapping,scalar_indirect,1024,115,2043583,523776
4,all_overlapping,scalar_indirect,1024,116,2018334,523776
4,all_overlapping,scalar_indirect,1024,117,2019833,523776
4,all_overlapping,scalar_indirect,1024,118,2020208,523776
4,all_overlapping,scalar_indirect,1024,119,2025292,523776
4,all_overlapping,scalar_indirect,1024,120,2023250,523776
4,all_overlapping,scalar_indirect,1024,121,2024708,523776
4,all_overlapping,scalar_indirect,1024,122,2018041,523776
4,all_overlapping,scalar_indirect,1024,123,2018292,523776
4,all_overlapping,scalar_indirect,1024,124,2020708,523776
4,all_overlapping,scalar_indirect,1024,125,2018667,523776
4,all_overlapping,scalar_indirect,1024,126,2019208,523776
4,all_overlapping,scalar_indirect,1024,127,2021042,523776
4,all_overlapping,scalar_indirect,1024,128,2021958,523776
4,all_overlapping,scalar_indirect,1024,129,2019583,523776
4,all_overlapping,scalar_indirect,1024,130,2023042,523776
4,all_overlapping,scalar_indirect,1024,131,2019167,523776
4,all_overlapping,scalar_indirect,1024,132,2018125,523776
4,all_overlapping,scalar_indirect,1024,133,2028792,523776
4,all_overlapping,scalar_indirect,1024,134,2027375,523776
4,all_overlapping,scalar_indirect,1024,135,2018416,523776
4,all_overlapping,scalar_indirect,1024,136,2022750,523776
4,all_overlapping,scalar_indirect,1024,137,2035875,523776
4,all_overlapping,scalar_indirect,1024,138,2019083,523776
4,all_overlapping,scalar_indirect,1024,139,2021166,523776
4,all_overlapping,scalar_indirect,1024,140,2020584,523776
4,all_overlapping,scalar_indirect,1024,141,2025834,523776
4,all_overlapping,scalar_indirect,1024,142,2019125,523776
4,all_overlapping,scalar_indirect,1024,143,2017833,523776
4,all_overlapping,scalar_indirect,1024,144,2022833,523776
4,all_overlapping,scalar_indirect,1024,145,2023583,523776
4,all_overlapping,scalar_indirect,1024,146,2029708,523776
4,all_overlapping,scalar_indirect,1024,147,2021250,523776
4,all_overlapping,scalar_indirect,1024,148,2024042,523776
4,all_overlapping,scalar_indirect,1024,149,2018250,523776
4,all_overlapping,scalar_indirect,1024,150,2021292,523776
4,all_overlapping,scalar_indirect,1024,151,2020917,523776
4,all_overlapping,scalar_indirect,1024,152,2021416,523776
4,all_overlapping,scalar_indirect,1024,153,2021750,523776
4,all_overlapping,scalar_indirect,1024,154,2024625,523776
4,all_overlapping,scalar_indirect,1024,155,2017417,523776
4,all_overlapping,scalar_indirect,1024,156,2019083,523776
4,all_overlapping,scalar_indirect,1024,157,2019375,523776
4,all_overlapping,scalar_indirect,1024,158,2021584,523776
4,all_overlapping,scalar_indirect,1024,159,2019334,523776
4,all_overlapping,scalar_indirect,1024,160,2021333,523776
4,all_overlapping,scalar_indirect,1024,161,2017375,523776
4,all_overlapping,scalar_indirect,1024,162,2021000,523776
4,all_overlapping,scalar_indirect,1024,163,2024333,523776
4,all_overlapping,scalar_indirect,1024,164,2021875,523776
4,all_overlapping,scalar_indirect,1024,165,2056375,523776
4,all_overlapping,scalar_indirect,1024,166,2020083,523776
4,all_overlapping,scalar_indirect,1024,167,2017875,523776
4,all_overlapping,scalar_indirect,1024,168,2021666,523776
4,all_overlapping,scalar_indirect,1024,169,2026625,523776
4,all_overlapping,scalar_indirect,1024,170,2021083,523776
4,all_overlapping,scalar_indirect,1024,171,2023292,523776
4,all_overlapping,scalar_indirect,1024,172,2021000,523776
4,all_overlapping,scalar_indirect,1024,173,2020791,523776
4,all_overlapping,scalar_indirect,1024,174,2016542,523776
4,all_overlapping,scalar_indirect,1024,175,2018459,523776
4,all_overlapping,scalar_indirect,1024,176,2025541,523776
4,all_overlapping,scalar_indirect,1024,177,2032500,523776
4,all_overlapping,scalar_indirect,1024,178,2024708,523776
4,all_overlapping,scalar_indirect,1024,179,2026833,523776
4,all_overlapping,scalar_indirect,1024,180,2017958,523776
4,all_overlapping,scalar_indirect,1024,181,2018875,523776
4,all_overlapping,scalar_indirect,1024,182,2017792,523776
4,all_overlapping,scalar_indirect,1024,183,2020167,523776
4,all_overlapping,scalar_indirect,1024,184,2018458,523776
4,all_overlapping,scalar_indirect,1024,185,2018500,523776
4,all_overlapping,scalar_indirect,1024,186,2015791,523776
4,all_overlapping,scalar_indirect,1024,187,2029250,523776
4,all_overlapping,scalar_indirect,1024,188,2023542,523776
4,all_overlapping,scalar_indirect,1024,189,2019041,523776
4,all_overlapping,scalar_indirect,1024,190,2015917,523776
4,all_overlapping,scalar_indirect,1024,191,2016708,523776
4,all_overlapping,scalar_indirect,1024,192,2018125,523776
4,all_overlapping,scalar_indirect,1024,193,2018375,523776
4,all_overlapping,scalar_indirect,1024,194,2015750,523776
4,all_overlapping,scalar_indirect,1024,195,2030166,523776
4,all_overlapping,scalar_indirect,1024,196,2020958,523776
4,all_overlapping,scalar_indirect,1024,197,2017750,523776
4,all_overlapping,scalar_indirect,1024,198,2018167,523776
4,all_overlapping,scalar_indirect,1024,199,2018000,523776
4,all_overlapping,scalar_indirect,1024,200,2014958,523776
4,all_overlapping,scalar_indirect,1024,201,2018291,523776
4,all_overlapping,scalar_indirect,1024,202,2018542,523776
4,all_overlapping,scalar_indirect,1024,203,2022125,523776
4,all_overlapping,scalar_indirect,1024,204,2017709,523776
4,all_overlapping,scalar_indirect,1024,205,2020209,523776
4,all_overlapping,scalar_indirect,1024,206,2016166,523776
4,all_overlapping,scalar_indirect,1024,207,2016584,523776
4,all_overlapping,scalar_indirect,1024,208,2019834,523776
4,all_overlapping,scalar_indirect,1024,209,2019500,523776
4,all_overlapping,scalar_indirect,1024,210,2020541,523776
4,all_overlapping,scalar_indirect,1024,211,2022500,523776
4,all_overlapping,scalar_indirect,1024,212,2017000,523776
4,all_overlapping,scalar_indirect,1024,213,2022292,523776
4,all_overlapping,scalar_indirect,1024,214,2019458,523776
4,all_overlapping,scalar_indirect,1024,215,2056000,523776
4,all_overlapping,scalar_indirect,1024,216,2018875,523776
4,all_overlapping,scalar_indirect,1024,217,2017625,523776
4,all_overlapping,scalar_indirect,1024,218,2021709,523776
4,all_overlapping,scalar_indirect,1024,219,2024041,523776
4,all_overlapping,scalar_indirect,1024,220,2020084,523776
4,all_overlapping,scalar_indirect,1024,221,2023500,523776
4,all_overlapping,scalar_indirect,1024,222,2019625,523776
4,all_overlapping,scalar_indirect,1024,223,2225542,523776
4,all_overlapping,scalar_indirect,1024,224,2222791,523776
4,all_overlapping,scalar_indirect,1024,225,2228292,523776
4,all_overlapping,scalar_indirect,1024,226,2244375,523776
4,all_overlapping,scalar_indirect,1024,227,2230541,523776
4,all_overlapping,scalar_indirect,1024,228,2274167,523776
4,all_overlapping,scalar_indirect,1024,229,2238292,523776
4,all_overlapping,scalar_indirect,1024,230,2227166,523776
4,all_overlapping,scalar_indirect,1024,231,2234667,523776
4,all_overlapping,scalar_indirect,1024,232,2228208,523776
4,all_overlapping,scalar_indirect,1024,233,2230959,523776
4,all_overlapping,scalar_indirect,1024,234,2231084,523776
4,all_overlapping,scalar_indirect,1024,235,2228500,523776
4,all_overlapping,scalar_indirect,1024,236,2234125,523776
4,all_overlapping,scalar_indirect,1024,237,2226625,523776
4,all_overlapping,scalar_indirect,1024,238,2226625,523776
4,all_overlapping,scalar_indirect,1024,239,2229666,523776
4,all_overlapping,scalar_indirect,1024,240,2236125,523776
4,all_overlapping,scalar_indirect,1024,241,2227958,523776
4,all_overlapping,scalar_indirect,1024,242,2226417,523776
4,all_overlapping,scalar_indirect,1024,243,2234667,523776
4,all_overlapping,scalar_indirect,1024,244,2230917,523776
4,all_overlapping,scalar_indirect,1024,245,2227750,523776
4,all_overlapping,scalar_indirect,1024,246,2227333,523776
4,all_overlapping,scalar_indirect,1024,247,2224542,523776
4,all_overlapping,scalar_indirect,1024,248,2225875,523776
4,all_overlapping,scalar_indirect,1024,249,2241917,523776
4,all_overlapping,scalar_indirect,1024,250,2227417,523776
4,all_overlapping,scalar_indirect,1024,251,2237750,523776
4,all_overlapping,scalar_indirect,1024,252,2230375,523776
4,all_overlapping,scalar_indirect,1024,253,2225709,523776
4,all_overlapping,scalar_indirect,1024,254,2228000,523776
4,all_overlapping,scalar_indirect,1024,255,2226291,523776
4,all_overlapping,scalar_indirect,1024,256,2228417,523776
4,all_overlapping,scalar_indirect,1024,257,2227917,523776
4,all_overlapping,scalar_indirect,1024,258,2231958,523776
4,all_overlapping,scalar_indirect,1024,259,2231750,523776
4,all_overlapping,scalar_indirect,1024,260,2231209,523776
4,all_overlapping,scalar_indirect,1024,261,2249917,523776
4,all_overlapping,scalar_indirect,1024,262,2228625,523776
4,all_overlapping,scalar_indirect,1024,263,2230375,523776
4,all_overlapping,scalar_indirect,1024,264,2225041,523776
4,all_overlapping,scalar_indirect,1024,265,2222833,523776
4,all_overlapping,scalar_indirect,1024,266,2226125,523776
4,all_overlapping,scalar_indirect,1024,267,2231625,523776
4,all_overlapping,scalar_indirect,1024,268,2228125,523776
4,all_overlapping,scalar_indirect,1024,269,2224667,523776
4,all_overlapping,scalar_indirect,1024,270,2227709,523776
4,all_overlapping,scalar_indirect,1024,271,2225125,523776
4,all_overlapping,scalar_indirect,1024,272,2260166,523776
4,all_overlapping,scalar_indirect,1024,273,2263834,523776
4,all_overlapping,scalar_indirect,1024,274,2249750,523776
4,all_overlapping,scalar_indirect,1024,275,2226959,523776
4,all_overlapping,scalar_indirect,1024,276,2227584,523776
4,all_overlapping,scalar_indirect,1024,277,2223625,523776
4,all_overlapping,scalar_indirect,1024,278,2231000,523776
4,all_overlapping,scalar_indirect,1024,279,2230875,523776
4,all_overlapping,scalar_indirect,1024,280,2230084,523776
4,all_overlapping,scalar_indirect,1024,281,2227209,523776
4,all_overlapping,scalar_indirect,1024,282,2231125,523776
4,all_overlapping,scalar_indirect,1024,283,2224083,523776
4,all_overlapping,scalar_indirect,1024,284,2226250,523776
4,all_overlapping,scalar_indirect,1024,285,2235792,523776
4,all_overlapping,scalar_indirect,1024,286,2228833,523776
4,all_overlapping,scalar_indirect,1024,287,2229000,523776
4,all_overlapping,scalar_indirect,1024,288,2225791,523776
4,all_overlapping,scalar_indirect,1024,289,2225625,523776
4,all_overlapping,scalar_indirect,1024,290,2233750,523776
4,all_overlapping,scalar_indirect,1024,291,2226458,523776
4,all_overlapping,scalar_indirect,1024,292,2225500,523776
4,all_overlapping,scalar_indirect,1024,293,2226750,523776
4,all_overlapping,scalar_indirect,1024,294,2233667,523776
4,all_overlapping,scalar_indirect,1024,295,2226875,523776
4,all_overlapping,scalar_indirect,1024,296,2228500,523776
4,all_overlapping,scalar_indirect,1024,297,2230333,523776
4,all_overlapping,scalar_indirect,1024,298,2226417,523776
4,all_overlapping,scalar_indirect,1024,299,2224458,523776
4,all_overlapping,scalar_packed,1024,0,2276167,523776
4,all_overlapping,scalar_packed,1024,1,2266500,523776
4,all_overlapping,scalar_packed,1024,2,2252083,523776
4,all_overlapping,scalar_packed,1024,3,2246709,523776
4,all_overlapping,scalar_packed,1024,4,2252375,523776
4,all_overlapping,scalar_packed,1024,5,2254583,523776
4,all_overlapping,scalar_packed,1024,6,2254625,523776
4,all_overlapping,scalar_packed,1024,7,2258959,523776
4,all_overlapping,scalar_packed,1024,8,2244208,523776
4,all_overlapping,scalar_packed,1024,9,2270208,523776
4,all_overlapping,scalar_packed,1024,10,2269917,523776
4,all_overlapping,scalar_packed,1024,11,2266166,523776
4,all_overlapping,scalar_packed,1024,12,2258417,523776
4,all_overlapping,scalar_packed,1024,13,2256875,523776
4,all_overlapping,scalar_packed,1024,14,2251125,523776
4,all_overlapping,scalar_packed,1024,15,2248667,523776
4,all_overlapping,scalar_packed,1024,16,2273083,523776
4,all_overlapping,scalar_packed,1024,17,2288792,523776
4,all_overlapping,scalar_packed,1024,18,2276292,523776
4,all_overlapping,scalar_packed,1024,19,2286292,523776
4,all_overlapping,scalar_packed,1024,20,2277250,523776
4,all_overlapping,scalar_packed,1024,21,2299750,523776
4,all_overlapping,scalar_packed,1024,22,2282417,523776
4,all_overlapping,scalar_packed,1024,23,2301625,523776
4,all_overlapping,scalar_packed,1024,24,2291875,523776
4,all_overlapping,scalar_packed,1024,25,2289708,523776
4,all_overlapping,scalar_packed,1024,26,2292958,523776
4,all_overlapping,scalar_packed,1024,27,2291167,523776
4,all_overlapping,scalar_packed,1024,28,2276542,523776
4,all_overlapping,scalar_packed,1024,29,2286416,523776
4,all_overlapping,scalar_packed,1024,30,2262875,523776
4,all_overlapping,scalar_packed,1024,31,2272541,523776
4,all_overlapping,scalar_packed,1024,32,2255583,523776
4,all_overlapping,scalar_packed,1024,33,2261125,523776
4,all_overlapping,scalar_packed,1024,34,2264625,523776
4,all_overlapping,scalar_packed,1024,35,2242833,523776
4,all_overlapping,scalar_packed,1024,36,2259833,523776
4,all_overlapping,scalar_packed,1024,37,2259209,523776
4,all_overlapping,scalar_packed,1024,38,2251500,523776
4,all_overlapping,scalar_packed,1024,39,2259875,523776
4,all_overlapping,scalar_packed,1024,40,2261834,523776
4,all_overlapping,scalar_packed,1024,41,2252542,523776
4,all_overlapping,scalar_packed,1024,42,2239208,523776
4,all_overlapping,scalar_packed,1024,43,2254417,523776
4,all_overlapping,scalar_packed,1024,44,2267041,523776
4,all_overlapping,scalar_packed,1024,45,2300250,523776
4,all_overlapping,scalar_packed,1024,46,2254542,523776
4,all_overlapping,scalar_packed,1024,47,2253958,523776
4,all_overlapping,scalar_packed,1024,48,2271375,523776
4,all_overlapping,scalar_packed,1024,49,2266875,523776
4,all_overlapping,scalar_packed,1024,50,2298458,523776
4,all_overlapping,scalar_packed,1024,51,2285334,523776
4,all_overlapping,scalar_packed,1024,52,2287459,523776
4,all_overlapping,scalar_packed,1024,53,2278833,523776
4,all_overlapping,scalar_packed,1024,54,2248291,523776
4,all_overlapping,scalar_packed,1024,55,2284542,523776
4,all_overlapping,scalar_packed,1024,56,2307666,523776
4,all_overlapping,scalar_packed,1024,57,2288792,523776
4,all_overlapping,scalar_packed,1024,58,2279583,523776
4,all_overlapping,scalar_packed,1024,59,2287125,523776
4,all_overlapping,scalar_packed,1024,60,2285958,523776
4,all_overlapping,scalar_packed,1024,61,2295583,523776
4,all_overlapping,scalar_packed,1024,62,2296917,523776
4,all_overlapping,scalar_packed,1024,63,2252833,523776
4,all_overlapping,scalar_packed,1024,64,2250583,523776
4,all_overlapping,scalar_packed,1024,65,2254792,523776
4,all_overlapping,scalar_packed,1024,66,2257542,523776
4,all_overlapping,scalar_packed,1024,67,2292125,523776
4,all_overlapping,scalar_packed,1024,68,2259458,523776
4,all_overlapping,scalar_packed,1024,69,2245292,523776
4,all_overlapping,scalar_packed,1024,70,2248917,523776
4,all_overlapping,scalar_packed,1024,71,2253958,523776
4,all_overlapping,scalar_packed,1024,72,2254250,523776
4,all_overlapping,scalar_packed,1024,73,2257834,523776
4,all_overlapping,scalar_packed,1024,74,2259708,523776
4,all_overlapping,scalar_packed,1024,75,2259833,523776
4,all_overlapping,scalar_packed,1024,76,2259042,523776
4,all_overlapping,scalar_packed,1024,77,2256958,523776
4,all_overlapping,scalar_packed,1024,78,2267625,523776
4,all_overlapping,scalar_packed,1024,79,2264833,523776
4,all_overlapping,scalar_packed,1024,80,2246958,523776
4,all_overlapping,scalar_packed,1024,81,2247666,523776
4,all_overlapping,scalar_packed,1024,82,2293167,523776
4,all_overlapping,scalar_packed,1024,83,2249416,523776
4,all_overlapping,scalar_packed,1024,84,2256292,523776
4,all_overlapping,scalar_packed,1024,85,2248875,523776
4,all_overlapping,scalar_packed,1024,86,2274958,523776
4,all_overlapping,scalar_packed,1024,87,2284292,523776
4,all_overlapping,scalar_packed,1024,88,2282375,523776
4,all_overlapping,scalar_packed,1024,89,2284041,523776
4,all_overlapping,scalar_packed,1024,90,2274959,523776
4,all_overlapping,scalar_packed,1024,91,2263791,523776
4,all_overlapping,scalar_packed,1024,92,2282542,523776
4,all_overlapping,scalar_packed,1024,93,2307458,523776
4,all_overlapping,scalar_packed,1024,94,2277417,523776
4,all_overlapping,scalar_packed,1024,95,2288542,523776
4,all_overlapping,scalar_packed,1024,96,2284500,523776
4,all_overlapping,scalar_packed,1024,97,2296209,523776
4,all_overlapping,scalar_packed,1024,98,2291917,523776
4,all_overlapping,scalar_packed,1024,99,2254333,523776
4,all_overlapping,scalar_packed,1024,100,2262542,523776
4,all_overlapping,scalar_packed,1024,101,2254250,523776
4,all_overlapping,scalar_packed,1024,102,2259667,523776
4,all_overlapping,scalar_packed,1024,103,2252416,523776
4,all_overlapping,scalar_packed,1024,104,2285833,523776
4,all_overlapping,scalar_packed,1024,105,2255250,523776
4,all_overlapping,scalar_packed,1024,106,2261083,523776
4,all_overlapping,scalar_packed,1024,107,2246750,523776
4,all_overlapping,scalar_packed,1024,108,2255917,523776
4,all_overlapping,scalar_packed,1024,109,2248667,523776
4,all_overlapping,scalar_packed,1024,110,2247583,523776
4,all_overlapping,scalar_packed,1024,111,2259667,523776
4,all_overlapping,scalar_packed,1024,112,2271875,523776
4,all_overlapping,scalar_packed,1024,113,2260084,523776
4,all_overlapping,scalar_packed,1024,114,2249584,523776
4,all_overlapping,scalar_packed,1024,115,2255458,523776
4,all_overlapping,scalar_packed,1024,116,2250083,523776
4,all_overlapping,scalar_packed,1024,117,2248709,523776
4,all_overlapping,scalar_packed,1024,118,2260334,523776
4,all_overlapping,scalar_packed,1024,119,2283250,523776
4,all_overlapping,scalar_packed,1024,120,2253709,523776
4,all_overlapping,scalar_packed,1024,121,2245791,523776
4,all_overlapping,scalar_packed,1024,122,2240625,523776
4,all_overlapping,scalar_packed,1024,123,2255083,523776
4,all_overlapping,scalar_packed,1024,124,2249375,523776
4,all_overlapping,scalar_packed,1024,125,2246958,523776
4,all_overlapping,scalar_packed,1024,126,2300375,523776
4,all_overlapping,scalar_packed,1024,127,2249500,523776
4,all_overlapping,scalar_packed,1024,128,2257333,523776
4,all_overlapping,scalar_packed,1024,129,2268125,523776
4,all_overlapping,scalar_packed,1024,130,2263167,523776
4,all_overlapping,scalar_packed,1024,131,2250542,523776
4,all_overlapping,scalar_packed,1024,132,2234833,523776
4,all_overlapping,scalar_packed,1024,133,2252417,523776
4,all_overlapping,scalar_packed,1024,134,2298875,523776
4,all_overlapping,scalar_packed,1024,135,2239292,523776
4,all_overlapping,scalar_packed,1024,136,2260708,523776
4,all_overlapping,scalar_packed,1024,137,2246500,523776
4,all_overlapping,scalar_packed,1024,138,2260792,523776
4,all_overlapping,scalar_packed,1024,139,2244750,523776
4,all_overlapping,scalar_packed,1024,140,2258167,523776
4,all_overlapping,scalar_packed,1024,141,2268833,523776
4,all_overlapping,scalar_packed,1024,142,2247542,523776
4,all_overlapping,scalar_packed,1024,143,2257500,523776
4,all_overlapping,scalar_packed,1024,144,2255666,523776
4,all_overlapping,scalar_packed,1024,145,2250750,523776
4,all_overlapping,scalar_packed,1024,146,2244750,523776
4,all_overlapping,scalar_packed,1024,147,2243625,523776
4,all_overlapping,scalar_packed,1024,148,2274417,523776
4,all_overlapping,scalar_packed,1024,149,2250333,523776
4,all_overlapping,scalar_packed,1024,150,2247083,523776
4,all_overlapping,scalar_packed,1024,151,2248625,523776
4,all_overlapping,scalar_packed,1024,152,2243167,523776
4,all_overlapping,scalar_packed,1024,153,2250500,523776
4,all_overlapping,scalar_packed,1024,154,2244125,523776
4,all_overlapping,scalar_packed,1024,155,2249875,523776
4,all_overlapping,scalar_packed,1024,156,2266500,523776
4,all_overlapping,scalar_packed,1024,157,2240208,523776
4,all_overlapping,scalar_packed,1024,158,2248417,523776
4,all_overlapping,scalar_packed,1024,159,2261875,523776
4,all_overlapping,scalar_packed,1024,160,2250417,523776
4,all_overlapping,scalar_packed,1024,161,2239917,523776
4,all_overlapping,scalar_packed,1024,162,2242166,523776
4,all_overlapping,scalar_packed,1024,163,2272584,523776
4,all_overlapping,scalar_packed,1024,164,2245000,523776
4,all_overlapping,scalar_packed,1024,165,2246875,523776
4,all_overlapping,scalar_packed,1024,166,2251334,523776
4,all_overlapping,scalar_packed,1024,167,2250334,523776
4,all_overlapping,scalar_packed,1024,168,2246625,523776
4,all_overlapping,scalar_packed,1024,169,2238916,523776
4,all_overlapping,scalar_packed,1024,170,2242417,523776
4,all_overlapping,scalar_packed,1024,171,2263459,523776
4,all_overlapping,scalar_packed,1024,172,2249333,523776
4,all_overlapping,scalar_packed,1024,173,2255958,523776
4,all_overlapping,scalar_packed,1024,174,2247375,523776
4,all_overlapping,scalar_packed,1024,175,2246333,523776
4,all_overlapping,scalar_packed,1024,176,2236208,523776
4,all_overlapping,scalar_packed,1024,177,2245917,523776
4,all_overlapping,scalar_packed,1024,178,2255041,523776
4,all_overlapping,scalar_packed,1024,179,2304333,523776
4,all_overlapping,scalar_packed,1024,180,2240125,523776
4,all_overlapping,scalar_packed,1024,181,2252833,523776
4,all_overlapping,scalar_packed,1024,182,2234875,523776
4,all_overlapping,scalar_packed,1024,183,2249542,523776
4,all_overlapping,scalar_packed,1024,184,2248875,523776
4,all_overlapping,scalar_packed,1024,185,2242125,523776
4,all_overlapping,scalar_packed,1024,186,2271000,523776
4,all_overlapping,scalar_packed,1024,187,2241833,523776
4,all_overlapping,scalar_packed,1024,188,2257375,523776
4,all_overlapping,scalar_packed,1024,189,2269958,523776
4,all_overlapping,scalar_packed,1024,190,2248542,523776
4,all_overlapping,scalar_packed,1024,191,2262500,523776
4,all_overlapping,scalar_packed,1024,192,2247541,523776
4,all_overlapping,scalar_packed,1024,193,2248083,523776
4,all_overlapping,scalar_packed,1024,194,2269375,523776
4,all_overlapping,scalar_packed,1024,195,2259875,523776
4,all_overlapping,scalar_packed,1024,196,2292334,523776
4,all_overlapping,scalar_packed,1024,197,2292875,523776
4,all_overlapping,scalar_packed,1024,198,2302750,523776
4,all_overlapping,scalar_packed,1024,199,2272291,523776
4,all_overlapping,scalar_packed,1024,200,2269875,523776
4,all_overlapping,scalar_packed,1024,201,2280458,523776
4,all_overlapping,scalar_packed,1024,202,2282250,523776
4,all_overlapping,scalar_packed,1024,203,2290250,523776
4,all_overlapping,scalar_packed,1024,204,2273417,523776
4,all_overlapping,scalar_packed,1024,205,2254166,523776
4,all_overlapping,scalar_packed,1024,206,2243042,523776
4,all_overlapping,scalar_packed,1024,207,2254708,523776
4,all_overlapping,scalar_packed,1024,208,2252584,523776
4,all_overlapping,scalar_packed,1024,209,2257375,523776
4,all_overlapping,scalar_packed,1024,210,2250500,523776
4,all_overlapping,scalar_packed,1024,211,2247000,523776
4,all_overlapping,scalar_packed,1024,212,2251916,523776
4,all_overlapping,scalar_packed,1024,213,2238167,523776
4,all_overlapping,scalar_packed,1024,214,2246583,523776
4,all_overlapping,scalar_packed,1024,215,2283375,523776
4,all_overlapping,scalar_packed,1024,216,2249833,523776
4,all_overlapping,scalar_packed,1024,217,2245916,523776
4,all_overlapping,scalar_packed,1024,218,2238708,523776
4,all_overlapping,scalar_packed,1024,219,2250959,523776
4,all_overlapping,scalar_packed,1024,220,2255459,523776
4,all_overlapping,scalar_packed,1024,221,2248916,523776
4,all_overlapping,scalar_packed,1024,222,2253250,523776
4,all_overlapping,scalar_packed,1024,223,2252709,523776
4,all_overlapping,scalar_packed,1024,224,2289875,523776
4,all_overlapping,scalar_packed,1024,225,2274625,523776
4,all_overlapping,scalar_packed,1024,226,2272625,523776
4,all_overlapping,scalar_packed,1024,227,2264000,523776
4,all_overlapping,scalar_packed,1024,228,2290875,523776
4,all_overlapping,scalar_packed,1024,229,2263459,523776
4,all_overlapping,scalar_packed,1024,230,2291708,523776
4,all_overlapping,scalar_packed,1024,231,2274542,523776
4,all_overlapping,scalar_packed,1024,232,2265625,523776
4,all_overlapping,scalar_packed,1024,233,2277333,523776
4,all_overlapping,scalar_packed,1024,234,2295375,523776
4,all_overlapping,scalar_packed,1024,235,2300375,523776
4,all_overlapping,scalar_packed,1024,236,2305292,523776
4,all_overlapping,scalar_packed,1024,237,2288208,523776
4,all_overlapping,scalar_packed,1024,238,2288792,523776
4,all_overlapping,scalar_packed,1024,239,2276333,523776
4,all_overlapping,scalar_packed,1024,240,2272917,523776
4,all_overlapping,scalar_packed,1024,241,2262167,523776
4,all_overlapping,scalar_packed,1024,242,2260833,523776
4,all_overlapping,scalar_packed,1024,243,2241042,523776
4,all_overlapping,scalar_packed,1024,244,2258791,523776
4,all_overlapping,scalar_packed,1024,245,2256667,523776
4,all_overlapping,scalar_packed,1024,246,2275625,523776
4,all_overlapping,scalar_packed,1024,247,2244667,523776
4,all_overlapping,scalar_packed,1024,248,2240000,523776
4,all_overlapping,scalar_packed,1024,249,2244625,523776
4,all_overlapping,scalar_packed,1024,250,2245750,523776
4,all_overlapping,scalar_packed,1024,251,2240958,523776
4,all_overlapping,scalar_packed,1024,252,2252041,523776
4,all_overlapping,scalar_packed,1024,253,2273042,523776
4,all_overlapping,scalar_packed,1024,254,2236208,523776
4,all_overlapping,scalar_packed,1024,255,2247667,523776
4,all_overlapping,scalar_packed,1024,256,2242083,523776
4,all_overlapping,scalar_packed,1024,257,2234500,523776
4,all_overlapping,scalar_packed,1024,258,2241625,523776
4,all_overlapping,scalar_packed,1024,259,2251416,523776
4,all_overlapping,scalar_packed,1024,260,2243709,523776
4,all_overlapping,scalar_packed,1024,261,2260875,523776
4,all_overlapping,scalar_packed,1024,262,2245458,523776
4,all_overlapping,scalar_packed,1024,263,2254042,523776
4,all_overlapping,scalar_packed,1024,264,2246000,523776
4,all_overlapping,scalar_packed,1024,265,2235916,523776
4,all_overlapping,scalar_packed,1024,266,2257042,523776
4,all_overlapping,scalar_packed,1024,267,2265916,523776
4,all_overlapping,scalar_packed,1024,268,2284625,523776
4,all_overlapping,scalar_packed,1024,269,2241792,523776
4,all_overlapping,scalar_packed,1024,270,2236917,523776
4,all_overlapping,scalar_packed,1024,271,2246375,523776
4,all_overlapping,scalar_packed,1024,272,2234916,523776
4,all_overlapping,scalar_packed,1024,273,2242542,523776
4,all_overlapping,scalar_packed,1024,274,2245792,523776
4,all_overlapping,scalar_packed,1024,275,2239333,523776
4,all_overlapping,scalar_packed,1024,276,2250708,523776
4,all_overlapping,scalar_packed,1024,277,2250834,523776
4,all_overlapping,scalar_packed,1024,278,2248958,523776
4,all_overlapping,scalar_packed,1024,279,2234583,523776
4,all_overlapping,scalar_packed,1024,280,2254292,523776
4,all_overlapping,scalar_packed,1024,281,2262333,523776
4,all_overlapping,scalar_packed,1024,282,2277792,523776
4,all_overlapping,scalar_packed,1024,283,2273708,523776
4,all_overlapping,scalar_packed,1024,284,2277042,523776
4,all_overlapping,scalar_packed,1024,285,2263750,523776
4,all_overlapping,scalar_packed,1024,286,2284500,523776
4,all_overlapping,scalar_packed,1024,287,2289875,523776
4,all_overlapping,scalar_packed,1024,288,2270917,523776
4,all_overlapping,scalar_packed,1024,289,2284334,523776
4,all_overlapping,scalar_packed,1024,290,2262541,523776
4,all_overlapping,scalar_packed,1024,291,2279584,523776
4,all_overlapping,scalar_packed,1024,292,2283541,523776
4,all_overlapping,scalar_packed,1024,293,2266334,523776
4,all_overlapping,scalar_packed,1024,294,2240583,523776
4,all_overlapping,scalar_packed,1024,295,2233458,523776
4,all_overlapping,scalar_packed,1024,296,2255500,523776
4,all_overlapping,scalar_packed,1024,297,2243917,523776
4,all_overlapping,scalar_packed,1024,298,2242000,523776
4,all_overlapping,scalar_packed,1024,299,2249958,523776
4,all_overlapping,simd,1024,0,1826750,523776
4,all_overlapping,simd,1024,1,1839750,523776
4,all_overlapping,simd,1024,2,1845584,523776
4,all_overlapping,simd,1024,3,1855291,523776
4,all_overlapping,simd,1024,4,1827542,523776
4,all_overlapping,simd,1024,5,1827625,523776
4,all_overlapping,simd,1024,6,1837083,523776
4,all_overlapping,simd,1024,7,1850291,523776
4,all_overlapping,simd,1024,8,1830792,523776
4,all_overlapping,simd,1024,9,1834541,523776
4,all_overlapping,simd,1024,10,1825125,523776
4,all_overlapping,simd,1024,11,1825208,523776
4,all_overlapping,simd,1024,12,1831625,523776
4,all_overlapping,simd,1024,13,1829709,523776
4,all_overlapping,simd,1024,14,1827958,523776
4,all_overlapping,simd,1024,15,1826833,523776
4,all_overlapping,simd,1024,16,1825750,523776
4,all_overlapping,simd,1024,17,1827541,523776
4,all_overlapping,simd,1024,18,1830208,523776
4,all_overlapping,simd,1024,19,1823959,523776
4,all_overlapping,simd,1024,20,1855125,523776
4,all_overlapping,simd,1024,21,1841375,523776
4,all_overlapping,simd,1024,22,1827542,523776
4,all_overlapping,simd,1024,23,1828083,523776
4,all_overlapping,simd,1024,24,1827833,523776
4,all_overlapping,simd,1024,25,1824500,523776
4,all_overlapping,simd,1024,26,1829250,523776
4,all_overlapping,simd,1024,27,1843041,523776
4,all_overlapping,simd,1024,28,1842875,523776
4,all_overlapping,simd,1024,29,1849084,523776
4,all_overlapping,simd,1024,30,1860791,523776
4,all_overlapping,simd,1024,31,1861459,523776
4,all_overlapping,simd,1024,32,1858666,523776
4,all_overlapping,simd,1024,33,1860584,523776
4,all_overlapping,simd,1024,34,1866542,523776
4,all_overlapping,simd,1024,35,1856417,523776
4,all_overlapping,simd,1024,36,1871708,523776
4,all_overlapping,simd,1024,37,1867458,523776
4,all_overlapping,simd,1024,38,1856708,523776
4,all_overlapping,simd,1024,39,1851875,523776
4,all_overlapping,simd,1024,40,1864125,523776
4,all_overlapping,simd,1024,41,1855250,523776
4,all_overlapping,simd,1024,42,1856000,523776
4,all_overlapping,simd,1024,43,1881250,523776
4,all_overlapping,simd,1024,44,1834625,523776
4,all_overlapping,simd,1024,45,1833125,523776
4,all_overlapping,simd,1024,46,1825625,523776
4,all_overlapping,simd,1024,47,1827291,523776
4,all_overlapping,simd,1024,48,1829834,523776
4,all_overlapping,simd,1024,49,1848541,523776
4,all_overlapping,simd,1024,50,1826375,523776
4,all_overlapping,simd,1024,51,1837042,523776
4,all_overlapping,simd,1024,52,1823583,523776
4,all_overlapping,simd,1024,53,1826375,523776
4,all_overlapping,simd,1024,54,1836625,523776
4,all_overlapping,simd,1024,55,1827708,523776
4,all_overlapping,simd,1024,56,1827917,523776
4,all_overlapping,simd,1024,57,1827459,523776
4,all_overlapping,simd,1024,58,1849959,523776
4,all_overlapping,simd,1024,59,1848500,523776
4,all_overlapping,simd,1024,60,1858500,523776
4,all_overlapping,simd,1024,61,1862041,523776
4,all_overlapping,simd,1024,62,1860958,523776
4,all_overlapping,simd,1024,63,1856375,523776
4,all_overlapping,simd,1024,64,1861083,523776
4,all_overlapping,simd,1024,65,1855042,523776
4,all_overlapping,simd,1024,66,1868833,523776
4,all_overlapping,simd,1024,67,1873708,523776
4,all_overlapping,simd,1024,68,1868083,523776
4,all_overlapping,simd,1024,69,1858959,523776
4,all_overlapping,simd,1024,70,1855917,523776
4,all_overlapping,simd,1024,71,1855083,523776
4,all_overlapping,simd,1024,72,1874625,523776
4,all_overlapping,simd,1024,73,1856875,523776
4,all_overlapping,simd,1024,74,1870167,523776
4,all_overlapping,simd,1024,75,1859791,523776
4,all_overlapping,simd,1024,76,1851167,523776
4,all_overlapping,simd,1024,77,1852500,523776
4,all_overlapping,simd,1024,78,1832542,523776
4,all_overlapping,simd,1024,79,1832209,523776
4,all_overlapping,simd,1024,80,1834917,523776
4,all_overlapping,simd,1024,81,1853542,523776
4,all_overlapping,simd,1024,82,1843375,523776
4,all_overlapping,simd,1024,83,1832250,523776
4,all_overlapping,simd,1024,84,1829292,523776
4,all_overlapping,simd,1024,85,1850458,523776
4,all_overlapping,simd,1024,86,1846000,523776
4,all_overlapping,simd,1024,87,1832750,523776
4,all_overlapping,simd,1024,88,1830792,523776
4,all_overlapping,simd,1024,89,1830041,523776
4,all_overlapping,simd,1024,90,1839750,523776
4,all_overlapping,simd,1024,91,1827000,523776
4,all_overlapping,simd,1024,92,1826375,523776
4,all_overlapping,simd,1024,93,1837833,523776
4,all_overlapping,simd,1024,94,1830417,523776
4,all_overlapping,simd,1024,95,1847917,523776
4,all_overlapping,simd,1024,96,1826083,523776
4,all_overlapping,simd,1024,97,1826667,523776
4,all_overlapping,simd,1024,98,1824958,523776
4,all_overlapping,simd,1024,99,1833084,523776
4,all_overlapping,simd,1024,100,1830167,523776
4,all_overlapping,simd,1024,101,1827291,523776
4,all_overlapping,simd,1024,102,1826833,523776
4,all_overlapping,simd,1024,103,1828459,523776
4,all_overlapping,simd,1024,104,1846250,523776
4,all_overlapping,simd,1024,105,1826084,523776
4,all_overlapping,simd,1024,106,1824834,523776
4,all_overlapping,simd,1024,107,1828000,523776
4,all_overlapping,simd,1024,108,1843125,523776
4,all_overlapping,simd,1024,109,1826500,523776
4,all_overlapping,simd,1024,110,1826083,523776
4,all_overlapping,simd,1024,111,1825334,523776
4,all_overlapping,simd,1024,112,1824000,523776
4,all_overlapping,simd,1024,113,1849209,523776
4,all_overlapping,simd,1024,114,1846250,523776
4,all_overlapping,simd,1024,115,1829583,523776
4,all_overlapping,simd,1024,116,1827375,523776
4,all_overlapping,simd,1024,117,1848417,523776
4,all_overlapping,simd,1024,118,1827500,523776
4,all_overlapping,simd,1024,119,1826000,523776
4,all_overlapping,simd,1024,120,1828417,523776
4,all_overlapping,simd,1024,121,1836875,523776
4,all_overlapping,simd,1024,122,1853000,523776
4,all_overlapping,simd,1024,123,1825584,523776
4,all_overlapping,simd,1024,124,1823500,523776
4,all_overlapping,simd,1024,125,1823958,523776
4,all_overlapping,simd,1024,126,1832417,523776
4,all_overlapping,simd,1024,127,1831500,523776
4,all_overlapping,simd,1024,128,1833000,523776
4,all_overlapping,simd,1024,129,1833000,523776
4,all_overlapping,simd,1024,130,1836584,523776
4,all_overlapping,simd,1024,131,1857542,523776
4,all_overlapping,simd,1024,132,1872417,523776
4,all_overlapping,simd,1024,133,1830041,523776
4,all_overlapping,simd,1024,134,1832583,523776
4,all_overlapping,simd,1024,135,1850625,523776
4,all_overlapping,simd,1024,136,1842708,523776
4,all_overlapping,simd,1024,137,1860916,523776
4,all_overlapping,simd,1024,138,1862958,523776
4,all_overlapping,simd,1024,139,1860250,523776
4,all_overlapping,simd,1024,140,1863250,523776
4,all_overlapping,simd,1024,141,1861584,523776
4,all_overlapping,simd,1024,142,1867625,523776
4,all_overlapping,simd,1024,143,1867792,523776
4,all_overlapping,simd,1024,144,1862500,523776
4,all_overlapping,simd,1024,145,1854667,523776
4,all_overlapping,simd,1024,146,1856625,523776
4,all_overlapping,simd,1024,147,1858791,523776
4,all_overlapping,simd,1024,148,1861500,523776
4,all_overlapping,simd,1024,149,1859458,523776
4,all_overlapping,simd,1024,150,1844667,523776
4,all_overlapping,simd,1024,151,1827333,523776
4,all_overlapping,simd,1024,152,1826666,523776
4,all_overlapping,simd,1024,153,1825958,523776
4,all_overlapping,simd,1024,154,1830542,523776
4,all_overlapping,simd,1024,155,1824125,523776
4,all_overlapping,simd,1024,156,1827791,523776
4,all_overlapping,simd,1024,157,1826292,523776
4,all_overlapping,simd,1024,158,1826166,523776
4,all_overlapping,simd,1024,159,1831959,523776
4,all_overlapping,simd,1024,160,1825375,523776
4,all_overlapping,simd,1024,161,1842083,523776
4,all_overlapping,simd,1024,162,1844166,523776
4,all_overlapping,simd,1024,163,1858792,523776
4,all_overlapping,simd,1024,164,1856791,523776
4,all_overlapping,simd,1024,165,1862083,523776
4,all_overlapping,simd,1024,166,1855250,523776
4,all_overlapping,simd,1024,167,1865209,523776
4,all_overlapping,simd,1024,168,1852291,523776
4,all_overlapping,simd,1024,169,1872833,523776
4,all_overlapping,simd,1024,170,1874292,523776
4,all_overlapping,simd,1024,171,1863875,523776
4,all_overlapping,simd,1024,172,1853791,523776
4,all_overlapping,simd,1024,173,1853875,523776
4,all_overlapping,simd,1024,174,1862750,523776
4,all_overlapping,simd,1024,175,1849916,523776
4,all_overlapping,simd,1024,176,1859959,523776
4,all_overlapping,simd,1024,177,1857416,523776
4,all_overlapping,simd,1024,178,1833084,523776
4,all_overlapping,simd,1024,179,1825000,523776
4,all_overlapping,simd,1024,180,1834000,523776
4,all_overlapping,simd,1024,181,1830042,523776
4,all_overlapping,simd,1024,182,1842125,523776
4,all_overlapping,simd,1024,183,1832208,523776
4,all_overlapping,simd,1024,184,1827916,523776
4,all_overlapping,simd,1024,185,1829042,523776
4,all_overlapping,simd,1024,186,1860750,523776
4,all_overlapping,simd,1024,187,1831750,523776
4,all_overlapping,simd,1024,188,1827458,523776
4,all_overlapping,simd,1024,189,1838625,523776
4,all_overlapping,simd,1024,190,1831667,523776
4,all_overlapping,simd,1024,191,1826875,523776
4,all_overlapping,simd,1024,192,1837375,523776
4,all_overlapping,simd,1024,193,1826958,523776
4,all_overlapping,simd,1024,194,1828458,523776
4,all_overlapping,simd,1024,195,1826625,523776
4,all_overlapping,simd,1024,196,1831208,523776
4,all_overlapping,simd,1024,197,1833834,523776
4,all_overlapping,simd,1024,198,1835292,523776
4,all_overlapping,simd,1024,199,1842292,523776
4,all_overlapping,simd,1024,200,1823541,523776
4,all_overlapping,simd,1024,201,1823417,523776
4,all_overlapping,simd,1024,202,1829666,523776
4,all_overlapping,simd,1024,203,1832834,523776
4,all_overlapping,simd,1024,204,1828792,523776
4,all_overlapping,simd,1024,205,1829791,523776
4,all_overlapping,simd,1024,206,1826000,523776
4,all_overlapping,simd,1024,207,1830542,523776
4,all_overlapping,simd,1024,208,1832333,523776
4,all_overlapping,simd,1024,209,1828417,523776
4,all_overlapping,simd,1024,210,1830167,523776
4,all_overlapping,simd,1024,211,1826125,523776
4,all_overlapping,simd,1024,212,1828709,523776
4,all_overlapping,simd,1024,213,1830083,523776
4,all_overlapping,simd,1024,214,1851250,523776
4,all_overlapping,simd,1024,215,1837000,523776
4,all_overlapping,simd,1024,216,1830458,523776
4,all_overlapping,simd,1024,217,1847333,523776
4,all_overlapping,simd,1024,218,1827167,523776
4,all_overlapping,simd,1024,219,1828625,523776
4,all_overlapping,simd,1024,220,1826000,523776
4,all_overlapping,simd,1024,221,1828167,523776
4,all_overlapping,simd,1024,222,1830083,523776
4,all_overlapping,simd,1024,223,1834167,523776
4,all_overlapping,simd,1024,224,1833541,523776
4,all_overlapping,simd,1024,225,1824917,523776
4,all_overlapping,simd,1024,226,1833791,523776
4,all_overlapping,simd,1024,227,1823709,523776
4,all_overlapping,simd,1024,228,1827000,523776
4,all_overlapping,simd,1024,229,1825875,523776
4,all_overlapping,simd,1024,230,1828000,523776
4,all_overlapping,simd,1024,231,1826458,523776
4,all_overlapping,simd,1024,232,1827125,523776
4,all_overlapping,simd,1024,233,1828000,523776
4,all_overlapping,simd,1024,234,1823625,523776
4,all_overlapping,simd,1024,235,1830167,523776
4,all_overlapping,simd,1024,236,1829041,523776
4,all_overlapping,simd,1024,237,1828125,523776
4,all_overlapping,simd,1024,238,1825250,523776
4,all_overlapping,simd,1024,239,1825458,523776
4,all_overlapping,simd,1024,240,1826042,523776
4,all_overlapping,simd,1024,241,1864875,523776
4,all_overlapping,simd,1024,242,1835792,523776
4,all_overlapping,simd,1024,243,1828333,523776
4,all_overlapping,simd,1024,244,1827125,523776
4,all_overlapping,simd,1024,245,1826458,523776
4,all_overlapping,simd,1024,246,1828833,523776
4,all_overlapping,simd,1024,247,1828292,523776
4,all_overlapping,simd,1024,248,1830292,523776
4,all_overlapping,simd,1024,249,1851625,523776
4,all_overlapping,simd,1024,250,1837625,523776
4,all_overlapping,simd,1024,251,1832250,523776
4,all_overlapping,simd,1024,252,1835250,523776
4,all_overlapping,simd,1024,253,1835208,523776
4,all_overlapping,simd,1024,254,1829333,523776
4,all_overlapping,simd,1024,255,1859042,523776
4,all_overlapping,simd,1024,256,1859750,523776
4,all_overlapping,simd,1024,257,1858416,523776
4,all_overlapping,simd,1024,258,1866459,523776
4,all_overlapping,simd,1024,259,1859166,523776
4,all_overlapping,simd,1024,260,1873333,523776
4,all_overlapping,simd,1024,261,1862500,523776
4,all_overlapping,simd,1024,262,1860917,523776
4,all_overlapping,simd,1024,263,1854083,523776
4,all_overlapping,simd,1024,264,1853125,523776
4,all_overlapping,simd,1024,265,1858916,523776
4,all_overlapping,simd,1024,266,1854208,523776
4,all_overlapping,simd,1024,267,1852708,523776
4,all_overlapping,simd,1024,268,1830792,523776
4,all_overlapping,simd,1024,269,1825625,523776
4,all_overlapping,simd,1024,270,1831416,523776
4,all_overlapping,simd,1024,271,1835709,523776
4,all_overlapping,simd,1024,272,1825500,523776
4,all_overlapping,simd,1024,273,1827250,523776
4,all_overlapping,simd,1024,274,1827542,523776
4,all_overlapping,simd,1024,275,1826958,523776
4,all_overlapping,simd,1024,276,1826917,523776
4,all_overlapping,simd,1024,277,1829083,523776
4,all_overlapping,simd,1024,278,1824333,523776
4,all_overlapping,simd,1024,279,1833500,523776
4,all_overlapping,simd,1024,280,1842042,523776
4,all_overlapping,simd,1024,281,1825792,523776
4,all_overlapping,simd,1024,282,1829916,523776
4,all_overlapping,simd,1024,283,1828542,523776
4,all_overlapping,simd,1024,284,1832125,523776
4,all_overlapping,simd,1024,285,1829292,523776
4,all_overlapping,simd,1024,286,1825541,523776
4,all_overlapping,simd,1024,287,1826708,523776
4,all_overlapping,simd,1024,288,1837875,523776
4,all_overlapping,simd,1024,289,1835792,523776
4,all_overlapping,simd,1024,290,1828708,523776
4,all_overlapping,simd,1024,291,1828167,523776
4,all_overlapping,simd,1024,292,1826000,523776
4,all_overlapping,simd,1024,293,1826875,523776
4,all_overlapping,simd,1024,294,1854625,523776
4,all_overlapping,simd,1024,295,1854166,523776
4,all_overlapping,simd,1024,296,1831917,523776
4,all_overlapping,simd,1024,297,1835792,523776
4,all_overlapping,simd,1024,298,1842458,523776
4,all_overlapping,simd,1024,299,1832542,523776
